2026-08-29T06:02:23.122Z,2, 0, 275040, 0, 133.42, 34;3, 0, 275040, 0, 143.99, 41
2026-08-29T06:02:24.208Z,2, 0, 275040, 0, 133.77, 34;3, 0, 275040, 0, 143.88, 41
2026-08-29T06:02:25.354Z,2, 0, 275040, 0, 133.62, 34;3, 0, 275040, 0, 143.88, 41
2026-08-29T06:02:26.465Z,2, 0, 275040, 0, 133.64, 34;3, 0, 275040, 0, 143.84, 41
2026-08-29T06:02:27.572Z,2, 0, 275040, 0, 133.54, 34;3, 0, 275040, 0, 143.84, 41
2026-08-29T06:02:28.728Z,2, 0, 275040, 0, 133.58, 34;3, 0, 275040, 0, 143.99, 41
2026-08-29T06:02:29.857Z,2, 4, 275040, 0, 134.42, 34;3, 1, 275040, 0, 143.88, 41
2026-08-29T06:02:31.747Z,2, 4, 275040, 0, 134.42, 34;3, 4, 275040, 0, 143.88, 41
2026-08-29T06:02:32.841Z,2, 4, 275040, 0, 133.58, 34;3, 4, 275040, 0, 143.99, 41
2026-08-29T06:02:33.942Z,2, 4, 275040, 0, 133.72, 34;3, 4, 275040, 0, 143.88, 41
2026-08-29T06:02:35.073Z,2, 4, 275040, 0, 133.50, 34;3, 4, 275040, 0, 143.88, 41
2026-08-29T06:02:36.159Z,2, 4, 275040, 0, 133.66, 34;3, 4, 275040, 0, 143.88, 41
2026-08-29T06:02:37.244Z,2, 4, 275040, 0, 133.92, 34;3, 4, 275040, 0, 143.88, 41
2026-08-29T06:02:38.334Z,2, 4, 275040, 0, 133.52, 34;3, 4, 275040, 0, 143.99, 41
2026-08-29T06:02:39.421Z,2, 4, 275040, 0, 133.76, 34;3, 4, 275040, 0, 143.80, 41
2026-08-29T06:02:40.653Z,2, 4, 275040, 0, 133.60, 34;3, 4, 275040, 0, 143.80, 41
2026-08-29T06:02:41.779Z,2, 4, 275040, 0, 133.77, 34;3, 4, 275040, 0, 143.88, 41
2026-08-29T06:02:43.048Z,2, 4, 275040, 0, 133.79, 34;3, 4, 275040, 0, 143.96, 41
2026-08-29T06:02:44.167Z,2, 4, 275040, 0, 133.73, 34;3, 4, 275040, 0, 143.88, 41
2026-08-29T06:02:45.267Z,2, 4, 275040, 0, 133.54, 34;3, 4, 275040, 0, 143.88, 41
2026-08-29T06:02:46.438Z,2, 4, 275040, 0, 133.63, 34;3, 4, 275040, 0, 143.84, 41
2026-08-29T06:02:47.548Z,2, 4, 275040, 0, 133.52, 34;3, 4, 275040, 0, 143.84, 41
2026-08-29T06:02:48.736Z,2, 4, 275040, 0, 133.51, 34;3, 4, 275040, 0, 143.92, 41
2026-08-29T06:02:49.856Z,2, 732, 275040, 0, 175.66, 35;3, 4, 275040, 0, 143.84, 41
2026-08-29T06:02:50.946Z,2, 64204, 275040, 0, 192.96, 35;3, 4, 275040, 0, 143.84, 41
2026-08-29T06:02:52.060Z,2, 64204, 275040, 0, 192.85, 35;3, 4, 275040, 0, 143.80, 41
2026-08-29T06:02:53.175Z,2, 64204, 275040, 0, 193.34, 35;3, 4, 275040, 0, 143.92, 41
2026-08-29T06:02:54.324Z,2, 64204, 275040, 0, 193.31, 35;3, 4, 275040, 0, 143.84, 41
2026-08-29T06:02:55.438Z,2, 113362, 275040, 0, 193.99, 35;3, 4, 275040, 0, 143.84, 41
2026-08-29T06:02:56.573Z,2, 113362, 275040, 0, 193.24, 35;3, 4, 275040, 0, 143.76, 41
2026-08-29T06:02:57.651Z,2, 113362, 275040, 0, 193.35, 35;3, 4, 275040, 0, 143.84, 41
2026-08-29T06:02:58.776Z,2, 113362, 275040, 0, 192.96, 35;3, 4, 275040, 0, 143.84, 41
2026-08-29T06:02:59.853Z,2, 113362, 275040, 0, 192.88, 35;3, 4, 275040, 0, 143.80, 41
2026-08-29T06:03:01.043Z,2, 113362, 275040, 0, 193.04, 35;3, 4, 275040, 0, 143.84, 41
2026-08-29T06:03:03.335Z,2, 113362, 275040, 0, 193.11, 35;3, 4, 275040, 0, 143.92, 41
2026-08-29T06:03:04.514Z,2, 113362, 275040, 0, 192.96, 35;3, 4, 275040, 0, 143.76, 41
2026-08-29T06:03:05.630Z,2, 113362, 275040, 0, 192.80, 35;3, 4, 275040, 0, 143.80, 41
2026-08-29T06:03:06.732Z,2, 113362, 275040, 0, 193.45, 35;3, 4, 275040, 0, 143.76, 41
2026-08-29T06:03:07.929Z,2, 113362, 275040, 0, 192.97, 35;3, 4, 275040, 0, 143.84, 41
2026-08-29T06:03:09.025Z,2, 113362, 275040, 0, 192.99, 35;3, 4, 275040, 0, 143.61, 41
2026-08-29T06:03:10.124Z,2, 113362, 275040, 0, 193.04, 36;3, 4, 275040, 0, 143.69, 41
2026-08-29T06:03:11.300Z,2, 113844, 275040, 4, 193.65, 36;3, 4, 275040, 0, 143.57, 41
2026-08-29T06:03:12.467Z,2, 116428, 275040, 5, 194.94, 36;3, 4, 275040, 0, 143.76, 41
2026-08-29T06:03:13.888Z,2, 119230, 275040, 6, 194.67, 36;3, 4, 275040, 0, 143.69, 41
2026-08-29T06:03:14.987Z,2, 122320, 275040, 3, 194.65, 36;3, 4, 275040, 0, 143.65, 41
2026-08-29T06:03:16.093Z,2, 123394, 275040, 0, 194.93, 36;3, 4, 275040, 0, 143.61, 41
2026-08-29T06:03:17.211Z,2, 123394, 275040, 0, 194.16, 36;3, 4, 275040, 0, 143.65, 41
2026-08-29T06:03:18.374Z,2, 123394, 275040, 0, 194.28, 36;3, 4, 275040, 0, 143.84, 41
2026-08-29T06:03:19.504Z,2, 123394, 275040, 0, 194.01, 36;3, 4, 275040, 0, 143.61, 41
2026-08-29T06:03:20.593Z,2, 123394, 275040, 0, 194.11, 36;3, 4, 275040, 0, 143.69, 41
2026-08-29T06:03:21.675Z,2, 123394, 275040, 0, 194.13, 36;3, 4, 275040, 0, 143.76, 41
2026-08-29T06:03:22.901Z,2, 123394, 275040, 0, 194.07, 36;3, 4, 275040, 0, 143.80, 41
2026-08-29T06:03:24.133Z,2, 123422, 275040, 1, 193.84, 36;3, 4, 275040, 0, 143.00, 41
2026-08-29T06:03:25.219Z,2, 123422, 275040, 8, 195.55, 36;3, 4, 275040, 0, 142.91, 41
2026-08-29T06:03:26.305Z,2, 123422, 275040, 11, 195.65, 36;3, 4, 275040, 0, 142.85, 41
2026-08-29T06:03:27.450Z,2, 123422, 275040, 13, 195.49, 36;3, 4, 275040, 0, 142.77, 41
2026-08-29T06:03:28.532Z,2, 123422, 275040, 15, 195.73, 36;3, 4, 275040, 0, 142.85, 41
2026-08-29T06:03:29.641Z,2, 123422, 275040, 16, 195.57, 36;3, 4, 275040, 0, 143.02, 41
2026-08-29T06:03:30.741Z,2, 123422, 275040, 20, 195.74, 36;3, 4, 275040, 0, 142.63, 41
2026-08-29T06:03:31.820Z,2, 123422, 275040, 7, 195.82, 36;3, 4, 275040, 0, 142.89, 41
2026-08-29T06:03:32.918Z,2, 123422, 275040, 20, 195.77, 36;3, 4, 275040, 0, 142.75, 41
2026-08-29T06:03:34.042Z,2, 123422, 275040, 9, 195.59, 36;3, 4, 275040, 0, 142.67, 41
2026-08-29T06:03:35.130Z,2, 123422, 275040, 15, 196.54, 36;3, 4, 275040, 0, 142.85, 41
2026-08-29T06:03:36.209Z,2, 123422, 275040, 27, 196.89, 36;3, 4, 275040, 0, 142.93, 41
2026-08-29T06:03:37.371Z,2, 123422, 275040, 26, 197.27, 36;3, 4, 275040, 0, 142.81, 41
2026-08-29T06:03:38.489Z,2, 123422, 275040, 14, 196.90, 36;3, 4, 275040, 0, 142.99, 41
2026-08-29T06:03:39.571Z,2, 123422, 275040, 0, 195.48, 36;3, 4, 275040, 0, 142.95, 41
2026-08-29T06:03:40.688Z,2, 119614, 275040, 0, 194.17, 36;3, 4, 275040, 0, 142.85, 41
2026-08-29T06:03:41.768Z,2, 119682, 275040, 0, 193.57, 36;3, 4, 275040, 0, 142.91, 41
2026-08-29T06:03:42.990Z,2, 119682, 275040, 0, 193.24, 36;3, 4, 275040, 0, 143.12, 41
2026-08-29T06:03:44.105Z,2, 119682, 275040, 0, 193.39, 36;3, 4, 275040, 0, 142.77, 41
2026-08-29T06:03:45.252Z,2, 119682, 275040, 0, 193.35, 36;3, 4, 275040, 0, 143.14, 41
2026-08-29T06:03:46.365Z,2, 119682, 275040, 0, 193.20, 36;3, 4, 275040, 0, 142.79, 41
2026-08-29T06:03:47.498Z,2, 119682, 275040, 0, 193.53, 36;3, 4, 275040, 0, 143.00, 41
2026-08-29T06:03:48.686Z,2, 119682, 275040, 0, 193.43, 36;3, 4, 275040, 0, 143.07, 41
2026-08-29T06:03:49.794Z,2, 119682, 275040, 0, 193.26, 36;3, 4, 275040, 0, 142.81, 41
2026-08-29T06:03:51.029Z,2, 119682, 275040, 0, 193.38, 36;3, 4, 275040, 0, 142.83, 41
2026-08-29T06:03:52.123Z,2, 119682, 275040, 0, 193.64, 36;3, 4, 275040, 0, 142.77, 41
2026-08-29T06:03:53.273Z,2, 119682, 275040, 0, 193.32, 36;3, 4, 275040, 0, 143.00, 41
2026-08-29T06:03:54.389Z,2, 119682, 275040, 0, 193.34, 36;3, 4, 275040, 0, 143.04, 41
2026-08-29T06:03:55.540Z,2, 119682, 275040, 0, 193.59, 36;3, 4, 275040, 0, 142.99, 41
2026-08-29T06:03:56.691Z,2, 119682, 275040, 0, 193.53, 36;3, 4, 275040, 0, 142.89, 41
2026-08-29T06:03:57.819Z,2, 119682, 275040, 0, 193.51, 36;3, 730, 275040, 0, 203.71, 42
2026-08-29T06:03:58.888Z,2, 119682, 275040, 0, 193.34, 36;3, 730, 275040, 0, 203.89, 42
2026-08-29T06:04:00.031Z,2, 119682, 275040, 0, 193.68, 36;3, 732, 275040, 0, 204.13, 42
2026-08-29T06:04:01.166Z,2, 119682, 275040, 0, 193.27, 36;3, 778, 275040, 0, 203.96, 42
2026-08-29T06:04:02.250Z,2, 119682, 275040, 0, 193.66, 36;3, 780, 275040, 11, 204.07, 42
2026-08-29T06:04:03.320Z,2, 119682, 275040, 0, 193.55, 36;3, 44288, 275040, 5, 206.87, 42
2026-08-29T06:04:04.463Z,2, 119682, 275040, 0, 193.76, 36;3, 53240, 275040, 4, 205.54, 42
2026-08-29T06:04:06.739Z,2, 119682, 275040, 0, 193.82, 36;3, 55826, 275040, 9, 205.91, 42
2026-08-29T06:04:07.853Z,2, 119682, 275040, 0, 193.72, 36;3, 63782, 275040, 26, 207.04, 42
2026-08-29T06:04:08.933Z,2, 119682, 275040, 0, 193.55, 36;3, 70480, 275040, 10, 206.69, 43
2026-08-29T06:04:10.048Z,2, 119682, 275040, 0, 193.51, 36;3, 70642, 275040, 0, 204.58, 43
2026-08-29T06:04:11.124Z,2, 119682, 275040, 0, 193.51, 36;3, 70642, 275040, 0, 204.67, 43
2026-08-29T06:04:12.235Z,2, 119682, 275040, 0, 193.76, 36;3, 70674, 275040, 22, 205.44, 43
2026-08-29T06:04:13.341Z,2, 119682, 275040, 0, 193.67, 36;3, 70674, 275040, 22, 207.58, 43
2026-08-29T06:04:14.575Z,2, 119682, 275040, 0, 193.41, 36;3, 70674, 275040, 23, 207.46, 43
2026-08-29T06:04:15.680Z,2, 119682, 275040, 0, 193.47, 36;3, 70674, 275040, 23, 207.50, 43
2026-08-29T06:04:16.769Z,2, 119682, 275040, 0, 193.87, 36;3, 71842, 275040, 7, 206.94, 43
2026-08-29T06:04:17.854Z,2, 119682, 275040, 0, 193.90, 36;3, 78038, 275040, 1, 206.73, 43
2026-08-29T06:04:19.199Z,2, 119682, 275040, 0, 193.91, 36;3, 78518, 275040, 0, 205.94, 43
2026-08-29T06:04:20.303Z,2, 119682, 275040, 0, 193.52, 36;3, 78518, 275040, 0, 205.84, 43
2026-08-29T06:04:21.428Z,2, 119682, 275040, 0, 193.71, 36;3, 83348, 275040, 16, 321.80, 47
2026-08-29T06:04:22.507Z,2, 119682, 275040, 0, 193.93, 36;3, 83446, 275040, 0, 229.41, 44
2026-08-29T06:04:23.585Z,2, 119682, 275040, 0, 193.73, 36;3, 84580, 275040, 0, 228.05, 43
2026-08-29T06:04:24.657Z,2, 119682, 275040, 0, 193.71, 36;3, 84580, 275040, 0, 205.85, 43
2026-08-29T06:04:25.755Z,2, 119682, 275040, 0, 193.71, 36;3, 84582, 275040, 100, 609.71, 58
2026-08-29T06:04:26.861Z,2, 119682, 275040, 0, 193.77, 36;3, 84582, 275040, 100, 1074.51, 59
2026-08-29T06:04:27.942Z,2, 119682, 275040, 0, 193.85, 36;3, 84584, 275040, 0, 406.74, 46
2026-08-29T06:04:29.112Z,2, 119682, 275040, 0, 193.65, 36;3, 84584, 275040, 0, 207.92, 45
2026-08-29T06:04:30.188Z,2, 119684, 275040, 0, 194.16, 36;3, 84584, 275040, 0, 207.58, 44
2026-08-29T06:04:31.542Z,2, 120626, 275040, 0, 194.85, 36;3, 84584, 275040, 0, 207.63, 44
2026-08-29T06:04:32.631Z,2, 120656, 275040, 2, 194.50, 36;3, 84584, 275040, 0, 207.67, 44
2026-08-29T06:04:33.768Z,2, 121030, 275040, 1, 213.66, 36;3, 84584, 275040, 0, 207.75, 44
2026-08-29T06:04:34.839Z,2, 121072, 275040, 0, 194.56, 36;3, 84584, 275040, 0, 207.63, 44
2026-08-29T06:04:36.004Z,2, 126036, 275040, 100, 447.94, 48;3, 84584, 275040, 0, 207.63, 44
2026-08-29T06:04:37.081Z,2, 126036, 275040, 100, 1028.87, 53;3, 84584, 275040, 0, 207.58, 44
2026-08-29T06:04:38.226Z,2, 126036, 275040, 100, 1058.08, 55;3, 84584, 275040, 0, 207.72, 44
2026-08-29T06:04:39.340Z,2, 126036, 275040, 100, 1061.01, 57;3, 84584, 275040, 0, 207.29, 44
2026-08-29T06:04:40.473Z,2, 136158, 275040, 7, 523.45, 41;3, 84584, 275040, 0, 207.50, 44
2026-08-29T06:04:41.545Z,2, 136158, 275040, 0, 196.77, 39;3, 84584, 275040, 0, 207.63, 44
2026-08-29T06:04:42.678Z,2, 136158, 275040, 0, 196.51, 39;3, 84584, 275040, 100, 1013.20, 60
2026-08-29T06:04:43.814Z,2, 136158, 275040, 0, 196.35, 38;3, 84584, 275040, 84, 931.18, 51
2026-08-29T06:04:44.946Z,2, 136158, 275040, 94, 262.27, 42;3, 84584, 275040, 0, 210.18, 46
2026-08-29T06:04:46.113Z,2, 136158, 275040, 100, 1069.35, 55;3, 84584, 275040, 0, 208.64, 45
2026-08-29T06:04:47.262Z,2, 136158, 275040, 99, 1089.18, 55;3, 84584, 275040, 0, 207.97, 45
2026-08-29T06:04:48.346Z,2, 136158, 275040, 100, 1076.46, 58;3, 84584, 275040, 0, 208.08, 45
2026-08-29T06:04:49.489Z,2, 136158, 275040, 0, 852.06, 44;3, 84584, 275040, 0, 207.93, 45
2026-08-29T06:04:50.569Z,2, 136158, 275040, 0, 198.49, 41;3, 84584, 275040, 24, 360.43, 50
2026-08-29T06:04:51.729Z,2, 136158, 275040, 0, 197.56, 40;3, 84584, 275040, 100, 1080.67, 61
2026-08-29T06:04:52.813Z,2, 136158, 275040, 0, 196.66, 40;3, 84584, 275040, 0, 682.93, 48
2026-08-29T06:04:53.969Z,2, 136158, 275040, 66, 346.02, 50;3, 84584, 275040, 0, 210.08, 46
2026-08-29T06:04:55.103Z,2, 136158, 275040, 100, 1067.04, 55;3, 84584, 275040, 0, 209.55, 46
2026-08-29T06:04:56.200Z,2, 136158, 275040, 100, 1083.04, 55;3, 84584, 275040, 0, 209.05, 46
2026-08-29T06:04:57.316Z,2, 136158, 275040, 100, 1077.01, 56;3, 84584, 275040, 0, 208.42, 45
2026-08-29T06:04:58.400Z,2, 136158, 275040, 0, 759.19, 43;3, 84584, 275040, 0, 208.38, 45
2026-08-29T06:04:59.506Z,2, 136158, 275040, 0, 198.52, 41;3, 84584, 275040, 61, 399.19, 53
2026-08-29T06:05:00.620Z,2, 136158, 275040, 0, 198.06, 40;3, 84584, 275040, 100, 1070.03, 59
2026-08-29T06:05:01.773Z,2, 136158, 275040, 0, 197.45, 40;3, 84584, 275040, 0, 618.91, 48
2026-08-29T06:05:02.881Z,2, 136158, 275040, 100, 442.15, 51;3, 84584, 275040, 0, 210.09, 46
2026-08-29T06:05:04.034Z,2, 136158, 275040, 100, 1052.56, 54;3, 84584, 275040, 0, 209.52, 46
2026-08-29T06:05:05.150Z,2, 136158, 275040, 100, 1072.80, 55;3, 84584, 275040, 0, 208.84, 46
2026-08-29T06:05:06.230Z,2, 136158, 275040, 100, 1078.96, 59;3, 84584, 275040, 0, 208.50, 46
2026-08-29T06:05:07.340Z,2, 136158, 275040, 0, 623.03, 43;3, 84584, 275040, 0, 208.19, 45
2026-08-29T06:05:08.418Z,2, 136158, 275040, 0, 198.64, 41;3, 84584, 275040, 100, 525.40, 58
2026-08-29T06:05:09.506Z,2, 136158, 275040, 0, 198.45, 41;3, 84584, 275040, 100, 1072.01, 62
2026-08-29T06:05:10.615Z,2, 136158, 275040, 0, 197.79, 40;3, 84584, 275040, 0, 502.67, 48
2026-08-29T06:05:11.752Z,2, 136158, 275040, 100, 498.24, 51;3, 84584, 275040, 0, 210.17, 46
2026-08-29T06:05:12.885Z,2, 136158, 275040, 100, 1066.51, 54;3, 84584, 275040, 0, 209.83, 46
2026-08-29T06:05:14.001Z,2, 136160, 275040, 99, 1066.16, 58;3, 84584, 275040, 0, 209.56, 46
2026-08-29T06:05:15.115Z,2, 136160, 275040, 100, 1070.20, 58;3, 84584, 275040, 0, 209.41, 46
2026-08-29T06:05:16.213Z,2, 136160, 275040, 99, 1070.38, 59;3, 84584, 275040, 0, 208.82, 46
2026-08-29T06:05:17.332Z,2, 136160, 275040, 100, 1061.93, 57;3, 84584, 275040, 0, 208.54, 45
2026-08-29T06:05:18.420Z,2, 136160, 275040, 100, 1059.87, 60;3, 84584, 275040, 0, 208.04, 45
2026-08-29T06:05:21.515Z,2, 148262, 275040, 0, 476.10, 44;3, 84584, 275040, 0, 207.86, 45
2026-08-29T06:05:22.602Z,2, 148262, 275040, 0, 199.98, 42;3, 84584, 275040, 0, 207.82, 45
2026-08-29T06:05:23.677Z,2, 148262, 275040, 0, 198.64, 42;3, 85610, 275040, 62, 513.43, 53
2026-08-29T06:05:24.778Z,2, 148262, 275040, 0, 198.45, 41;3, 87808, 275040, 0, 210.21, 45
2026-08-29T06:05:25.884Z,2, 148262, 275040, 0, 198.45, 41;3, 87808, 275040, 0, 208.27, 45
2026-08-29T06:05:27.107Z,2, 148262, 275040, 0, 198.37, 41;3, 87808, 275040, 0, 211.81, 45
2026-08-29T06:05:28.216Z,2, 148262, 275040, 0, 197.72, 40;3, 87808, 275040, 0, 207.88, 45
2026-08-29T06:05:29.361Z,2, 148262, 275040, 0, 197.41, 40;3, 87808, 275040, 0, 207.85, 45
2026-08-29T06:05:30.688Z,2, 148262, 275040, 0, 196.90, 40;3, 87808, 275040, 0, 207.62, 45
2026-08-29T06:05:31.769Z,2, 148262, 275040, 0, 196.76, 39;3, 87808, 275040, 0, 207.43, 45
2026-08-29T06:05:32.907Z,2, 148262, 275040, 0, 196.45, 39;3, 87808, 275040, 60, 231.21, 45
2026-08-29T06:05:33.992Z,2, 148262, 275040, 0, 196.38, 39;3, 87808, 275040, 0, 368.59, 47
2026-08-29T06:05:35.126Z,2, 148262, 275040, 0, 196.41, 39;3, 87810, 275040, 0, 456.51, 47
2026-08-29T06:05:36.193Z,2, 148262, 275040, 0, 196.35, 39;3, 88792, 275040, 100, 497.79, 57
2026-08-29T06:05:37.268Z,2, 148262, 275040, 0, 196.58, 38;3, 88792, 275040, 100, 1084.87, 61
2026-08-29T06:05:38.348Z,2, 148262, 275040, 0, 196.35, 38;3, 88792, 275040, 100, 1086.89, 64
2026-08-29T06:05:39.658Z,2, 148262, 275040, 0, 196.08, 38;3, 88792, 275040, 100, 1087.23, 63
2026-08-29T06:05:40.750Z,2, 148262, 275040, 0, 195.78, 38;3, 91640, 275040, 0, 363.95, 47
2026-08-29T06:05:41.875Z,2, 148262, 275040, 0, 195.69, 38;3, 91640, 275040, 0, 210.43, 46
2026-08-29T06:05:42.952Z,2, 148262, 275040, 100, 762.23, 51;3, 91640, 275040, 0, 209.84, 46
2026-08-29T06:05:44.087Z,2, 148262, 275040, 100, 1062.72, 55;3, 91640, 275040, 0, 209.27, 46
2026-08-29T06:05:45.198Z,2, 148262, 275040, 100, 1066.91, 56;3, 91640, 275040, 0, 208.90, 45
2026-08-29T06:05:46.333Z,2, 148262, 275040, 100, 1070.60, 58;3, 91640, 275040, 0, 208.23, 45
2026-08-29T06:05:47.448Z,2, 148262, 275040, 100, 1064.63, 56;3, 91640, 275040, 0, 208.07, 45
2026-08-29T06:05:48.583Z,2, 148262, 275040, 100, 1056.15, 56;3, 91640, 275040, 0, 207.88, 45
2026-08-29T06:05:49.698Z,2, 148262, 275040, 100, 1061.40, 56;3, 91640, 275040, 0, 207.77, 45
2026-08-29T06:05:50.823Z,2, 148262, 275040, 100, 1060.90, 56;3, 91640, 275040, 0, 207.81, 45
2026-08-29T06:05:51.932Z,2, 148262, 275040, 0, 855.74, 46;3, 91640, 275040, 0, 207.78, 45
2026-08-29T06:05:53.044Z,2, 148262, 275040, 0, 199.21, 41;3, 91640, 275040, 0, 207.83, 44
2026-08-29T06:05:54.115Z,2, 148262, 275040, 0, 198.61, 41;3, 91640, 275040, 99, 469.12, 56
2026-08-29T06:05:55.256Z,2, 148262, 275040, 0, 197.92, 40;3, 91640, 275040, 100, 1088.14, 62
2026-08-29T06:05:56.409Z,2, 148262, 275040, 0, 197.19, 40;3, 91640, 275040, 100, 1080.11, 62
2026-08-29T06:05:57.536Z,2, 148262, 275040, 0, 196.66, 39;3, 91640, 275040, 100, 1081.01, 62
2026-08-29T06:05:58.688Z,2, 148262, 275040, 0, 196.58, 39;3, 91640, 275040, 5, 750.10, 50
2026-08-29T06:05:59.789Z,2, 148262, 275040, 0, 196.51, 39;3, 91640, 275040, 0, 211.34, 47
2026-08-29T06:06:00.890Z,2, 148262, 275040, 48, 402.10, 50;3, 91640, 275040, 0, 209.74, 46
2026-08-29T06:06:02.093Z,2, 148262, 275040, 100, 1061.32, 54;3, 91640, 275040, 0, 209.48, 46
2026-08-29T06:06:03.204Z,2, 148262, 275040, 99, 1052.61, 56;3, 91640, 275040, 0, 209.37, 46
2026-08-29T06:06:04.347Z,2, 148262, 275040, 100, 1062.18, 57;3, 91640, 275040, 0, 208.67, 45
2026-08-29T06:06:05.457Z,2, 148262, 275040, 99, 1045.93, 55;3, 91640, 275040, 0, 208.29, 45
2026-08-29T06:06:06.641Z,2, 148262, 275040, 100, 1056.69, 56;3, 91640, 275040, 0, 208.19, 45
2026-08-29T06:06:09.086Z,2, 148262, 275040, 100, 1063.34, 56;3, 91640, 275040, 0, 207.77, 45
2026-08-29T06:06:10.197Z,2, 148262, 275040, 99, 973.51, 52;3, 91640, 275040, 0, 207.78, 45
2026-08-29T06:06:11.335Z,2, 148262, 275040, 0, 200.56, 42;3, 91640, 275040, 0, 207.78, 45
2026-08-29T06:06:12.443Z,2, 148262, 275040, 0, 198.49, 41;3, 91640, 275040, 100, 391.02, 54
2026-08-29T06:06:13.584Z,2, 148262, 275040, 0, 198.45, 41;3, 91640, 275040, 100, 971.34, 63
2026-08-29T06:06:14.660Z,2, 148262, 275040, 0, 198.21, 40;3, 91640, 275040, 100, 1085.37, 62
2026-08-29T06:06:15.993Z,2, 148262, 275040, 0, 197.99, 40;3, 91640, 275040, 100, 1084.85, 64
2026-08-29T06:06:17.111Z,2, 148262, 275040, 0, 197.40, 40;3, 91640, 275040, 2, 746.58, 49
2026-08-29T06:06:18.244Z,2, 148262, 275040, 0, 196.81, 40;3, 91640, 275040, 0, 211.73, 47
2026-08-29T06:06:19.370Z,2, 148262, 275040, 100, 564.03, 53;3, 91640, 275040, 0, 209.99, 46
2026-08-29T06:06:20.722Z,2, 148262, 275040, 100, 1062.21, 55;3, 91640, 275040, 0, 209.80, 46
2026-08-29T06:06:21.818Z,2, 148262, 275040, 100, 1061.19, 57;3, 91640, 275040, 0, 209.68, 46
2026-08-29T06:06:22.895Z,2, 148262, 275040, 100, 1069.01, 57;3, 91640, 275040, 0, 209.52, 46
2026-08-29T06:06:23.985Z,2, 148262, 275040, 99, 1062.43, 57;3, 91640, 275040, 0, 209.14, 46
2026-08-29T06:06:25.087Z,2, 148262, 275040, 100, 1073.38, 57;3, 91640, 275040, 0, 208.79, 45
2026-08-29T06:06:26.298Z,2, 148262, 275040, 99, 1052.97, 60;3, 91640, 275040, 0, 208.33, 45
2026-08-29T06:06:27.382Z,2, 148262, 275040, 100, 1070.20, 56;3, 91640, 275040, 0, 207.79, 45
2026-08-29T06:06:28.482Z,2, 148262, 275040, 98, 1062.67, 61;3, 91640, 275040, 0, 208.09, 45
2026-08-29T06:06:29.596Z,2, 148262, 275040, 0, 216.73, 43;3, 91640, 275040, 0, 207.86, 45
2026-08-29T06:06:30.689Z,2, 148262, 275040, 0, 198.78, 42;3, 91640, 275040, 0, 207.78, 45
2026-08-29T06:06:31.785Z,2, 148262, 275040, 0, 198.47, 41;3, 91640, 275040, 100, 974.82, 63
2026-08-29T06:06:33.117Z,2, 148262, 275040, 0, 198.40, 41;3, 91640, 275040, 100, 1088.09, 63
2026-08-29T06:06:34.195Z,2, 148262, 275040, 0, 198.37, 40;3, 91640, 275040, 100, 1075.04, 63
2026-08-29T06:06:35.303Z,2, 148262, 275040, 0, 197.65, 40;3, 91640, 275040, 99, 1018.89, 57
2026-08-29T06:06:36.382Z,2, 148262, 275040, 0, 197.23, 40;3, 91640, 275040, 0, 212.94, 47
2026-08-29T06:06:37.524Z,2, 148262, 275040, 0, 196.93, 40;3, 91640, 275040, 0, 210.83, 47
2026-08-29T06:06:38.610Z,2, 148262, 275040, 0, 196.84, 39;3, 91640, 275040, 0, 210.14, 46
2026-08-29T06:06:39.720Z,2, 148262, 275040, 0, 196.66, 39;3, 91640, 275040, 0, 209.80, 46
2026-08-29T06:06:40.811Z,2, 148262, 275040, 0, 196.70, 39;3, 91640, 275040, 0, 209.72, 46
2026-08-29T06:06:41.895Z,2, 4, 275040, 0, 203.76, 39;3, 91640, 275040, 0, 209.64, 46
2026-08-29T06:06:42.967Z,2, 4, 275040, 0, 159.92, 38;3, 91640, 275040, 0, 209.41, 46
2026-08-29T06:06:44.039Z,2, 4, 275040, 0, 139.92, 37;3, 91640, 275040, 0, 209.10, 46
2026-08-29T06:06:45.143Z,2, 4, 275040, 0, 137.54, 37;3, 91640, 275040, 0, 208.76, 45
2026-08-29T06:06:46.220Z,2, 4, 275040, 0, 136.18, 37;3, 91640, 275040, 0, 208.32, 45
2026-08-29T06:06:47.295Z,2, 4, 275040, 0, 135.12, 37;3, 91640, 275040, 0, 208.05, 45
2026-08-29T06:06:48.374Z,2, 4, 275040, 0, 134.42, 36;3, 91632, 275040, 0, 208.22, 45
2026-08-29T06:06:49.515Z,2, 4, 275040, 0, 134.42, 36;3, 4, 275040, 0, 212.82, 45
2026-08-29T06:06:50.627Z,2, 4, 275040, 0, 134.42, 36;3, 4, 275040, 0, 180.75, 44
2026-08-29T06:06:51.714Z,2, 4, 275040, 0, 134.54, 36;3, 4, 275040, 0, 147.58, 43
2026-08-29T06:06:52.869Z,2, 4, 275040, 0, 134.42, 36;3, 4, 275040, 0, 145.55, 43
2026-08-29T06:06:53.992Z,2, 0, 275040, 0, 134.42, 36;3, 0, 275040, 0, 144.50, 43
