mode,metric,physical_gpu,window,sample_count,max_mhz,mean_mhz,first_timestamp_ns,last_timestamp_ns
bf16-base,gpc,0,full_capture,29039,2377.5374,2208.7872009694547,-182255295,30835689332
bf16-base,gpc,0,timestamps_inside_fine_vsa_kernels,2638,2377.3191,2366.615141243366,3764874436,22084821733
bf16-base,gpc,1,full_capture,29170,2377.5293,2226.968657981899,-152718510,31031134207
bf16-base,gpc,1,timestamps_inside_fine_vsa_kernels,2641,2377.3253,2368.054415858387,3762535875,22085363246
bf16-base,gpc,2,full_capture,28893,2377.56,2240.5990521587237,-237419266,30430202405
bf16-base,gpc,2,timestamps_inside_fine_vsa_kernels,2641,2377.56,2370.410389700871,3768769616,22085379840
bf16-base,gpc,3,full_capture,28902,2377.5205,2194.8478225594768,-210501477,30611553147
bf16-base,gpc,3,timestamps_inside_fine_vsa_kernels,2686,2377.0224,2330.652892702904,3772064903,22085334644
bf16-base,gpc,4,full_capture,29628,2586.2643,2272.590282219826,-40620363,31707277720
bf16-base,gpc,4,timestamps_inside_fine_vsa_kernels,2643,2542.6632,2368.8409830874007,3773258804,22085256537
bf16-base,gpc,5,full_capture,29733,2591.81,2325.0974506794137,919613,31927403169
bf16-base,gpc,5,timestamps_inside_fine_vsa_kernels,2593,2554.2046,2417.2233921326647,3776500347,22084587081
bf16-base,gpc,6,full_capture,29396,2642.4253,2336.9020411945503,-121037503,31240251972
bf16-base,gpc,6,timestamps_inside_fine_vsa_kernels,2590,2613.1655,2420.4007642471042,3776433243,22084397265
bf16-base,gpc,7,full_capture,28287,1950.0518,1946.3366275400715,-78966524,31464088822
bf16-base,gpc,7,timestamps_inside_fine_vsa_kernels,3201,1950.0305,1948.2195528897219,3749897128,22088163556
bf16-base,sys,0,full_capture,29039,2163.863,1987.325482420469,-182255295,30835689332
bf16-base,sys,0,timestamps_inside_fine_vsa_kernels,2638,2162.992,2142.9139696739953,3764874436,22084821733
bf16-base,sys,1,full_capture,29170,2167.536,2014.0891618477203,-152718510,31031134207
bf16-base,sys,1,timestamps_inside_fine_vsa_kernels,2641,2167.346,2161.612771031049,3762535875,22085363246
bf16-base,sys,2,full_capture,28893,2164.834,2024.8043248891772,-237419266,30430202405
bf16-base,sys,2,timestamps_inside_fine_vsa_kernels,2641,2163.665,2151.659855357819,3768769616,22085379840
bf16-base,sys,3,full_capture,28902,2167.564,1992.3267265225245,-210501477,30611553147
bf16-base,sys,3,timestamps_inside_fine_vsa_kernels,2686,2167.539,2144.820483246463,3772064903,22085334644
bf16-base,sys,4,full_capture,29628,2304.344,2007.684595973876,-40620363,31707277720
bf16-base,sys,4,timestamps_inside_fine_vsa_kernels,2643,2301.407,2147.07211312902,3773258804,22085256537
bf16-base,sys,5,full_capture,29733,2321.308,2037.6917956357247,919613,31927403169
bf16-base,sys,5,timestamps_inside_fine_vsa_kernels,2593,2318.594,2183.230324720401,3776500347,22084587081
bf16-base,sys,6,full_capture,29396,2375.238,2077.9379789672744,-121037503,31240251972
bf16-base,sys,6,timestamps_inside_fine_vsa_kernels,2590,2373.906,2198.811242857143,3776433243,22084397265
bf16-base,sys,7,full_capture,28287,1797.424,1736.7682095851806,-78966524,31464088822
bf16-base,sys,7,timestamps_inside_fine_vsa_kernels,3201,1795.268,1786.5315763823805,3749897128,22088163556
bf16-overlap,gpc,0,full_capture,28837,2377.5168,2185.730057981829,-201792363,30652179361
bf16-overlap,gpc,0,timestamps_inside_fine_vsa_kernels,2678,2377.0864,2334.431527445855,3916282806,21700890847
bf16-overlap,gpc,1,full_capture,28885,2377.5623,2207.763752802389,-171127169,30841046823
bf16-overlap,gpc,1,timestamps_inside_fine_vsa_kernels,2647,2377.4563,2360.6042405364565,3890889165,21701099380
bf16-overlap,gpc,2,full_capture,28591,2377.843226,2224.9890750827535,-258265578,30275845349
bf16-overlap,gpc,2,timestamps_inside_fine_vsa_kernels,2653,2377.5069,2365.4025090463624,3910607044,21701101859
bf16-overlap,gpc,3,full_capture,28673,2377.5585,2169.0230939895023,-230767514,30449881635
bf16-overlap,gpc,3,timestamps_inside_fine_vsa_kernels,2757,2375.2394,2273.0732319550234,3906391183,21701772810
bf16-overlap,gpc,4,full_capture,29408,2586.7766,2246.5943048013805,-45790138,31616699664
bf16-overlap,gpc,4,timestamps_inside_fine_vsa_kernels,2679,2539.7103,2325.330782008212,3910931925,21700829495
bf16-overlap,gpc,5,full_capture,29530,2589.1833,2289.551286058449,891488,31852185855
bf16-overlap,gpc,5,timestamps_inside_fine_vsa_kernels,2642,2548.4741,2378.725582664648,3914410153,21701132807
bf16-overlap,gpc,6,full_capture,29220,2640.3855,2318.9591279112938,-137983994,31098118050
bf16-overlap,gpc,6,timestamps_inside_fine_vsa_kernels,2650,2591.3856,2377.1816649433963,3922385378,21701146093
bf16-overlap,gpc,7,full_capture,28212,1950.091,1946.1117931043527,-85251544,31385586657
bf16-overlap,gpc,7,timestamps_inside_fine_vsa_kernels,3207,1950.0691,1948.1014540380418,3922630295,21704292373
bf16-overlap,sys,0,full_capture,28837,2166.42,1966.3102929861982,-201792363,30652179361
bf16-overlap,sys,0,timestamps_inside_fine_vsa_kernels,2678,2162.269,2124.742652352502,3916282806,21700890847
bf16-overlap,sys,1,full_capture,28885,2167.559,1996.8966892724252,-171127169,30841046823
bf16-overlap,sys,1,timestamps_inside_fine_vsa_kernels,2647,2167.27,2159.013910086891,3890889165,21701099380
bf16-overlap,sys,2,full_capture,28591,2164.58,2006.2578450178378,-258265578,30275845349
bf16-overlap,sys,2,timestamps_inside_fine_vsa_kernels,2653,2162.874,2150.0322781756504,3910607044,21701101859
bf16-overlap,sys,3,full_capture,28673,2167.553,1968.4731105829178,-230767514,30449881635
bf16-overlap,sys,3,timestamps_inside_fine_vsa_kernels,2757,2166.365,2116.5089096844395,3906391183,21701772810
bf16-overlap,sys,4,full_capture,29408,2304.635,1977.8021321458107,-45790138,31616699664
bf16-overlap,sys,4,timestamps_inside_fine_vsa_kernels,2679,2292.442,2111.2535998506905,3910931925,21700829495
bf16-overlap,sys,5,full_capture,29530,2321.159,2007.859524987064,891488,31852185855
bf16-overlap,sys,5,timestamps_inside_fine_vsa_kernels,2642,2310.511,2151.9760435276307,3914410153,21701132807
bf16-overlap,sys,6,full_capture,29220,2374.841,2055.234124835729,-137983994,31098118050
bf16-overlap,sys,6,timestamps_inside_fine_vsa_kernels,2650,2359.622,2168.7479841509435,3922385378,21701146093
bf16-overlap,sys,7,full_capture,28212,1798.563,1731.3245043004395,-85251544,31385586657
bf16-overlap,sys,7,timestamps_inside_fine_vsa_kernels,3207,1796.859,1786.8242712815716,3922630295,21704292373
fp8-base,gpc,0,full_capture,24335,2377.5322,2259.683592892747,-192382789,25976170073
fp8-base,gpc,0,timestamps_inside_fine_vsa_kernels,2636,2377.4136,2369.16977245827,3535525730,17376123112
fp8-base,gpc,1,full_capture,24431,2377.558306,2273.9312575688264,-162545317,26244464548
fp8-base,gpc,1,timestamps_inside_fine_vsa_kernels,2646,2377.3851,2368.485982010582,3523476713,17376776425
fp8-base,gpc,2,full_capture,24052,2377.5532,2283.333480856561,-248487869,25574828391
fp8-base,gpc,2,timestamps_inside_fine_vsa_kernels,2635,2377.5394,2370.938989297913,3526799151,17376067261
fp8-base,gpc,3,full_capture,24104,2377.5151,2265.621161878443,-221280606,25758813514
fp8-base,gpc,3,timestamps_inside_fine_vsa_kernels,2654,2377.4587,2360.1457850037677,3516203421,17376684769
fp8-base,gpc,4,full_capture,24899,2586.4929,2357.047595057593,-39767452,26936524955
fp8-base,gpc,4,timestamps_inside_fine_vsa_kernels,2617,2546.8127,2395.5889275124186,3531024849,17375842758
fp8-base,gpc,5,full_capture,25007,2585.1091,2385.2557965627225,921670,27114151885
fp8-base,gpc,5,timestamps_inside_fine_vsa_kernels,2581,2543.3601,2423.416029910887,3522988250,17375612673
fp8-base,gpc,6,full_capture,24732,2635.0371,2423.2363922631002,-130152434,26489699442
fp8-base,gpc,6,timestamps_inside_fine_vsa_kernels,2570,2593.042035,2439.214618418288,3530821794,17375826218
fp8-base,gpc,7,full_capture,23652,1950.0654,1945.8673900214358,-84527887,26704518092
fp8-base,gpc,7,timestamps_inside_fine_vsa_kernels,3205,1950.0528,1948.1921045553822,3517267378,17379828382
fp8-base,sys,0,full_capture,24335,2167.425,2002.4586396777481,-192382789,25976170073
fp8-base,sys,0,timestamps_inside_fine_vsa_kernels,2636,2165.192,2142.8650519726857,3535525730,17376123112
fp8-base,sys,1,full_capture,24431,2167.473,2017.750749599034,-162545317,26244464548
fp8-base,sys,1,timestamps_inside_fine_vsa_kernels,2646,2165.774,2160.280038170824,3523476713,17376776425
fp8-base,sys,2,full_capture,24052,2167.208,2031.824576365583,-248487869,25574828391
fp8-base,sys,2,timestamps_inside_fine_vsa_kernels,2635,2162.893,2152.689762049336,3526799151,17376067261
fp8-base,sys,3,full_capture,24104,2167.552,2020.492246433538,-221280606,25758813514
fp8-base,sys,3,timestamps_inside_fine_vsa_kernels,2654,2167.424,2158.972627354936,3516203421,17376684769
fp8-base,sys,4,full_capture,24899,2305.054,2035.2159431454677,-39767452,26936524955
fp8-base,sys,4,timestamps_inside_fine_vsa_kernels,2617,2291.844,2165.9938016813144,3531024849,17375842758
fp8-base,sys,5,full_capture,25007,2321.256,2053.5553144151236,921670,27114151885
fp8-base,sys,5,timestamps_inside_fine_vsa_kernels,2581,2305.647,2188.0629728787294,3522988250,17375612673
fp8-base,sys,6,full_capture,24732,2374.341,2113.4535909001293,-130152434,26489699442
fp8-base,sys,6,timestamps_inside_fine_vsa_kernels,2570,2358.945,2214.2021451509727,3530821794,17375826218
fp8-base,sys,7,full_capture,23652,1797.83,1727.4963599668527,-84527887,26704518092
fp8-base,sys,7,timestamps_inside_fine_vsa_kernels,3205,1796.678,1783.5173840873636,3517267378,17379828382
fp8-overlap,gpc,0,full_capture,24014,2377.5562,2256.7057183910633,-180901118,25756838891
fp8-overlap,gpc,0,timestamps_inside_fine_vsa_kernels,2647,2377.3823,2368.679858103513,3687588232,17106568202
fp8-overlap,gpc,1,full_capture,24097,2377.5548,2270.9973069366724,-150766488,25992675919
fp8-overlap,gpc,1,timestamps_inside_fine_vsa_kernels,2640,2377.3571,2368.3767300757577,3695419250,17106571392
fp8-overlap,gpc,2,full_capture,23711,2377.5288,2281.5549692042932,-237134602,25273681261
fp8-overlap,gpc,2,timestamps_inside_fine_vsa_kernels,2639,2377.4593,2370.6374752557786,3689746471,17106196372
fp8-overlap,gpc,3,full_capture,23802,2377.524,2264.6875052669525,-209635592,25517030309
fp8-overlap,gpc,3,timestamps_inside_fine_vsa_kernels,2649,2376.2037,2358.6529002265006,3684718111,17106236466
fp8-overlap,gpc,4,full_capture,24514,2586.8011,2356.135425240067,-39193678,26631108519
fp8-overlap,gpc,4,timestamps_inside_fine_vsa_kernels,2613,2542.202,2394.112142288557,3702098035,17106417902
fp8-overlap,gpc,5,full_capture,24629,2586.1035,2380.3991293028544,933200,26850024739
fp8-overlap,gpc,5,timestamps_inside_fine_vsa_kernels,2584,2552.6111,2423.3296089396285,3689748792,17105986597
fp8-overlap,gpc,6,full_capture,24356,2631.6076,2415.084825841682,-116976811,26191358132
fp8-overlap,gpc,6,timestamps_inside_fine_vsa_kernels,2575,2593.2158,2437.2746267184466,3699904344,17106175833
fp8-overlap,gpc,7,full_capture,23243,1950.1194,1945.6246605961364,-76634395,26388057686
fp8-overlap,gpc,7,timestamps_inside_fine_vsa_kernels,3208,1950.0717,1948.151022225686,3689964238,17109150952
fp8-overlap,sys,0,full_capture,24014,2167.089,1995.196717164654,-180901118,25756838891
fp8-overlap,sys,0,timestamps_inside_fine_vsa_kernels,2647,2163.661,2141.3988900642235,3687588232,17106568202
fp8-overlap,sys,1,full_capture,24097,2167.471,2011.19095859634,-150766488,25992675919
fp8-overlap,sys,1,timestamps_inside_fine_vsa_kernels,2640,2165.748,2160.240190151515,3695419250,17106571392
fp8-overlap,sys,2,full_capture,23711,2167.52,2028.0323642169458,-237134602,25273681261
fp8-overlap,sys,2,timestamps_inside_fine_vsa_kernels,2639,2162.873,2152.279108374384,3689746471,17106196372
fp8-overlap,sys,3,full_capture,23802,2167.557,2014.9485925876397,-209635592,25517030309
fp8-overlap,sys,3,timestamps_inside_fine_vsa_kernels,2649,2167.231,2158.692817667044,3684718111,17106236466
fp8-overlap,sys,4,full_capture,24514,2305.063,2026.0531583483316,-39193678,26631108519
fp8-overlap,sys,4,timestamps_inside_fine_vsa_kernels,2613,2293.105,2165.29925105243,3702098035,17106417902
fp8-overlap,sys,5,full_capture,24629,2320.572,2042.3705576638515,933200,26850024739
fp8-overlap,sys,5,timestamps_inside_fine_vsa_kernels,2584,2306.009,2188.0307623839008,3689748792,17105986597
fp8-overlap,sys,6,full_capture,24356,2374.625,2103.9175150995648,-116976811,26191358132
fp8-overlap,sys,6,timestamps_inside_fine_vsa_kernels,2575,2358.342,2212.862028737864,3699904344,17106175833
fp8-overlap,sys,7,full_capture,23243,1797.954,1722.6698026055155,-76634395,26388057686
fp8-overlap,sys,7,timestamps_inside_fine_vsa_kernels,3208,1797.139,1784.0610648379052,3689964238,17109150952
