reference,candidate,physical_gpu,phase,reference_s,candidate_s,delta_s,latency_reduction_percent,speedup,reference_share_percent,candidate_share_percent,share_delta_pp
bf16-base,bf16-overlap,0,attention_other,0.000134304,0.00013516800000000002,8.640000000000243e-07,-0.6433166547534119,0.9936079545454544,0.0029241966845085063,0.003053152603094987,0.0001289559185864808
bf16-base,bf16-overlap,0,communication_other,0.003295587,0.002604291,-0.0006912960000000001,20.976414823823497,1.2654449905943692,0.07175471005263681,0.0588252977470026,-0.012929412305634214
bf16-base,bf16-overlap,0,concurrent_mixed,0.0,0.035395326,0.035395326,,0.0,0.0,0.799503815357893,0.799503815357893
bf16-base,bf16-overlap,0,idle,0.666869963,0.43749953399999997,-0.22937042900000004,34.39507576081966,1.5242758247143642,14.51973831608076,9.882167680848603,-4.637570635232157
bf16-base,bf16-overlap,0,layout_copy,0.197459202,0.173233475,-0.024225727000000002,12.268725263054591,1.1398443747664821,4.299272872096851,3.912969305896665,-0.38630356620018613
bf16-base,bf16-overlap,0,linear_gemm,2.503290332,2.560991566,0.057701234000000046,-2.3050156532941957,0.9774691823409152,54.504060111363756,57.84725723719525,3.3431971258314945
bf16-base,bf16-overlap,0,memory_ops,0.009113066999999999,0.009730884,0.0006178170000000014,-6.779462940412939,0.9365096737357057,0.19841851551036366,0.2197996109657268,0.021381095455363153
bf16-base,bf16-overlap,0,other,0.13163453,0.140686716,0.00905218599999999,-6.8767564255366675,0.9356571376646535,2.866074399815609,3.1778084544883787,0.3117340546727698
bf16-base,bf16-overlap,0,pointwise,0.075589987,0.07730574,0.0017157530000000004,-2.269815180679946,0.9778056196085827,1.645818362576253,1.7461693693417397,0.1003510067654867
bf16-base,bf16-overlap,0,rdma_barrier,0.292923989,0.266128621,-0.026795367999999986,9.147549878545448,1.1006857808052144,6.3778246176346665,6.0112696197637705,-0.36655499787089596
bf16-base,bf16-overlap,0,rdma_other,0.0,0.0,0.0,,,0.0,0.0,0.0
bf16-base,bf16-overlap,0,sage_quantization,0.05221774,0.052275472999999996,5.7732999999997314e-05,-0.11056204270809555,0.9988956006194339,1.1369351782562487,1.1807898057822246,0.04385462752597591
bf16-base,bf16-overlap,0,vsa,0.6603224129999999,0.671174818,0.010852405000000065,-1.6435009302039338,0.9838307327555307,14.377178719928347,15.160386650009649,0.7832079300813017
bf16-base,bf16-overlap,1,attention_other,0.00013472,0.000134784,6.39999999999777e-08,-0.0475059382422538,0.9995251661918331,0.0029332542391662646,0.003044478874108922,0.00011122463494265752
bf16-base,bf16-overlap,1,communication_other,0.003768039,0.0028803899999999996,-0.0008876490000000003,23.557319868504557,1.3081697270161334,0.08204139229582699,0.06506177665149125,-0.01697961564433574
bf16-base,bf16-overlap,1,concurrent_mixed,0.0,0.031657493,0.031657493,,0.0,0.0,0.715074256927759,0.715074256927759
bf16-base,bf16-overlap,1,idle,0.662580234,0.48043054,-0.18214969399999997,27.490964060361634,1.379138457767485,14.426338184146937,10.851886199450538,-3.574451984696399
bf16-base,bf16-overlap,1,layout_copy,0.198831849,0.176500492,-0.022331356999999996,11.231277641038284,1.1265229164347033,4.32915947120336,3.986764149779134,-0.3423953214242257
bf16-base,bf16-overlap,1,linear_gemm,2.468539254,2.5252754669999997,0.05673621299999976,-2.2983719180509343,0.9775326637662219,53.747426004630555,57.04050785395182,3.2930818493212684
bf16-base,bf16-overlap,1,memory_ops,0.008950102,0.009246702,0.00029660000000000103,-3.313928712767744,0.9679236986333072,0.19487028379209073,0.2088629874034063,0.013992703611315577
bf16-base,bf16-overlap,1,other,0.13157438500000002,0.140399647,0.008825261999999973,-6.70743169348651,0.9371418505062198,2.864764864659621,3.171324187024054,0.30655932236443295
bf16-base,bf16-overlap,1,pointwise,0.075545392,0.077240567,0.0016951749999999932,-2.243915816864117,0.9780533071436414,1.644847397071535,1.7446972523125501,0.0998498552410152
bf16-base,bf16-overlap,1,rdma_barrier,0.330481288,0.268474876,-0.06200641200000001,18.76245774011871,1.2309579686704093,7.195558484197797,6.064266442686168,-1.131292041511629
bf16-base,bf16-overlap,1,rdma_other,0.0,0.0,0.0,,,0.0,0.0,0.0
bf16-base,bf16-overlap,1,sage_quantization,0.052268645999999995,0.052249026999999997,-1.96189999999985e-05,0.03753493059681645,1.0003754902459714,1.1380435529615558,1.1801924478739811,0.04214889491242535
bf16-base,bf16-overlap,1,vsa,0.660177205,0.6626716269999999,0.0024944219999999406,-0.37784127975153403,0.9962358098666567,14.374017110801558,14.968317967064989,0.5943008562634304
bf16-base,bf16-overlap,2,attention_other,0.000137185,0.00013564799999999999,-1.5370000000000227e-06,1.120384881729064,1.0113307973578676,0.002986924605107066,0.0030639947643275687,7.70701592205025e-05
bf16-base,bf16-overlap,2,communication_other,0.003717449,0.003286888,-0.0004305609999999999,11.582162929471252,1.1309935111874818,0.08093989784838473,0.07424368676966202,-0.006696211078722716
bf16-base,bf16-overlap,2,concurrent_mixed,0.0,0.040328249999999996,0.040328249999999996,,0.0,0.0,0.910927893183042,0.910927893183042
bf16-base,bf16-overlap,2,idle,0.667810936,0.47740861,-0.19040232599999996,28.51141179874298,1.3988246588179463,14.540226091030217,10.78362734050559,-3.7565987505246277
bf16-base,bf16-overlap,2,layout_copy,0.19900469,0.170888292,-0.028116398000000015,14.128510237623049,1.1645308620674846,4.332922732752882,3.8599966971343536,-0.47292603561852875
bf16-base,bf16-overlap,2,linear_gemm,2.4641491369999997,2.504827632,0.040678495000000314,-1.6508130286921219,0.9837599623701371,53.65184012799244,56.57863551243677,2.9267953844443255
bf16-base,bf16-overlap,2,memory_ops,0.009028268,0.009005111,-2.315700000000108e-05,0.256494379652894,1.002571539651205,0.19657218960309628,0.20340596954019668,0.006833779937100409
bf16-base,bf16-overlap,2,other,0.13175984,0.139965697,0.00820585700000001,-6.227889317412649,0.9413723706887981,2.868802770426579,3.1615221956347233,0.2927194252081442
bf16-base,bf16-overlap,2,pointwise,0.07574305599999999,0.077221625,0.001478569000000013,-1.9520852182146164,0.9808529152293802,1.6491511290039174,1.7442693935249094,0.09511826452099204
bf16-base,bf16-overlap,2,rdma_barrier,0.330211205,0.290947162,-0.039264043000000026,11.890584694120243,1.1349524866649157,7.189677975701087,6.571866751179265,-0.6178112245218212
bf16-base,bf16-overlap,2,rdma_other,0.0,0.0,0.0,,,0.0,0.0,0.0
bf16-base,bf16-overlap,2,sage_quantization,0.052237372,0.052251418,1.4046000000003667e-05,-0.026888795247970165,0.9997311843288157,1.1373626251625975,1.1802464553896208,0.042883830227023356
bf16-base,bf16-overlap,2,vsa,0.659051976,0.660895279,0.0018433030000000183,-0.27969008016448527,0.9972109000342851,14.349517535873687,14.928194109937543,0.5786765740638558
bf16-base,bf16-overlap,3,attention_other,0.00013689599999999998,0.000138752,1.856000000000004e-06,-1.3557737260402103,0.9866236162361623,0.002980632217376076,0.00313410740696493,0.0001534751895888543
bf16-base,bf16-overlap,3,communication_other,0.0021096,0.0014011199999999998,-0.0007084800000000003,33.583617747440286,1.5056526207605347,0.045932253139438474,0.031648268637905784,-0.01428398450153269
bf16-base,bf16-overlap,3,concurrent_mixed,0.0,0.027240189999999997,0.027240189999999997,,0.0,0.0,0.6152969416378288,0.6152969416378288
bf16-base,bf16-overlap,3,idle,0.669235949,0.479227374,-0.19000857500000007,28.391866169759517,1.3964894021266825,14.571252853375208,10.82470928328062,-3.7465435700945875
bf16-base,bf16-overlap,3,layout_copy,0.199065723,0.177690572,-0.02137515100000001,10.737735597001807,1.1202942326056557,4.3342516023043896,4.013645481528448,-0.32060612077594186
bf16-base,bf16-overlap,3,linear_gemm,2.5761505860000002,2.6347337189999998,0.05858313299999951,-2.2740570104235136,0.9777650649940312,56.09044408488091,59.5129328881613,3.4224888032803946
bf16-base,bf16-overlap,3,memory_ops,0.0078848,0.010765888,0.0028810879999999987,-36.53977272727271,0.732387333028172,0.17167549751319894,0.24317811147482457,0.07150261396162563
bf16-base,bf16-overlap,3,other,0.131662746,0.142278941,0.010616194999999995,-8.063173010230251,0.9253846358049573,2.8666887458786454,3.2137733715061856,0.34708462562754017
bf16-base,bf16-overlap,3,pointwise,0.075525119,0.077398845,0.0018737259999999922,-2.4809308807576924,0.9757912924928015,1.6444059936927449,1.748272409803322,0.10386641611057712
bf16-base,bf16-overlap,3,rdma_barrier,0.20697538599999998,0.13208898,-0.07488640599999999,36.181309984366926,1.5669390890897938,4.506468441119165,2.9836042045984383,-1.5228642365207268
bf16-base,bf16-overlap,3,rdma_other,0.0,0.0,0.0,,,0.0,0.0,0.0
bf16-base,bf16-overlap,3,sage_quantization,0.052398784,0.052241244,-0.00015753999999999768,0.3006558320131969,1.0030156249724833,1.1408770434616793,1.180016646747162,0.039139603285482716
bf16-base,bf16-overlap,3,vsa,0.6717055249999999,0.691955987,0.020250462000000136,-3.0147827055613696,0.9707344652254593,14.625022852417244,15.629788285216998,1.0047654327997542
bf16-base,bf16-overlap,4,attention_other,0.000132128,0.000134336,2.208000000000017e-06,-1.671106805521938,0.9835636017151023,0.002876818706298695,0.003034359523625179,0.00015754081732648412
bf16-base,bf16-overlap,4,communication_other,0.00288839,0.002241252,-0.0006471379999999998,22.404799905829886,1.2887395080963675,0.0628888228315428,0.050625032389262595,-0.012263790442280209
bf16-base,bf16-overlap,4,concurrent_mixed,0.0,0.040534845,0.040534845,,0.0,0.0,0.9155944271410529,0.9155944271410529
bf16-base,bf16-overlap,4,idle,0.6591594780000001,0.479435995,-0.17972348300000007,27.26555393625093,1.3748643924826713,14.351858173471808,10.829421580194168,-3.5224365932776394
bf16-base,bf16-overlap,4,layout_copy,0.196203262,0.168715154,-0.027488107999999983,14.010015796781195,1.1629261352539795,4.271927330758234,3.810910212599666,-0.46101711815856783
bf16-base,bf16-overlap,4,linear_gemm,2.5213812520000003,2.5792201439999998,0.057838891999999476,-2.2939367838211933,0.9775750464206985,54.897953132299165,58.25900136577169,3.3610482334725233
bf16-base,bf16-overlap,4,memory_ops,0.008823308,0.009122033,0.0002987249999999997,-3.3856349568665234,0.9672523657829346,0.19210960209671626,0.20604698448943815,0.013937382392721881
bf16-base,bf16-overlap,4,other,0.12863196600000001,0.13626972699999998,0.007637760999999965,-5.937685038569618,0.9439511535823363,2.800699670143934,3.0780382317789217,0.2773385616349877
bf16-base,bf16-overlap,4,pointwise,0.07563716100000001,0.07724355699999999,0.0016063959999999822,-2.12381847594727,0.9792034952507432,1.6468454805652557,1.7447647899418948,0.09791930937663906
bf16-base,bf16-overlap,4,rdma_barrier,0.285537653,0.207113891,-0.07842376200000001,27.465296144323215,1.3786504208933046,6.217002160806382,4.678254582769453,-1.5387475780369293
bf16-base,bf16-overlap,4,rdma_other,0.0,0.0,0.0,,,0.0,0.0,0.0
bf16-base,bf16-overlap,4,sage_quantization,0.052051484,0.052195102,0.00014361799999999814,-0.2759152841828705,0.997248439135151,1.133315291700527,1.1789743988230081,0.045659107122481224
bf16-base,bf16-overlap,4,vsa,0.662405032,0.674935576,0.012530543999999977,-1.8916740354713912,0.9814344591608845,14.422523516620139,15.24533403457782,0.8228105179576808
bf16-base,bf16-overlap,5,attention_other,0.00012928,0.00013292799999999998,3.647999999999976e-06,-2.821782178217802,0.9725565719788157,0.002814809293641736,0.003002555850676273,0.0001877465570345369
bf16-base,bf16-overlap,5,communication_other,0.004513922,0.0034013140000000003,-0.0011126079999999997,24.64836565629622,1.3271112281900463,0.09828147893234755,0.07682832248049408,-0.021453156451853472
bf16-base,bf16-overlap,5,concurrent_mixed,0.0,0.040762801,0.040762801,,0.0,0.0,0.9207434598617494,0.9207434598617494
bf16-base,bf16-overlap,5,idle,0.65969147,0.471861808,-0.18782966199999995,28.472349657636165,1.398060743242013,14.36344121822539,10.658337087153077,-3.7051041310723125
bf16-base,bf16-overlap,5,layout_copy,0.197011023,0.169693888,-0.02731713500000002,13.865790139062428,1.1609788974839212,4.28951468510416,3.8330176955826025,-0.45649698952155715
bf16-base,bf16-overlap,5,linear_gemm,2.4322728849999997,2.5164217,0.08414881500000027,-3.4596782095854373,0.9665601298065423,52.957799515553816,56.84052041784825,3.8827209022944373
bf16-base,bf16-overlap,5,memory_ops,0.008813352,0.008619909,-0.00019344299999999974,2.194885668925961,1.022441420205248,0.19189283042803204,0.1947050899753781,0.0028122595473460688
bf16-base,bf16-overlap,5,other,0.127796891,0.135187412,0.007390521000000011,-5.783020965666541,0.9453312931236526,2.7825176089520416,3.0535910781655016,0.27107346921346
bf16-base,bf16-overlap,5,pointwise,0.075448505,0.077215581,0.0017670760000000063,-2.3420954464240307,0.9771150332987846,1.6427378795279624,1.7441328726447225,0.10139499311676015
bf16-base,bf16-overlap,5,rdma_barrier,0.38682585199999997,0.291723364,-0.09510248799999999,24.585349585166817,1.3260023012760815,8.422346869047669,6.589399474581458,-1.8329473944662107
bf16-base,bf16-overlap,5,rdma_other,0.0,0.0,0.0,,,0.0,0.0,0.0
bf16-base,bf16-overlap,5,sage_quantization,0.052088884,0.052123220000000005,3.4336000000002864e-05,-0.06591809492406675,0.999341253284045,1.134129600701008,1.1773507400027574,0.04322113930174942
bf16-base,bf16-overlap,5,vsa,0.64825905,0.6600176870000001,0.011758637000000127,-1.8138793434507638,0.9821843607654712,14.114523504233933,14.908371205853328,0.793847701619395
bf16-base,bf16-overlap,6,attention_other,0.00012832,0.000134656,6.336000000000015e-06,-4.937655860349133,0.9529467680608363,0.002793907244431525,0.003041587631113567,0.000247680386682042
bf16-base,bf16-overlap,6,communication_other,0.003716036,0.0033942440000000003,-0.00032179199999999956,8.659550122765214,1.094805205518519,0.08090913264470345,0.0766686264806725,-0.004240506164030947
bf16-base,bf16-overlap,6,concurrent_mixed,0.0,0.039622169,0.039622169,,0.0,0.0,0.8949790514220786,0.8949790514220786
bf16-base,bf16-overlap,6,idle,0.6641219129999999,0.483878989,-0.18024292399999992,27.14003565788078,1.3724958679699977,14.459905111568135,10.929779199576236,-3.530125911991899
bf16-base,bf16-overlap,6,layout_copy,0.196652288,0.168686521,-0.027965767000000002,14.220921243489427,1.1657854275149822,4.281703959454759,3.8102634550943066,-0.47144050436045193
bf16-base,bf16-overlap,6,linear_gemm,2.480321833,2.52324282,0.04292098700000002,-1.7304603954594988,0.9829897516561644,54.003967719298466,56.99459475707073,2.9906270377722635
bf16-base,bf16-overlap,6,memory_ops,0.008310501999999999,0.008584967,0.0002744650000000015,-3.3026284092104286,0.9680295800787584,0.1809442935057877,0.19391582581331798,0.012971532307530287
bf16-base,bf16-overlap,6,other,0.127337265,0.135899573,0.00856230799999999,-6.724118034104154,0.9369953281604498,2.7725101867954867,3.0696772539687442,0.2971670671732576
bf16-base,bf16-overlap,6,pointwise,0.075724318,0.077279901,0.0015555829999999993,-2.0542713900704834,0.9798707946067374,1.6487431471308958,1.7455857222498883,0.09684257511899252
bf16-base,bf16-overlap,6,rdma_barrier,0.3365185,0.273106857,-0.06341164300000002,18.843434461998378,1.2321861988254657,7.327006507444125,6.168892869411699,-1.1581136380324262
bf16-base,bf16-overlap,6,rdma_other,0.0,0.0,0.0,,,0.0,0.0,0.0
bf16-base,bf16-overlap,6,sage_quantization,0.052028495,0.052096587,6.809199999999876e-05,-0.13087443717139102,0.9986929662014136,1.132814752940846,1.1767491581692004,0.043934405228354345
bf16-base,bf16-overlap,6,vsa,0.647991644,0.661234328,0.01324268400000006,-2.0436504270724853,0.979972782054352,14.108701281972364,14.935852493112014,0.8271512111396504
bf16-base,bf16-overlap,7,attention_other,0.000160672,0.000160192,-4.799999999999954e-07,0.2987452698665627,1.0029964043148223,0.003498306302815633,0.0036183906086869094,0.00012008430587127656
bf16-base,bf16-overlap,7,communication_other,0.0015140169999999999,0.001516961,2.944000000000167e-06,-0.19444959997148015,0.9980592777269817,0.03296464358239155,0.03426486613653805,0.0013002225541464962
bf16-base,bf16-overlap,7,concurrent_mixed,0.0,0.033792625,0.033792625,,0.0,0.0,0.7633022681711851,0.7633022681711851
bf16-base,bf16-overlap,7,idle,0.6648819109999999,0.41684884499999997,-0.24803306599999997,37.3048299098635,1.5950191993455085,14.476452523646948,9.415713306469645,-5.060739217177304
bf16-base,bf16-overlap,7,layout_copy,0.208484575,0.179665453,-0.028819122000000003,13.823143510736946,1.1604043599856673,4.539327964812403,4.058253769480869,-0.4810741953315345
bf16-base,bf16-overlap,7,linear_gemm,2.62756723,2.6418756360000004,0.014308406000000495,-0.5445495680047818,0.9945839971401287,57.209937025622466,59.67425333737737,2.4643163117549065
bf16-base,bf16-overlap,7,memory_ops,0.008556104,0.013430023999999999,0.004873919999999999,-56.96424447388671,0.6370877669317643,0.18629177797466917,0.3033551782613352,0.11706340028666601
bf16-base,bf16-overlap,7,other,0.144622526,0.150849653,0.006227126999999999,-4.3057794468338795,0.9587196465079041,3.1488616201635486,3.407367207718732,0.25850558755518316
bf16-base,bf16-overlap,7,pointwise,0.076045692,0.077635085,0.0015893930000000084,-2.0900500188755,0.9795273876495401,1.6557404129255648,1.7536085601566243,0.09786814723105941
bf16-base,bf16-overlap,7,rdma_barrier,0.0054994269999999994,0.05594413,0.050444703,-917.2719812445915,0.0983021274975587,0.11973884768954433,1.2636568280760563,1.143917980386512
bf16-base,bf16-overlap,7,rdma_other,0.0,0.0,0.0,,,0.0,0.0,0.0
bf16-base,bf16-overlap,7,sage_quantization,0.054268484,0.054016319,-0.00025216499999999864,0.46466195738947835,1.0046683114412147,1.1815859615953577,1.2201117495595053,0.03852578796414763
bf16-base,bf16-overlap,7,vsa,0.8012504760000001,0.801426689,0.00017621299999992512,-0.02199224902550423,0.9997801258650123,17.445600915684288,18.10249453798345,0.6568936222991617
fp8-base,fp8-overlap,0,attention_other,0.00013417599999999998,0.00013424,6.400000000000481e-08,-0.04769854519437455,0.999523241954708,0.0038769863831518356,0.004030549765726997,0.00015356338257516144
fp8-base,fp8-overlap,0,communication_other,0.003042337,0.002783457,-0.00025887999999999996,8.509247989292446,1.0930066460520138,0.08790766695950845,0.08357316715778583,-0.004334499801722624
fp8-base,fp8-overlap,0,concurrent_mixed,0.0,0.025290479999999997,0.025290479999999997,,0.0,0.0,0.7593454874785706,0.7593454874785706
fp8-base,fp8-overlap,0,idle,0.6612455899999999,0.5420898710000001,-0.11915571899999988,18.01988864681878,1.2198080528237722,19.10654773095935,16.276223201445383,-2.830324529513966
fp8-base,fp8-overlap,0,layout_copy,0.19772030499999999,0.178424005,-0.01929629999999999,9.75939218786861,1.1081485644266307,5.713085277230114,5.357172463891706,-0.3559128133384082
fp8-base,fp8-overlap,0,linear_gemm,1.3235701489999998,1.317764206,-0.0058059429999997025,0.4386577473348363,1.0044059043139617,38.24427203687132,39.565809086536966,1.3215370496656433
fp8-base,fp8-overlap,0,memory_ops,0.009041025,0.012673222000000001,0.003632197000000002,-40.17461515702039,0.7133959304113823,0.26123845408072477,0.3805129019897663,0.11927444790904151
fp8-base,fp8-overlap,0,other,0.196427786,0.188124606,-0.008303179999999993,4.227090356758378,1.0441365974209669,5.675738221400718,5.6484325584086985,-0.02730566299201964
fp8-base,fp8-overlap,0,pointwise,0.076632512,0.078706781,0.0020742690000000036,-2.70677411697009,0.9736456125679945,2.2142797931874525,2.3631674442839397,0.14888765109648716
fp8-base,fp8-overlap,0,rdma_barrier,0.280848527,0.27268699900000004,-0.008161527999999973,2.906024855170408,1.0299300224430574,8.115057200298493,8.187414481050714,0.0723572807522217
fp8-base,fp8-overlap,0,rdma_other,0.0,0.0,0.0,,,0.0,0.0,0.0
fp8-base,fp8-overlap,0,sage_quantization,0.052297876,0.052195965999999996,-0.00010191000000000366,0.1948645103674984,1.0019524497352919,1.51113577032974,1.5671814551042484,0.05604568477450855
fp8-base,fp8-overlap,0,vsa,0.6598720939999999,0.6596891869999999,-0.00018290700000000992,0.02771855358987274,1.0002772623890226,19.06686086229943,19.807137202886494,0.7402763405870658
fp8-base,fp8-overlap,1,attention_other,0.000134496,0.00013526399999999998,7.679999999999764e-07,-0.5710206995003464,0.994322214336409,0.003886232713662572,0.00406129531817116,0.00017506260450858785
fp8-base,fp8-overlap,1,communication_other,0.003088196,0.00286058,-0.00022761599999999993,7.3705166381926475,1.0795698774374427,0.08923275280604553,0.08588878165109753,-0.003343971154948
fp8-base,fp8-overlap,1,concurrent_mixed,0.0,0.02962596,0.02962596,,0.0,0.0,0.8895180731334728,0.8895180731334728
fp8-base,fp8-overlap,1,idle,0.6638799870000001,0.53561803,-0.1282619570000001,19.320051743026877,1.2394653462281695,19.182668060204637,16.081906475980748,-3.100761584223889
fp8-base,fp8-overlap,1,layout_copy,0.199093524,0.176084013,-0.023009510999999983,11.557136835852067,1.1306734814136703,5.752764142035186,5.2869143127638525,-0.4658498292713338
fp8-base,fp8-overlap,1,linear_gemm,1.300360403,1.3022610620000001,0.0019006590000001378,-0.14616401696139203,0.9985404931042927,37.5736314662893,39.100327907922306,1.5266964416330069
fp8-base,fp8-overlap,1,memory_ops,0.00898258,0.012619477,0.003636897,-40.48833408664325,0.7118028742395585,0.25954969849728726,0.3788992108607511,0.11934951236346386
fp8-base,fp8-overlap,1,other,0.198908741,0.188918534,-0.009990207000000001,5.022507784109898,1.0528810317784913,5.747424877376544,5.672270209737691,-0.07515466763885303
fp8-base,fp8-overlap,1,pointwise,0.076815616,0.078712255,0.0018966389999999916,-2.4690799849863776,0.9759041460570531,2.219570543505696,2.3633318008797204,0.14376125737402434
fp8-base,fp8-overlap,1,rdma_barrier,0.297329209,0.29126351899999997,-0.0060656900000000125,2.0400585668661986,1.020825436775692,8.591262927843326,8.74517363133396,0.1539107034906344
fp8-base,fp8-overlap,1,rdma_other,0.0,0.0,0.0,,,0.0,0.0,0.0
fp8-base,fp8-overlap,1,sage_quantization,0.052248064999999996,0.052341118,9.305300000000266e-05,-0.17809846163681087,0.9982221816507626,1.5096964923013954,1.5715396371632084,0.06184314486181308
fp8-base,fp8-overlap,1,vsa,0.65999156,0.660123208,0.00013164799999998422,-0.019946921745472856,0.999800570562579,19.070312806426916,19.820168663255018,0.749855856828102
fp8-base,fp8-overlap,2,attention_other,0.000135488,0.00013519999999999998,-2.880000000000081e-07,0.21256495040151702,1.002130177514793,0.003914896338245855,0.0040593737211434,0.0001444773828975449
fp8-base,fp8-overlap,2,communication_other,0.002967013,0.0026281,-0.00033891300000000015,11.422700203875081,1.1289574217115026,0.08573119633641245,0.07890858044775866,-0.0068226158886537935
fp8-base,fp8-overlap,2,concurrent_mixed,0.0,0.032386834,0.032386834,,0.0,0.0,0.9724131867650413,0.9724131867650413
fp8-base,fp8-overlap,2,idle,0.6618306639999999,0.535085685,-0.12674497899999992,19.150665856727358,1.2368685661998227,19.12345331713822,16.065922842078514,-3.057530475059707
fp8-base,fp8-overlap,2,layout_copy,0.199300285,0.174761168,-0.024539117,12.312635177616526,1.1404151579028128,5.758738456231219,5.247195953073423,-0.5115425031577958
fp8-base,fp8-overlap,2,linear_gemm,1.312380059,1.309944428,-0.0024356309999999937,0.18558884549464416,1.0018593391810664,37.92093681629355,39.331020615247205,1.4100837989536572
fp8-base,fp8-overlap,2,memory_ops,0.009073703,0.012469234999999999,0.003395531999999998,-37.42167888898278,0.7276872237952049,0.26218267779456805,0.37438820178817694,0.11220552399360889
fp8-base,fp8-overlap,2,other,0.19805450500000002,0.188681657,-0.009372848000000017,4.732458875398981,1.04967545944331,5.722741913657265,5.665157988813555,-0.05758392484370933
fp8-base,fp8-overlap,2,pointwise,0.076734422,0.078716539,0.0019821170000000055,-2.583087157416797,0.9748195611090065,2.217224460507294,2.363460427780766,0.14623596727347188
fp8-base,fp8-overlap,2,rdma_barrier,0.28882413300000004,0.284375414,-0.004448719000000045,1.5402864552180762,1.0156438242583097,8.34551060373416,8.538358598601146,0.19284799486698567
fp8-base,fp8-overlap,2,rdma_other,0.0,0.0,0.0,,,0.0,0.0,0.0
fp8-base,fp8-overlap,2,sage_quantization,0.052196761,0.052253773,5.7012000000002117e-05,-0.10922516820537354,0.9989089400300337,1.5082140743622614,1.5689171075946193,0.06070303323235793
fp8-base,fp8-overlap,2,vsa,0.6593353439999999,0.659124987,-0.00021035699999993884,0.03190440220052215,1.0003191458435787,19.05135158760681,19.790197124088646,0.7388455364818363
fp8-base,fp8-overlap,3,attention_other,0.000134368,0.00013503999999999998,6.719999999999827e-07,-0.500119075970451,0.9950236966824646,0.0038825341814582776,0.004054569728574,0.00017203554711572215
fp8-base,fp8-overlap,3,communication_other,0.002571679,0.00231427,-0.0002574089999999997,10.00937519807098,1.1112268663552651,0.07430810625475144,0.0694858492724152,-0.004822256982336237
fp8-base,fp8-overlap,3,concurrent_mixed,0.0,0.026316461,0.026316461,,0.0,0.0,0.7901505193557334,0.7901505193557334
fp8-base,fp8-overlap,3,idle,0.660669105,0.5423474340000001,-0.1183216709999999,17.909369471726688,1.218165816932767,19.089890322070342,16.283956518558835,-2.8059338035115076
fp8-base,fp8-overlap,3,layout_copy,0.19994011699999997,0.177234619,-0.022705497999999963,11.356149201413125,1.1281098361488844,5.777226262929174,5.3214612044782745,-0.45576505845089965
fp8-base,fp8-overlap,3,linear_gemm,1.3387642679999998,1.3378257329999999,-0.0009385349999999626,0.07010457497510503,1.0007015375596755,38.683302805913385,40.16815550302964,1.4848526971162528
fp8-base,fp8-overlap,3,memory_ops,0.007989463,0.012350972,0.0043615089999999995,-54.59076536182719,0.6468691694872274,0.23085379844156492,0.37083736070545814,0.13998356226389322
fp8-base,fp8-overlap,3,other,0.19813486700000002,0.190342371,-0.00779249600000001,3.932925142347621,1.0409393660437276,5.7250639561963395,5.715020849537926,-0.010043106658413237
fp8-base,fp8-overlap,3,pointwise,0.07664542,0.078716013,0.0020705929999999956,-2.7015221522694866,0.9736954029925271,2.2146527670444294,2.363444634655194,0.14879186761076468
fp8-base,fp8-overlap,3,rdma_barrier,0.261556232,0.247991701,-0.01356453099999999,5.186085950343555,1.054697519898055,7.557610525671524,7.44593930548115,-0.11167122019037379
fp8-base,fp8-overlap,3,rdma_other,0.0,0.0,0.0,,,0.0,0.0,0.0
fp8-base,fp8-overlap,3,sage_quantization,0.052277500000000005,0.052256989,-2.0511000000007773e-05,0.0392348524700048,1.0003925025224858,1.510547010234469,1.5690136678452642,0.05846665761079528
fp8-base,fp8-overlap,3,vsa,0.662149358,0.6627314169999999,0.0005820589999999681,-0.08790448755520153,0.9991217271656823,19.13266191106256,19.89848001735154,0.7658181062889824
fp8-base,fp8-overlap,4,attention_other,0.00012972800000000002,0.000130368,6.399999999999939e-07,-0.49333991119882015,0.9950908198330879,0.0037484623890525976,0.003914293145547506,0.000165830756494908
fp8-base,fp8-overlap,4,communication_other,0.003254244,0.003138083,-0.00011616100000000004,3.5695233670247184,1.0370165480008018,0.09403067370806674,0.09422079633851216,0.000190122630445419
fp8-base,fp8-overlap,4,concurrent_mixed,0.0,0.037481417999999996,0.037481417999999996,,0.0,0.0,1.1253778347662071,1.1253778347662071
fp8-base,fp8-overlap,4,idle,0.659876111,0.5420616680000001,-0.11781444299999988,17.854024571591122,1.2173450918134279,19.06697693264212,16.275376407680163,-2.7916005249619573
fp8-base,fp8-overlap,4,layout_copy,0.196687885,0.170192112,-0.026495773,13.470973568097499,1.1556815570865,5.683253725524193,5.110010258866082,-0.573243466658111
fp8-base,fp8-overlap,4,linear_gemm,1.286783594,1.2704697779999998,-0.01631381600000026,1.267797948005256,1.0128407745563863,37.181332518491985,38.145796082249184,0.9644635637571994
fp8-base,fp8-overlap,4,memory_ops,0.008782887999999999,0.011978312000000001,0.0031954240000000023,-36.38238356221783,0.7332325289239418,0.2537796415211935,0.35964826151225326,0.10586861999105979
fp8-base,fp8-overlap,4,other,0.19271355,0.18648520600000001,-0.006228343999999997,3.2319180462401342,1.0333985957041547,5.568416178741731,5.599209649544479,0.03079347080274797
fp8-base,fp8-overlap,4,pointwise,0.076760405,0.078815472,0.0020550669999999938,-2.677248771681162,0.9739255891279824,2.2179752336499825,2.366430886511194,0.14845565286121154
fp8-base,fp8-overlap,4,rdma_barrier,0.329974781,0.32354943100000005,-0.006425349999999941,1.9472245668374133,1.0198589439027632,9.534549641668473,9.714556639735944,0.180006998067471
fp8-base,fp8-overlap,4,rdma_other,0.0,0.0,0.0,,,0.0,0.0,0.0
fp8-base,fp8-overlap,4,sage_quantization,0.052095001,0.052024183,-7.081800000000027e-05,0.13594010680602064,1.0013612515548778,1.5052737412598471,1.5620236785070651,0.056749937247217996
fp8-base,fp8-overlap,4,vsa,0.6537741899999999,0.654236989,0.00046279900000012475,-0.07078881471294096,0.9992926126040237,18.890663250403357,19.64343521114337,0.752771960740013
fp8-base,fp8-overlap,5,attention_other,0.000128352,0.000128192,-1.5999999999999847e-07,0.12465719272002351,1.0012481278082876,0.0037087031678564304,0.003848958846603659,0.00014025567874722871
fp8-base,fp8-overlap,5,communication_other,0.003615551,0.003445951,-0.00016959999999999979,4.690847950976207,1.0492171827167593,0.10447056101382514,0.10346451874073831,-0.0010060422730868296
fp8-base,fp8-overlap,5,concurrent_mixed,0.0,0.035768555,0.035768555,,0.0,0.0,1.073949202738701,1.073949202738701
fp8-base,fp8-overlap,5,idle,0.6617140450000001,0.5500497830000001,-0.11166426200000001,16.875002554917817,1.2030075557724562,19.120083636457498,16.51521918957714,-2.604864446880356
fp8-base,fp8-overlap,5,layout_copy,0.19738660100000002,0.17145276,-0.025933841000000013,13.13860255387852,1.1512593964658253,5.703442972615255,5.147861156520017,-0.5555818160952377
fp8-base,fp8-overlap,5,linear_gemm,1.2699128499999999,1.254708474,-0.015204375999999797,1.197277120237017,1.0121178555139014,36.69385603416065,37.67256366162379,0.9787076274631374
fp8-base,fp8-overlap,5,memory_ops,0.008744925,0.012202237,0.003457311999999999,-39.53506748199669,0.7166657228506544,0.2526827088800088,0.366371599237897,0.1136888903578882
fp8-base,fp8-overlap,5,other,0.192661796,0.18540110899999998,-0.007260687000000016,3.768617936064511,1.0391620472992964,5.5669207581503155,5.566659687466295,-0.0002610706840204813
fp8-base,fp8-overlap,5,pointwise,0.076798625,0.078797888,0.001999263000000001,-2.6032536389811733,0.9746279621098474,2.219079592250359,2.365902927727817,0.14682333547745818
fp8-base,fp8-overlap,5,rdma_barrier,0.35181100600000004,0.33994679,-0.011864216000000039,3.3723265610400066,1.0349002148247968,10.165502621220998,10.206886582197145,0.04138396097614638
fp8-base,fp8-overlap,5,rdma_other,0.0,0.0,0.0,,,0.0,0.0,0.0
fp8-base,fp8-overlap,5,sage_quantization,0.052065221,0.052044361000000004,-2.0859999999997547e-05,0.040065132922406654,1.0004008119150507,1.5044132546266917,1.5626295220199737,0.058216267393282006
fp8-base,fp8-overlap,5,vsa,0.645993405,0.64661692,0.0006235150000000189,-0.09652033521920789,0.9990357273669856,18.665839157456542,19.414642993303875,0.7488038358473332
fp8-base,fp8-overlap,6,attention_other,0.000127168,0.00012742500000000002,2.5700000000000787e-07,-0.20209486663311793,0.9979831273298018,0.0036744917449667053,0.0038259297072240957,0.00015143796225739045
fp8-base,fp8-overlap,6,communication_other,0.003726817,0.003387394,-0.0003394229999999997,9.1075843004902,1.1002018070528552,0.10768556792197394,0.10170634753519842,-0.005979220386775522
fp8-base,fp8-overlap,6,concurrent_mixed,0.0,0.038985771,0.038985771,,0.0,0.0,1.1705459637271778,1.1705459637271778
fp8-base,fp8-overlap,6,idle,0.6600801430000001,0.547062756,-0.11301738700000008,17.121767439684987,1.2065894374282722,19.072872392975768,16.425533842623402,-2.647338550352366
fp8-base,fp8-overlap,6,layout_copy,0.197334076,0.169424475,-0.027909601000000006,14.143325656537908,1.164731813393549,5.701925274146267,5.0869619935911015,-0.6149632805551652
fp8-base,fp8-overlap,6,linear_gemm,1.2848610759999999,1.273856794,-0.01100428199999981,0.8564569513038744,1.0086385550179826,37.125781778364356,38.247491080351935,1.121709301987579
fp8-base,fp8-overlap,6,memory_ops,0.008331906,0.012054978000000001,0.003723072000000001,-44.6845175641684,0.6911589552465379,0.2407486145637154,0.36195015460178864,0.12120154003807324
fp8-base,fp8-overlap,6,other,0.192009751,0.184235076,-0.007774675000000009,4.049104256168745,1.0421997546221873,5.548080059469462,5.531649600793322,-0.016430458676140347
fp8-base,fp8-overlap,6,pointwise,0.07681089299999999,0.078863892,0.0020529990000000137,-2.672796682626788,0.9739678204063272,2.219434073446314,2.367884694762509,0.1484506213161949
fp8-base,fp8-overlap,6,rdma_barrier,0.343348094,0.327815806,-0.015532288000000005,4.523772891542544,1.0473811442758802,9.920968616735754,9.842654350975168,-0.07831426576058576
fp8-base,fp8-overlap,6,rdma_other,0.0,0.0,0.0,,,0.0,0.0,0.0
fp8-base,fp8-overlap,6,sage_quantization,0.052081873,0.051992753,-8.911999999999809e-05,0.17111519779635653,1.0017140850379667,1.5048944105506443,1.5610799942167135,0.05618558366606918
fp8-base,fp8-overlap,6,vsa,0.64212058,0.6427559,0.0006353199999999948,-0.09894091854212306,0.9990115687775095,18.553934720080782,19.29871604711446,0.744781327033678
fp8-base,fp8-overlap,7,attention_other,0.000160512,0.00016054399999999999,3.199999999998885e-08,-0.01993620414673103,0.9998006776958343,0.004637959384185454,0.004820326144136435,0.00018236675995098126
fp8-base,fp8-overlap,7,communication_other,0.001509088,0.001522208,1.3119999999999929e-05,-0.8693992663118433,0.9913809413693793,0.0436047700555825,0.045704224506762224,0.002099454451179726
fp8-base,fp8-overlap,7,concurrent_mixed,0.0,0.031034335,0.031034335,,0.0,0.0,0.9318044671017814,0.9318044671017814
fp8-base,fp8-overlap,7,idle,0.66090052,0.51945231,-0.14144820999999996,21.402345091209785,1.2723025911656836,19.09657700824266,15.596531483736944,-3.500045524505717
fp8-base,fp8-overlap,7,layout_copy,0.209086452,0.18201574099999998,-0.027070711000000025,12.947137770552452,1.1487273070519766,6.041507626591416,5.465014170487007,-0.5764934561044095
fp8-base,fp8-overlap,7,linear_gemm,1.428312046,1.4309929179999998,0.0026808719999997788,-0.1876951193898746,0.998126565151876,41.27076640556984,42.96549590585438,1.694729500284545
fp8-base,fp8-overlap,7,memory_ops,0.008749248,0.013516416,0.0047671680000000004,-54.48660273431501,0.6473053211738969,0.2528076210262523,0.4058297626807854,0.1530221416545331
fp8-base,fp8-overlap,7,other,0.215614901,0.20420396400000002,-0.011410936999999982,5.2922766223842626,1.0558800954520158,6.23014574276794,6.131214535613261,-0.09893120715467862
fp8-base,fp8-overlap,7,pointwise,0.07734175500000001,0.079251713,0.0019099579999999894,-2.4695043447100273,0.9759001045188765,2.234773215657535,2.3795290022766182,0.14475578661908317
fp8-base,fp8-overlap,7,rdma_barrier,0.00376704,0.013003647,0.009236607,-245.19535231906215,0.2896910382141256,0.10884780277239067,0.39043389726941724,0.28158609449702654
fp8-base,fp8-overlap,7,rdma_other,0.0,0.0,0.0,,,0.0,0.0,0.0
fp8-base,fp8-overlap,7,sage_quantization,0.054098493,0.054054462,-4.403099999999993e-05,0.08139043725302608,1.0008145673524602,1.5631642075336492,1.6229827111933766,0.05981850365972741
fp8-base,fp8-overlap,7,vsa,0.801292322,0.801354762,6.243999999999694e-05,-0.007792412117990644,0.9999220819505157,23.15316764039855,24.06063951313553,0.9074718727369806
bf16-base,fp8-base,0,attention_other,0.000134304,0.00013417599999999998,-1.2800000000000962e-07,0.09530617107458283,1.0009539709038875,0.0029241966845085063,0.0038769863831518356,0.0009527896986433293
bf16-base,fp8-base,0,communication_other,0.003295587,0.003042337,-0.00025325,7.684518721550971,1.0832419288198514,0.07175471005263681,0.08790766695950845,0.016152956906871643
bf16-base,fp8-base,0,concurrent_mixed,0.0,0.0,0.0,,,0.0,0.0,0.0
bf16-base,fp8-base,0,idle,0.666869963,0.6612455899999999,-0.005624373000000071,0.8433987601867865,1.0085057247792004,14.51973831608076,19.10654773095935,4.586809414878589
bf16-base,fp8-base,0,layout_copy,0.197459202,0.19772030499999999,0.00026110299999998476,-0.13223136595070795,0.998679432544877,4.299272872096851,5.713085277230114,1.413812405133263
bf16-base,fp8-base,0,linear_gemm,2.503290332,1.3235701489999998,-1.1797201830000004,47.12678221616686,1.8913167042119507,54.504060111363756,38.24427203687132,-16.259788074492434
bf16-base,fp8-base,0,memory_ops,0.009113066999999999,0.009041025,-7.204199999999959e-05,0.7905351732846899,1.007968344297245,0.19841851551036366,0.26123845408072477,0.06281993857036111
bf16-base,fp8-base,0,other,0.13163453,0.196427786,0.064793256,-49.222081774440184,0.6701421050482135,2.866074399815609,5.675738221400718,2.8096638215851093
bf16-base,fp8-base,0,pointwise,0.075589987,0.076632512,0.0010425250000000025,-1.3791839916575288,0.986395787208437,1.645818362576253,2.2142797931874525,0.5684614306111995
bf16-base,fp8-base,0,rdma_barrier,0.292923989,0.280848527,-0.012075461999999981,4.1223875317360825,1.0429963515528782,6.3778246176346665,8.115057200298493,1.7372325826638262
bf16-base,fp8-base,0,rdma_other,0.0,0.0,0.0,,,0.0,0.0,0.0
bf16-base,fp8-base,0,sage_quantization,0.05221774,0.052297876,8.013600000000148e-05,-0.15346508676936654,0.9984677006767922,1.1369351782562487,1.51113577032974,0.3742005920734912
bf16-base,fp8-base,0,vsa,0.6603224129999999,0.6598720939999999,-0.00045031900000003233,0.06819683705027169,1.0006824337687479,14.377178719928347,19.06686086229943,4.6896821423710815
bf16-base,fp8-base,1,attention_other,0.00013472,0.000134496,-2.2400000000000328e-07,0.1662707838479882,1.0016654770402094,0.0029332542391662646,0.003886232713662572,0.0009529784744963074
bf16-base,fp8-base,1,communication_other,0.003768039,0.003088196,-0.0006798429999999999,18.04235571871734,1.2201424391457019,0.08204139229582699,0.08923275280604553,0.007191360510218542
bf16-base,fp8-base,1,concurrent_mixed,0.0,0.0,0.0,,,0.0,0.0,0.0
bf16-base,fp8-base,1,idle,0.662580234,0.6638799870000001,0.00129975300000007,-0.19616537489406394,0.9980421868026577,14.426338184146937,19.182668060204637,4.7563298760577
bf16-base,fp8-base,1,layout_copy,0.198831849,0.199093524,0.000261674999999989,-0.13160617945064956,0.9986856679476929,4.32915947120336,5.752764142035186,1.4236046708318266
bf16-base,fp8-base,1,linear_gemm,2.468539254,1.300360403,-1.168178851,47.32267672499406,1.8983500638015043,53.747426004630555,37.5736314662893,-16.173794538341255
bf16-base,fp8-base,1,memory_ops,0.008950102,0.00898258,3.2478000000000715e-05,-0.3628785459651729,0.9963843350128804,0.19487028379209073,0.25954969849728726,0.06467941470519653
bf16-base,fp8-base,1,other,0.13157438500000002,0.198908741,0.06733435599999998,-51.175885032637616,0.6614811613532862,2.864764864659621,5.747424877376544,2.8826600127169235
bf16-base,fp8-base,1,pointwise,0.075545392,0.076815616,0.0012702240000000004,-1.6814050021740634,0.9834639873225778,1.644847397071535,2.219570543505696,0.5747231464341611
bf16-base,fp8-base,1,rdma_barrier,0.330481288,0.297329209,-0.033152079,10.031454186295719,1.1114995701616386,7.195558484197797,8.591262927843326,1.3957044436455295
bf16-base,fp8-base,1,rdma_other,0.0,0.0,0.0,,,0.0,0.0,0.0
bf16-base,fp8-base,1,sage_quantization,0.052268645999999995,0.052248064999999996,-2.0580999999998684e-05,0.03937542212208989,1.0003939093246803,1.1380435529615558,1.5096964923013954,0.37165293933983956
bf16-base,fp8-base,1,vsa,0.660177205,0.65999156,-0.00018564499999995654,0.02812048016713753,1.0002812839000546,14.374017110801558,19.070312806426916,4.696295695625357
bf16-base,fp8-base,2,attention_other,0.000137185,0.000135488,-1.6970000000000212e-06,1.2370157087145284,1.0125250944733115,0.002986924605107066,0.003914896338245855,0.0009279717331387889
bf16-base,fp8-base,2,communication_other,0.003717449,0.002967013,-0.0007504359999999997,20.186853942044657,1.25292642802711,0.08093989784838473,0.08573119633641245,0.004791298488027715
bf16-base,fp8-base,2,concurrent_mixed,0.0,0.0,0.0,,,0.0,0.0,0.0
bf16-base,fp8-base,2,idle,0.667810936,0.6618306639999999,-0.005980272000000064,0.8955037537750177,1.009035954852645,14.540226091030217,19.12345331713822,4.583227226108004
bf16-base,fp8-base,2,layout_copy,0.19900469,0.199300285,0.00029559499999998184,-0.1485367003159377,0.9985168360396475,4.332922732752882,5.758738456231219,1.4258157234783368
bf16-base,fp8-base,2,linear_gemm,2.4641491369999997,1.312380059,-1.1517690779999996,46.741045852534356,1.8776185451016514,53.65184012799244,37.92093681629355,-15.730903311698896
bf16-base,fp8-base,2,memory_ops,0.009028268,0.009073703,4.543499999999992e-05,-0.5032526726056474,0.9949926727819943,0.19657218960309628,0.26218267779456805,0.06561048819147178
bf16-base,fp8-base,2,other,0.13175984,0.19805450500000002,0.06629466500000003,-50.31477345449116,0.6652706031604784,2.868802770426579,5.722741913657265,2.8539391432306855
bf16-base,fp8-base,2,pointwise,0.07574305599999999,0.076734422,0.0009913660000000074,-1.308853976000135,0.9870805568848879,1.6491511290039174,2.217224460507294,0.5680733315033766
bf16-base,fp8-base,2,rdma_barrier,0.330211205,0.28882413300000004,-0.04138707199999997,12.533515329984024,1.1432950618430489,7.189677975701087,8.34551060373416,1.1558326280330737
bf16-base,fp8-base,2,rdma_other,0.0,0.0,0.0,,,0.0,0.0,0.0
bf16-base,fp8-base,2,sage_quantization,0.052237372,0.052196761,-4.0610999999995956e-05,0.07774319121566231,1.0007780367827803,1.1373626251625975,1.5082140743622614,0.37085144919966395
bf16-base,fp8-base,2,vsa,0.659051976,0.6593353439999999,0.00028336799999995055,-0.042996305347542396,0.9995702217352996,14.349517535873687,19.05135158760681,4.7018340517331225
bf16-base,fp8-base,3,attention_other,0.00013689599999999998,0.000134368,-2.5279999999999866e-06,1.8466573165030309,1.018814003334127,0.002980632217376076,0.0038825341814582776,0.0009019019640822017
bf16-base,fp8-base,3,communication_other,0.0021096,0.002571679,0.0004620789999999998,-21.90363102009858,0.8203201099359602,0.045932253139438474,0.07430810625475144,0.028375853115312967
bf16-base,fp8-base,3,concurrent_mixed,0.0,0.0,0.0,,,0.0,0.0,0.0
bf16-base,fp8-base,3,idle,0.669235949,0.660669105,-0.008566844000000073,1.2800932186624148,1.0129669208612382,14.571252853375208,19.089890322070342,4.518637468695134
bf16-base,fp8-base,3,layout_copy,0.199065723,0.19994011699999997,0.0008743939999999728,-0.439248900726108,0.9956267205745409,4.3342516023043896,5.777226262929174,1.4429746606247846
bf16-base,fp8-base,3,linear_gemm,2.5761505860000002,1.3387642679999998,-1.2373863180000004,48.03237530929025,1.9242749807242394,56.09044408488091,38.683302805913385,-17.407141278967522
bf16-base,fp8-base,3,memory_ops,0.0078848,0.007989463,0.00010466299999999963,-1.327402090097407,0.9868998704919217,0.17167549751319894,0.23085379844156492,0.059178300928365984
bf16-base,fp8-base,3,other,0.131662746,0.19813486700000002,0.06647212100000002,-50.48665854196906,0.66451073449884,2.8666887458786454,5.7250639561963395,2.858375210317694
bf16-base,fp8-base,3,pointwise,0.075525119,0.07664542,0.001120301000000004,-1.4833488709895315,0.9853833275360745,1.6444059936927449,2.2146527670444294,0.5702467733516845
bf16-base,fp8-base,3,rdma_barrier,0.20697538599999998,0.261556232,0.054580846000000016,-26.370694146211182,0.7913227087626801,4.506468441119165,7.557610525671524,3.0511420845523585
bf16-base,fp8-base,3,rdma_other,0.0,0.0,0.0,,,0.0,0.0,0.0
bf16-base,fp8-base,3,sage_quantization,0.052398784,0.052277500000000005,-0.00012128399999999234,0.23146338663124766,1.0023200038257376,1.1408770434616793,1.510547010234469,0.3696699667727896
bf16-base,fp8-base,3,vsa,0.6717055249999999,0.662149358,-0.009556166999999949,1.42267208536061,1.0144320414790766,14.625022852417244,19.13266191106256,4.5076390586453154
bf16-base,fp8-base,4,attention_other,0.000132128,0.00012972800000000002,-2.399999999999977e-06,1.8164204407846718,1.0185002466699553,0.002876818706298695,0.0037484623890525976,0.0008716436827539025
bf16-base,fp8-base,4,communication_other,0.00288839,0.003254244,0.0003658540000000001,-12.666364306759137,0.8875763464571187,0.0628888228315428,0.09403067370806674,0.031141850876523935
bf16-base,fp8-base,4,concurrent_mixed,0.0,0.0,0.0,,,0.0,0.0,0.0
bf16-base,fp8-base,4,idle,0.6591594780000001,0.659876111,0.000716632999999911,-0.10871921347082036,0.9989139885683785,14.351858173471808,19.06697693264212,4.715118759170313
bf16-base,fp8-base,4,layout_copy,0.196203262,0.196687885,0.00048462300000001735,-0.24700048055266155,0.9975360810860312,4.271927330758234,5.683253725524193,1.4113263947659593
bf16-base,fp8-base,4,linear_gemm,2.5213812520000003,1.286783594,-1.2345976580000002,48.9651319894878,1.9594446678965043,54.897953132299165,37.181332518491985,-17.71662061380718
bf16-base,fp8-base,4,memory_ops,0.008823308,0.008782887999999999,-4.042000000000108e-05,0.45810482871051494,1.0046021308708482,0.19210960209671626,0.2537796415211935,0.06167003942447721
bf16-base,fp8-base,4,other,0.12863196600000001,0.19271355,0.064081584,-49.81777546648085,0.6674775385539834,2.800699670143934,5.568416178741731,2.767716508597797
bf16-base,fp8-base,4,pointwise,0.07563716100000001,0.076760405,0.0011232439999999955,-1.48504251765873,0.9853668828349721,1.6468454805652557,2.2179752336499825,0.5711297530847268
bf16-base,fp8-base,4,rdma_barrier,0.285537653,0.329974781,0.04443712799999999,-15.56261583476699,0.8653317448523438,6.217002160806382,9.534549641668473,3.317547480862091
bf16-base,fp8-base,4,rdma_other,0.0,0.0,0.0,,,0.0,0.0,0.0
bf16-base,fp8-base,4,sage_quantization,0.052051484,0.052095001,4.351699999999986e-05,-0.08360376430380789,0.9991646607320346,1.133315291700527,1.5052737412598471,0.3719584495593202
bf16-base,fp8-base,4,vsa,0.662405032,0.6537741899999999,-0.008630842000000083,1.3029553797230364,1.013201564289346,14.422523516620139,18.890663250403357,4.468139733783218
bf16-base,fp8-base,5,attention_other,0.00012928,0.000128352,-9.28000000000002e-07,0.7178217821782185,1.0072301171777611,0.002814809293641736,0.0037087031678564304,0.0008938938742146943
bf16-base,fp8-base,5,communication_other,0.004513922,0.003615551,-0.0008983710000000002,19.902226932587674,1.248474160646607,0.09828147893234755,0.10447056101382514,0.006189082081477587
bf16-base,fp8-base,5,concurrent_mixed,0.0,0.0,0.0,,,0.0,0.0,0.0
bf16-base,fp8-base,5,idle,0.65969147,0.6617140450000001,0.0020225750000001375,-0.3065940810179191,0.9969434304511398,14.36344121822539,19.120083636457498,4.756642418232108
bf16-base,fp8-base,5,layout_copy,0.197011023,0.19738660100000002,0.0003755780000000153,-0.19063806394223892,0.9980972467325682,4.28951468510416,5.703442972615255,1.4139282875110952
bf16-base,fp8-base,5,linear_gemm,2.4322728849999997,1.2699128499999999,-1.1623600349999998,47.78904711590369,1.915306932282794,52.957799515553816,36.69385603416065,-16.263943481393163
bf16-base,fp8-base,5,memory_ops,0.008813352,0.008744925,-6.842699999999938e-05,0.776401532583737,1.0078247669362514,0.19189283042803204,0.2526827088800088,0.06078987845197678
bf16-base,fp8-base,5,other,0.127796891,0.192661796,0.064864905,-50.75624648803077,0.6633224316044474,2.7825176089520416,5.5669207581503155,2.784403149198274
bf16-base,fp8-base,5,pointwise,0.075448505,0.076798625,0.0013501199999999963,-1.789458916382758,0.9824199977538661,1.6427378795279624,2.219079592250359,0.5763417127223964
bf16-base,fp8-base,5,rdma_barrier,0.38682585199999997,0.35181100600000004,-0.03501484599999993,9.051837104206761,1.0995274320667499,8.422346869047669,10.165502621220998,1.7431557521733296
bf16-base,fp8-base,5,rdma_other,0.0,0.0,0.0,,,0.0,0.0,0.0
bf16-base,fp8-base,5,sage_quantization,0.052088884,0.052065221,-2.3663000000000156e-05,0.04542811859820084,1.0004544876511712,1.134129600701008,1.5044132546266917,0.37028365392568374
bf16-base,fp8-base,5,vsa,0.64825905,0.645993405,-0.0022656449999999273,0.34949685623362203,1.003507226207673,14.114523504233933,18.665839157456542,4.551315653222609
bf16-base,fp8-base,6,attention_other,0.00012832,0.000127168,-1.1519999999999781e-06,0.8977556109725504,1.0090588827377955,0.002793907244431525,0.0036744917449667053,0.0008805845005351804
bf16-base,fp8-base,6,communication_other,0.003716036,0.003726817,1.0781000000000072e-05,-0.29012097837588513,0.9971071828855562,0.08090913264470345,0.10768556792197394,0.026776435277270486
bf16-base,fp8-base,6,concurrent_mixed,0.0,0.0,0.0,,,0.0,0.0,0.0
bf16-base,fp8-base,6,idle,0.6641219129999999,0.6600801430000001,-0.0040417699999998336,0.608588561961787,1.006123150412661,14.459905111568135,19.072872392975768,4.612967281407633
bf16-base,fp8-base,6,layout_copy,0.196652288,0.197334076,0.0006817879999999887,-0.3466972120863332,0.9965450062461589,4.281703959454759,5.701925274146267,1.4202213146915081
bf16-base,fp8-base,6,linear_gemm,2.480321833,1.2848610759999999,-1.1954607570000002,48.197808086625024,1.9304202449043606,54.003967719298466,37.125781778364356,-16.87818594093411
bf16-base,fp8-base,6,memory_ops,0.008310501999999999,0.008331906,2.140400000000091e-05,-0.2575536351474339,0.9974310799953815,0.1809442935057877,0.2407486145637154,0.05980432105792771
bf16-base,fp8-base,6,other,0.127337265,0.192009751,0.064672486,-50.78834228142091,0.6631812412485238,2.7725101867954867,5.548080059469462,2.7755698726739753
bf16-base,fp8-base,6,pointwise,0.075724318,0.07681089299999999,0.0010865749999999924,-1.4349089284633632,0.9858538944469765,1.6487431471308958,2.219434073446314,0.5706909263154183
bf16-base,fp8-base,6,rdma_barrier,0.3365185,0.343348094,0.006829593999999994,-2.0294854517656447,0.9801088338064285,7.327006507444125,9.920968616735754,2.5939621092916294
bf16-base,fp8-base,6,rdma_other,0.0,0.0,0.0,,,0.0,0.0,0.0
bf16-base,fp8-base,6,sage_quantization,0.052028495,0.052081873,5.337799999999976e-05,-0.10259378058119495,0.998975113663827,1.132814752940846,1.5048944105506443,0.3720796576097982
bf16-base,fp8-base,6,vsa,0.647991644,0.64212058,-0.005871063999999926,0.9060400785044553,1.0091432422240694,14.108701281972364,18.553934720080782,4.445233438108419
bf16-base,fp8-base,7,attention_other,0.000160672,0.000160512,-1.5999999999999847e-07,0.09958175662219126,1.0009968102073366,0.003498306302815633,0.004637959384185454,0.001139653081369821
bf16-base,fp8-base,7,communication_other,0.0015140169999999999,0.001509088,-4.928999999999871e-06,0.3255577711478663,1.0032662111155877,0.03296464358239155,0.0436047700555825,0.010640126473190945
bf16-base,fp8-base,7,concurrent_mixed,0.0,0.0,0.0,,,0.0,0.0,0.0
bf16-base,fp8-base,7,idle,0.6648819109999999,0.66090052,-0.003981390999999945,0.5988117489934108,1.0060241910537457,14.476452523646948,19.09657700824266,4.6201244845957135
bf16-base,fp8-base,7,layout_copy,0.208484575,0.209086452,0.0006018770000000007,-0.28869138160461105,0.9971213964642721,4.539327964812403,6.041507626591416,1.5021796617790129
bf16-base,fp8-base,7,linear_gemm,2.62756723,1.428312046,-1.1992551839999999,45.6412749522683,1.8396310787677834,57.209937025622466,41.27076640556984,-15.939170620052629
bf16-base,fp8-base,7,memory_ops,0.008556104,0.008749248,0.00019314399999999926,-2.257382565709798,0.9779245027686951,0.18629177797466917,0.2528076210262523,0.06651584305158315
bf16-base,fp8-base,7,other,0.144622526,0.215614901,0.070992375,-49.088048012658824,0.6707445790121899,3.1488616201635486,6.23014574276794,3.081284122604391
bf16-base,fp8-base,7,pointwise,0.076045692,0.07734175500000001,0.001296063000000014,-1.7043213966676962,0.9832423895733939,1.6557404129255648,2.234773215657535,0.5790328027319702
bf16-base,fp8-base,7,rdma_barrier,0.0054994269999999994,0.00376704,-0.0017323869999999993,31.501227309681525,1.4598801711688751,0.11973884768954433,0.10884780277239067,-0.010891044917153661
bf16-base,fp8-base,7,rdma_other,0.0,0.0,0.0,,,0.0,0.0,0.0
bf16-base,fp8-base,7,sage_quantization,0.054268484,0.054098493,-0.00016999100000000128,0.3132407383998448,1.0031422501917013,1.1815859615953577,1.5631642075336492,0.3815782459382915
bf16-base,fp8-base,7,vsa,0.8012504760000001,0.801292322,4.184599999990102e-05,-0.005222586600983625,0.9999477768613888,17.445600915684288,23.15316764039855,5.707566724714262
bf16-overlap,fp8-overlap,0,attention_other,0.00013516800000000002,0.00013424,-9.280000000000291e-07,0.6865530303030498,1.0069129916567345,0.003053152603094987,0.004030549765726997,0.00097739716263201
bf16-overlap,fp8-overlap,0,communication_other,0.002604291,0.002783457,0.00017916600000000013,-6.879645938184331,0.9356318419864219,0.0588252977470026,0.08357316715778583,0.024747869410783233
bf16-overlap,fp8-overlap,0,concurrent_mixed,0.035395326,0.025290479999999997,-0.010104846,28.54853208584659,1.3995513726904354,0.799503815357893,0.7593454874785706,-0.0401583278793225
bf16-overlap,fp8-overlap,0,idle,0.43749953399999997,0.5420898710000001,0.10459033700000009,-23.9063882065758,0.8070608904625705,9.882167680848603,16.276223201445383,6.39405552059678
bf16-overlap,fp8-overlap,0,layout_copy,0.173233475,0.178424005,0.005190529999999999,-2.9962627026906885,0.9709090152975772,3.912969305896665,5.357172463891706,1.444203157995041
bf16-overlap,fp8-overlap,0,linear_gemm,2.560991566,1.317764206,-1.2432273600000001,48.544765883075144,1.9434368867657648,57.84725723719525,39.565809086536966,-18.281448150658285
bf16-overlap,fp8-overlap,0,memory_ops,0.009730884,0.012673222000000001,0.002942338000000001,-30.237108982082205,0.7678303118180996,0.2197996109657268,0.3805129019897663,0.16071329102403947
bf16-overlap,fp8-overlap,0,other,0.140686716,0.188124606,0.04743789000000001,-33.7188125138979,0.7478379303555857,3.1778084544883787,5.6484325584086985,2.47062410392032
bf16-overlap,fp8-overlap,0,pointwise,0.07730574,0.078706781,0.0014010410000000056,-1.8123376090831034,0.9821992338881195,1.7461693693417397,2.3631674442839397,0.6169980749421999
bf16-overlap,fp8-overlap,0,rdma_barrier,0.266128621,0.27268699900000004,0.006558378000000031,-2.464364026445698,0.975949062390026,6.0112696197637705,8.187414481050714,2.176144861286944
bf16-overlap,fp8-overlap,0,rdma_other,0.0,0.0,0.0,,,0.0,0.0,0.0
bf16-overlap,fp8-overlap,0,sage_quantization,0.052275472999999996,0.052195965999999996,-7.95069999999995e-05,0.15209235887736483,1.0015232403209091,1.1807898057822246,1.5671814551042484,0.38639164932202386
bf16-overlap,fp8-overlap,0,vsa,0.671174818,0.6596891869999999,-0.011485631000000107,1.7112726359766572,1.0174106703980281,15.160386650009649,19.807137202886494,4.646750552876846
bf16-overlap,fp8-overlap,1,attention_other,0.000134784,0.00013526399999999998,4.799999999999954e-07,-0.35612535612534746,0.9964513839602556,0.003044478874108922,0.00406129531817116,0.0010168164440622377
bf16-overlap,fp8-overlap,1,communication_other,0.0028803899999999996,0.00286058,-1.9809999999999446e-05,0.6877540888560074,1.0069251690216667,0.06506177665149125,0.08588878165109753,0.020827004999606283
bf16-overlap,fp8-overlap,1,concurrent_mixed,0.031657493,0.02962596,-0.002031533000000002,6.417226405135745,1.0685727314827942,0.715074256927759,0.8895180731334728,0.1744438162057137
bf16-overlap,fp8-overlap,1,idle,0.48043054,0.53561803,0.05518748999999995,-11.487090308621916,0.8969648389170172,10.851886199450538,16.081906475980748,5.23002027653021
bf16-overlap,fp8-overlap,1,layout_copy,0.176500492,0.176084013,-0.0004164789999999974,0.23596478133329768,1.0023652289205836,3.986764149779134,5.2869143127638525,1.3001501629847185
bf16-overlap,fp8-overlap,1,linear_gemm,2.5252754669999997,1.3022610620000001,-1.2230144049999996,48.43093044629019,1.9391468736089719,57.04050785395182,39.100327907922306,-17.940179946029517
bf16-overlap,fp8-overlap,1,memory_ops,0.009246702,0.012619477,0.0033727749999999997,-36.47543740460111,0.7327325847180514,0.2088629874034063,0.3788992108607511,0.17003622345734482
bf16-overlap,fp8-overlap,1,other,0.140399647,0.188918534,0.04851888700000001,-34.557698709883525,0.7431756113457878,3.171324187024054,5.672270209737691,2.5009460227136375
bf16-overlap,fp8-overlap,1,pointwise,0.077240567,0.078712255,0.0014716879999999988,-1.9053303945839817,0.9813029368806675,1.7446972523125501,2.3633318008797204,0.6186345485671703
bf16-overlap,fp8-overlap,1,rdma_barrier,0.268474876,0.29126351899999997,0.022788642999999997,-8.48818457038789,0.9217593638975432,6.064266442686168,8.74517363133396,2.680907188647793
bf16-overlap,fp8-overlap,1,rdma_other,0.0,0.0,0.0,,,0.0,0.0,0.0
bf16-overlap,fp8-overlap,1,sage_quantization,0.052249026999999997,0.052341118,9.209100000000248e-05,-0.17625399990701673,0.9982405610823979,1.1801924478739811,1.5715396371632084,0.3913471892892273
bf16-overlap,fp8-overlap,1,vsa,0.6626716269999999,0.660123208,-0.002548418999999913,0.38456739298420306,1.0038605202318533,14.968317967064989,19.820168663255018,4.851850696190029
bf16-overlap,fp8-overlap,2,attention_other,0.00013564799999999999,0.00013519999999999998,-4.4800000000000655e-07,0.3302665723047937,1.0033136094674557,0.0030639947643275687,0.0040593737211434,0.0009953789568158313
bf16-overlap,fp8-overlap,2,communication_other,0.003286888,0.0026281,-0.000658788,20.042909889232607,1.2506708268330733,0.07424368676966202,0.07890858044775866,0.004664893678096638
bf16-overlap,fp8-overlap,2,concurrent_mixed,0.040328249999999996,0.032386834,-0.007941415999999993,19.691942992815193,1.2452050731479338,0.910927893183042,0.9724131867650413,0.06148529358199928
bf16-overlap,fp8-overlap,2,idle,0.47740861,0.535085685,0.05767707499999997,-12.081280854989185,0.8922096467596587,10.78362734050559,16.065922842078514,5.282295501572925
bf16-overlap,fp8-overlap,2,layout_copy,0.170888292,0.174761168,0.0038728759999999973,-2.266320269617994,0.9778390357290356,3.8599966971343536,5.247195953073423,1.3871992559390698
bf16-overlap,fp8-overlap,2,linear_gemm,2.504827632,1.309944428,-1.194883204,47.70321074132896,1.9121632784257316,56.57863551243677,39.331020615247205,-17.247614897189564
bf16-overlap,fp8-overlap,2,memory_ops,0.009005111,0.012469234999999999,0.003464123999999999,-38.46842087787701,0.7221863249830484,0.20340596954019668,0.37438820178817694,0.17098223224798026
bf16-overlap,fp8-overlap,2,other,0.139965697,0.188681657,0.04871596,-34.80564241394091,0.7418087122268594,3.1615221956347233,5.665157988813555,2.503635793178832
bf16-overlap,fp8-overlap,2,pointwise,0.077221625,0.078716539,0.001494914,-1.9358748278089255,0.9810088957290157,1.7442693935249094,2.363460427780766,0.6191910342558564
bf16-overlap,fp8-overlap,2,rdma_barrier,0.290947162,0.284375414,-0.006571747999999988,2.258742774744782,1.0231094098732458,6.571866751179265,8.538358598601146,1.9664918474218807
bf16-overlap,fp8-overlap,2,rdma_other,0.0,0.0,0.0,,,0.0,0.0,0.0
bf16-overlap,fp8-overlap,2,sage_quantization,0.052251418,0.052253773,2.355000000002494e-06,-0.004507054717639569,0.9999549314840863,1.1802464553896208,1.5689171075946193,0.3886706522049985
bf16-overlap,fp8-overlap,2,vsa,0.660895279,0.659124987,-0.0017702920000000066,0.26786270930526657,1.0026858214070407,14.928194109937543,19.790197124088646,4.862003014151103
bf16-overlap,fp8-overlap,3,attention_other,0.000138752,0.00013503999999999998,-3.712000000000008e-06,2.6752767527675303,1.027488151658768,0.00313410740696493,0.004054569728574,0.0009204623216090696
bf16-overlap,fp8-overlap,3,communication_other,0.0014011199999999998,0.00231427,0.0009131500000000004,-65.17286171063152,0.6054263331417681,0.031648268637905784,0.0694858492724152,0.03783758063450942
bf16-overlap,fp8-overlap,3,concurrent_mixed,0.027240189999999997,0.026316461,-0.0009237289999999981,3.3910519713702403,1.0351008062976248,0.6152969416378288,0.7901505193557334,0.17485357771790466
bf16-overlap,fp8-overlap,3,idle,0.479227374,0.5423474340000001,0.06312006000000009,-13.17121337897531,0.8836169288486021,10.82470928328062,16.283956518558835,5.459247235278214
bf16-overlap,fp8-overlap,3,layout_copy,0.177690572,0.177234619,-0.0004559529999999812,0.25659943286129305,1.0025725955943177,4.013645481528448,5.3214612044782745,1.3078157229498268
bf16-overlap,fp8-overlap,3,linear_gemm,2.6347337189999998,1.3378257329999999,-1.296907986,49.223493693026214,1.9694147406566593,59.5129328881613,40.16815550302964,-19.344777385131664
bf16-overlap,fp8-overlap,3,memory_ops,0.010765888,0.012350972,0.0015850840000000005,-14.723207226380207,0.8716632180851839,0.24317811147482457,0.37083736070545814,0.12765924923063357
bf16-overlap,fp8-overlap,3,other,0.142278941,0.190342371,0.04806343000000002,-33.78112717327579,0.7474895907438286,3.2137733715061856,5.715020849537926,2.5012474780317406
bf16-overlap,fp8-overlap,3,pointwise,0.077398845,0.078716013,0.0013171680000000074,-1.7017928368310953,0.9832668354277546,1.748272409803322,2.363444634655194,0.6151722248518721
bf16-overlap,fp8-overlap,3,rdma_barrier,0.13208898,0.247991701,0.11590272100000001,-87.74594292423185,0.5326346787709642,2.9836042045984383,7.44593930548115,4.4623351008827115
bf16-overlap,fp8-overlap,3,rdma_other,0.0,0.0,0.0,,,0.0,0.0,0.0
bf16-overlap,fp8-overlap,3,sage_quantization,0.052241244,0.052256989,1.5744999999997566e-05,-0.030139021957431567,0.9996987005891212,1.180016646747162,1.5690136678452642,0.3889970210981022
bf16-overlap,fp8-overlap,3,vsa,0.691955987,0.6627314169999999,-0.029224570000000116,4.223472381054794,1.0440971549716047,15.629788285216998,19.89848001735154,4.268691732134544
bf16-overlap,fp8-overlap,4,attention_other,0.000134336,0.000130368,-3.968e-06,2.953787517865647,1.030436917034855,0.003034359523625179,0.003914293145547506,0.0008799336219223264
bf16-overlap,fp8-overlap,4,communication_other,0.002241252,0.003138083,0.0008968309999999998,-40.01473283682513,0.7142105546602815,0.050625032389262595,0.09422079633851216,0.043595763949249564
bf16-overlap,fp8-overlap,4,concurrent_mixed,0.040534845,0.037481417999999996,-0.0030534270000000044,7.53284488937852,1.0814650875801979,0.9155944271410529,1.1253778347662071,0.20978340762515424
bf16-overlap,fp8-overlap,4,idle,0.479435995,0.5420616680000001,0.0626256730000001,-13.062363621655093,0.8844676229716356,10.829421580194168,16.275376407680163,5.445954827485995
bf16-overlap,fp8-overlap,4,layout_copy,0.168715154,0.170192112,0.0014769580000000004,-0.8754151390574005,0.9913218187221273,3.810910212599666,5.110010258866082,1.2991000462664162
bf16-overlap,fp8-overlap,4,linear_gemm,2.5792201439999998,1.2704697779999998,-1.308750366,50.742096173702954,2.030131049681687,58.25900136577169,38.145796082249184,-20.113205283522504
bf16-overlap,fp8-overlap,4,memory_ops,0.009122033,0.011978312000000001,0.0028562790000000015,-31.311868746802407,0.7615457837464911,0.20604698448943815,0.35964826151225326,0.15360127702281512
bf16-overlap,fp8-overlap,4,other,0.13626972699999998,0.18648520600000001,0.050215479000000035,-36.8500620831214,0.7307267419379099,3.0780382317789217,5.599209649544479,2.521171417765557
bf16-overlap,fp8-overlap,4,pointwise,0.07724355699999999,0.078815472,0.001571915000000007,-2.0350111530985204,0.9800557560576431,1.7447647899418948,2.366430886511194,0.6216660965692993
bf16-overlap,fp8-overlap,4,rdma_barrier,0.207113891,0.32354943100000005,0.11643554000000006,-56.218122037985395,0.640130598777038,4.678254582769453,9.714556639735944,5.036302056966491
bf16-overlap,fp8-overlap,4,rdma_other,0.0,0.0,0.0,,,0.0,0.0,0.0
bf16-overlap,fp8-overlap,4,sage_quantization,0.052195102,0.052024183,-0.00017091899999999854,0.32746176068397803,1.003285375956793,1.1789743988230081,1.5620236785070651,0.383049279684057
bf16-overlap,fp8-overlap,4,vsa,0.674935576,0.654236989,-0.020698586999999935,3.066750033043142,1.0316377510718826,15.24533403457782,19.64343521114337,4.39810117656555
bf16-overlap,fp8-overlap,5,attention_other,0.00013292799999999998,0.000128192,-4.735999999999976e-06,3.562831006259015,1.036944583125312,0.003002555850676273,0.003848958846603659,0.0008464029959273861
bf16-overlap,fp8-overlap,5,communication_other,0.0034013140000000003,0.003445951,4.4636999999999715e-05,-1.3123457581393438,0.9870465366454718,0.07682832248049408,0.10346451874073831,0.02663619626024423
bf16-overlap,fp8-overlap,5,concurrent_mixed,0.040762801,0.035768555,-0.004994246000000001,12.251969632803206,1.1396267196144771,0.9207434598617494,1.073949202738701,0.15320574287695155
bf16-overlap,fp8-overlap,5,idle,0.471861808,0.5500497830000001,0.07818797500000008,-16.57010032903534,0.8578529118336184,10.658337087153077,16.51521918957714,5.8568821024240645
bf16-overlap,fp8-overlap,5,layout_copy,0.169693888,0.17145276,0.0017588720000000224,-1.036496965642053,0.9897413608273204,3.8330176955826025,5.147861156520017,1.3148434609374147
bf16-overlap,fp8-overlap,5,linear_gemm,2.5164217,1.254708474,-1.261713226,50.1391808058244,2.005582772528561,56.84052041784825,37.67256366162379,-19.167956756224463
bf16-overlap,fp8-overlap,5,memory_ops,0.008619909,0.012202237,0.003582327999999999,-41.558768195812725,0.7064203883271568,0.1947050899753781,0.366371599237897,0.17166650926251892
bf16-overlap,fp8-overlap,5,other,0.135187412,0.18540110899999998,0.050213696999999974,-37.14376675840201,0.7291618304181774,3.0535910781655016,5.566659687466295,2.5130686093007935
bf16-overlap,fp8-overlap,5,pointwise,0.077215581,0.078797888,0.0015823069999999911,-2.0492068822223652,0.9799194237287173,1.7441328726447225,2.365902927727817,0.6217700550830945
bf16-overlap,fp8-overlap,5,rdma_barrier,0.291723364,0.33994679,0.048223426000000014,-16.530532672727595,0.8581441936839586,6.589399474581458,10.206886582197145,3.6174871076156867
bf16-overlap,fp8-overlap,5,rdma_other,0.0,0.0,0.0,,,0.0,0.0,0.0
bf16-overlap,fp8-overlap,5,sage_quantization,0.052123220000000005,0.052044361000000004,-7.885900000000057e-05,0.1512934158710899,1.0015152265967873,1.1773507400027574,1.5626295220199737,0.3852787820172163
bf16-overlap,fp8-overlap,5,vsa,0.6600176870000001,0.64661692,-0.013400767000000036,2.030364831723064,1.0207244298525315,14.908371205853328,19.414642993303875,4.506271787450547
bf16-overlap,fp8-overlap,6,attention_other,0.000134656,0.00012742500000000002,-7.2309999999999855e-06,5.36997980038022,1.056747106140867,0.003041587631113567,0.0038259297072240957,0.0007843420761105288
bf16-overlap,fp8-overlap,6,communication_other,0.0033942440000000003,0.003387394,-6.850000000000085e-06,0.20181224449391522,1.0020222034992092,0.0766686264806725,0.10170634753519842,0.02503772105452591
bf16-overlap,fp8-overlap,6,concurrent_mixed,0.039622169,0.038985771,-0.0006363979999999964,1.606166487251104,1.0163238531309282,0.8949790514220786,1.1705459637271778,0.2755669123050992
bf16-overlap,fp8-overlap,6,idle,0.483878989,0.547062756,0.063183767,-13.057762051329735,0.8845036217380515,10.929779199576236,16.425533842623402,5.4957546430471655
bf16-overlap,fp8-overlap,6,layout_copy,0.168686521,0.169424475,0.0007379539999999851,-0.43747063821417687,0.9956443483150826,3.8102634550943066,5.0869619935911015,1.2766985384967948
bf16-overlap,fp8-overlap,6,linear_gemm,2.52324282,1.273856794,-1.249386026,49.51509288352993,1.9807900164953707,56.99459475707073,38.247491080351935,-18.747103676718794
bf16-overlap,fp8-overlap,6,memory_ops,0.008584967,0.012054978000000001,0.0034700110000000003,-40.4196195512458,0.7121511959623651,0.19391582581331798,0.36195015460178864,0.16803432878847066
bf16-overlap,fp8-overlap,6,other,0.135899573,0.184235076,0.048335503,-35.56707496056666,0.7376422337731171,3.0696772539687442,5.531649600793322,2.4619723468245773
bf16-overlap,fp8-overlap,6,pointwise,0.077279901,0.078863892,0.0015839910000000068,-2.0496804207862596,0.9799148766332759,1.7455857222498883,2.367884694762509,0.6222989725126207
bf16-overlap,fp8-overlap,6,rdma_barrier,0.273106857,0.327815806,0.05470894900000001,-20.032067155311296,0.8331107042471283,6.168892869411699,9.842654350975168,3.67376148156347
bf16-overlap,fp8-overlap,6,rdma_other,0.0,0.0,0.0,,,0.0,0.0,0.0
bf16-overlap,fp8-overlap,6,sage_quantization,0.052096587,0.051992753,-0.0001038339999999971,0.19931056136172076,1.0019970860169685,1.1767491581692004,1.5610799942167135,0.38433083604751306
bf16-overlap,fp8-overlap,6,vsa,0.661234328,0.6427559,-0.01847842799999999,2.794535494835948,1.0287487489418612,14.935852493112014,19.29871604711446,4.3628635540024465
bf16-overlap,fp8-overlap,7,attention_other,0.000160192,0.00016054399999999999,3.519999999999858e-07,-0.21973631642029368,0.9978074546541759,0.0036183906086869094,0.004820326144136435,0.0012019355354495258
bf16-overlap,fp8-overlap,7,communication_other,0.001516961,0.001522208,5.246999999999891e-06,-0.34588891869995475,0.9965530334881961,0.03426486613653805,0.045704224506762224,0.011439358370224174
bf16-overlap,fp8-overlap,7,concurrent_mixed,0.033792625,0.031034335,-0.00275829,8.162402299318272,1.0888786564944923,0.7633022681711851,0.9318044671017814,0.16850219893059637
bf16-overlap,fp8-overlap,7,idle,0.41684884499999997,0.51945231,0.10260346500000006,-24.614069639559656,0.8024776037669367,9.415713306469645,15.596531483736944,6.1808181772673
bf16-overlap,fp8-overlap,7,layout_copy,0.179665453,0.18201574099999998,0.002350287999999978,-1.3081468700607557,0.9870874464643145,4.058253769480869,5.465014170487007,1.4067604010061379
bf16-overlap,fp8-overlap,7,linear_gemm,2.6418756360000004,1.4309929179999998,-1.2108827180000006,45.834205876298114,1.8461835853753685,59.67425333737737,42.96549590585438,-16.70875743152299
bf16-overlap,fp8-overlap,7,memory_ops,0.013430023999999999,0.013516416,8.639200000000111e-05,-0.6432750976469004,0.9936083648209703,0.3033551782613352,0.4058297626807854,0.10247458441945023
bf16-overlap,fp8-overlap,7,other,0.150849653,0.20420396400000002,0.053354311000000015,-35.36919703752983,0.7387204932025707,3.407367207718732,6.131214535613261,2.7238473278945294
bf16-overlap,fp8-overlap,7,pointwise,0.077635085,0.079251713,0.001616627999999995,-2.082342023583794,0.9796013494370779,1.7536085601566243,2.3795290022766182,0.625920442119994
bf16-overlap,fp8-overlap,7,rdma_barrier,0.05594413,0.013003647,-0.042940483,76.75601175672944,4.30218768626986,1.2636568280760563,0.39043389726941724,-0.873222930806639
bf16-overlap,fp8-overlap,7,rdma_other,0.0,0.0,0.0,,,0.0,0.0,0.0
bf16-overlap,fp8-overlap,7,sage_quantization,0.054016319,0.054054462,3.814299999999743e-05,-0.07061384541955373,0.9992943598254664,1.2201117495595053,1.6229827111933766,0.40287096163387126
bf16-overlap,fp8-overlap,7,vsa,0.801426689,0.801354762,-7.192700000002716e-05,0.008974869565392396,1.0000897567512053,18.10249453798345,24.06063951313553,5.958144975152081
bf16-base,fp8-overlap,0,attention_other,0.000134304,0.00013424,-6.400000000000481e-08,0.04765308553729142,1.000476758045292,0.0029241966845085063,0.004030549765726997,0.0011063530812184907
bf16-base,fp8-overlap,0,communication_other,0.003295587,0.002783457,-0.00051213,15.539871956043038,1.1839906274822998,0.07175471005263681,0.08357316715778583,0.011818457105149019
bf16-base,fp8-overlap,0,concurrent_mixed,0.0,0.025290479999999997,0.025290479999999997,,0.0,0.0,0.7593454874785706,0.7593454874785706
bf16-base,fp8-overlap,0,idle,0.666869963,0.5420898710000001,-0.12478009199999995,18.71130788957126,1.2301834044045437,14.51973831608076,16.276223201445383,1.7564848853646229
bf16-base,fp8-overlap,0,layout_copy,0.197459202,0.178424005,-0.019035197000000004,9.640065799516396,1.1066851794970076,4.299272872096851,5.357172463891706,1.0578995917948548
bf16-base,fp8-overlap,0,linear_gemm,2.503290332,1.317764206,-1.185526126,47.358714682240866,1.899649664638106,54.504060111363756,39.565809086536966,-14.93825102482679
bf16-base,fp8-overlap,0,memory_ops,0.009113066999999999,0.012673222000000001,0.0035601550000000023,-39.0664855201877,0.7190805148051536,0.19841851551036366,0.3805129019897663,0.18209438647940263
bf16-base,fp8-overlap,0,other,0.13163453,0.188124606,0.056490076,-42.914329545598704,0.6997198973535658,2.866074399815609,5.6484325584086985,2.7823581585930897
bf16-base,fp8-overlap,0,pointwise,0.075589987,0.078706781,0.003116794000000006,-4.123289503939209,0.9603999304710479,1.645818362576253,2.3631674442839397,0.7173490817076866
bf16-base,fp8-overlap,0,rdma_barrier,0.292923989,0.27268699900000004,-0.020236989999999955,6.908614780607792,1.0742132557628827,6.3778246176346665,8.187414481050714,1.8095898634160479
bf16-base,fp8-overlap,0,rdma_other,0.0,0.0,0.0,,,0.0,0.0,0.0
bf16-base,fp8-overlap,0,sage_quantization,0.05221774,0.052195965999999996,-2.177400000000218e-05,0.0416984725880587,1.0004171586746762,1.1369351782562487,1.5671814551042484,0.43024627684799976
bf16-base,fp8-overlap,0,vsa,0.6603224129999999,0.6596891869999999,-0.0006332260000000423,0.09589648746332058,1.0009598853709876,14.377178719928347,19.807137202886494,5.429958482958147
bf16-base,fp8-overlap,1,attention_other,0.00013472,0.00013526399999999998,5.439999999999731e-07,-0.4038004750593682,0.9959782351549564,0.0029332542391662646,0.00406129531817116,0.0011280410790048953
bf16-base,fp8-overlap,1,communication_other,0.003768039,0.00286058,-0.0009074589999999998,24.083057526740028,1.3172290234847477,0.08204139229582699,0.08588878165109753,0.003847389355270542
bf16-base,fp8-overlap,1,concurrent_mixed,0.0,0.02962596,0.02962596,,0.0,0.0,0.8895180731334728,0.8895180731334728
bf16-base,fp8-overlap,1,idle,0.662580234,0.53561803,-0.12696220400000002,19.161785620064244,1.2370387046156754,14.426338184146937,16.081906475980748,1.655568291833811
bf16-base,fp8-overlap,1,layout_copy,0.198831849,0.176084013,-0.022747835999999994,11.440740562644969,1.1291874010163545,4.32915947120336,5.2869143127638525,0.9577548415604928
bf16-base,fp8-overlap,1,linear_gemm,2.468539254,1.3022610620000001,-1.1662781919999998,47.24568143326757,1.8955794087929196,53.747426004630555,39.100327907922306,-14.647098096708248
bf16-base,fp8-overlap,1,memory_ops,0.008950102,0.012619477,0.0036693750000000008,-40.99813611062757,0.7092292335094393,0.19487028379209073,0.3788992108607511,0.1840289270686604
bf16-base,fp8-overlap,1,other,0.13157438500000002,0.188918534,0.05734414899999998,-43.58306443917635,0.6964609676676827,2.864764864659621,5.672270209737691,2.8075053450780705
bf16-base,fp8-overlap,1,pointwise,0.075545392,0.078712255,0.003166862999999992,-4.192000221535674,0.9597665827259048,1.644847397071535,2.3633318008797204,0.7184844038081855
bf16-base,fp8-overlap,1,rdma_barrier,0.330481288,0.29126351899999997,-0.03921776900000001,11.866865212653133,1.1346470341862485,7.195558484197797,8.74517363133396,1.5496151471361639
bf16-base,fp8-overlap,1,rdma_other,0.0,0.0,0.0,,,0.0,0.0,0.0
bf16-base,fp8-overlap,1,sage_quantization,0.052268645999999995,0.052341118,7.247200000000398e-05,-0.13865291249366418,0.9986153906762174,1.1380435529615558,1.5715396371632084,0.43349608420165264
bf16-base,fp8-overlap,1,vsa,0.660177205,0.660123208,-5.399699999997232e-05,0.008179167591826353,1.0000817983663437,14.374017110801558,19.820168663255018,5.446151552453459
bf16-base,fp8-overlap,2,attention_other,0.000137185,0.00013519999999999998,-1.9850000000000293e-06,1.4469511972883597,1.0146819526627222,0.002986924605107066,0.0040593737211434,0.0010724491160363338
bf16-base,fp8-overlap,2,communication_other,0.003717449,0.0026281,-0.0010893489999999999,29.303670339525844,1.4145005897796887,0.08093989784838473,0.07890858044775866,-0.0020313174006260787
bf16-base,fp8-overlap,2,concurrent_mixed,0.0,0.032386834,0.032386834,,0.0,0.0,0.9724131867650413,0.9724131867650413
bf16-base,fp8-overlap,2,idle,0.667810936,0.535085685,-0.132725251,19.874674678882464,1.24804485472266,14.540226091030217,16.065922842078514,1.5256967510482973
bf16-base,fp8-overlap,2,layout_copy,0.19900469,0.174761168,-0.024243522000000017,12.182387259315352,1.1387237352407718,4.332922732752882,5.247195953073423,0.914273220320541
bf16-base,fp8-overlap,2,linear_gemm,2.4641491369999997,1.309944428,-1.1542047089999996,46.83988853065917,1.8811096748296559,53.65184012799244,39.331020615247205,-14.320819512745238
bf16-base,fp8-overlap,2,memory_ops,0.009028268,0.012469234999999999,0.003440966999999998,-38.11325716073113,0.7240434557533002,0.19657218960309628,0.37438820178817694,0.17781601218508067
bf16-base,fp8-overlap,2,other,0.13175984,0.188681657,0.05692181700000001,-43.20118861710822,0.698318226026603,2.868802770426579,5.665157988813555,2.796355218386976
bf16-base,fp8-overlap,2,pointwise,0.07574305599999999,0.078716539,0.002973483000000013,-3.9257499723803324,0.9622254352417602,1.6491511290039174,2.363460427780766,0.7143092987768485
bf16-base,fp8-overlap,2,rdma_barrier,0.330211205,0.284375414,-0.045835791000000015,13.880749746211674,1.1611805688659147,7.189677975701087,8.538358598601146,1.3486806229000594
bf16-base,fp8-overlap,2,rdma_other,0.0,0.0,0.0,,,0.0,0.0,0.0
bf16-base,fp8-overlap,2,sage_quantization,0.052237372,0.052253773,1.640100000000616e-05,-0.031397061858329245,0.9996861279280252,1.1373626251625975,1.5689171075946193,0.4315544824320219
bf16-base,fp8-overlap,2,vsa,0.659051976,0.659124987,7.30110000000117e-05,-0.011078185432822352,0.9998892304169316,14.349517535873687,19.790197124088646,5.440679588214959
bf16-base,fp8-overlap,3,attention_other,0.00013689599999999998,0.00013503999999999998,-1.856000000000004e-06,1.3557737260402103,1.0137440758293839,0.002980632217376076,0.004054569728574,0.001073937511197924
bf16-base,fp8-overlap,3,communication_other,0.0021096,0.00231427,0.0002046700000000001,-9.701839211224872,0.9115617451723437,0.045932253139438474,0.0694858492724152,0.02355359613297673
bf16-base,fp8-overlap,3,concurrent_mixed,0.0,0.026316461,0.026316461,,0.0,0.0,0.7901505193557334,0.7901505193557334
bf16-base,fp8-overlap,3,idle,0.669235949,0.5423474340000001,-0.12688851499999998,18.96020606627633,1.2339616766767998,14.571252853375208,16.283956518558835,1.7127036651836267
bf16-base,fp8-overlap,3,layout_copy,0.199065723,0.177234619,-0.02183110399999999,10.966782061219039,1.1231762966127965,4.3342516023043896,5.3214612044782745,0.987209602173885
bf16-base,fp8-overlap,3,linear_gemm,2.5761505860000002,1.3378257329999999,-1.2383248530000004,48.068806991704335,1.9256249318983616,56.09044408488091,40.16815550302964,-15.92228858185127
bf16-base,fp8-overlap,3,memory_ops,0.0078848,0.012350972,0.004466171999999999,-56.642806412337656,0.6383950995921617,0.17167549751319894,0.37083736070545814,0.1991618631922592
bf16-base,fp8-overlap,3,other,0.131662746,0.190342371,0.05867962500000001,-44.56813091229315,0.6917153826984743,2.8666887458786454,5.715020849537926,2.848332103659281
bf16-base,fp8-overlap,3,pointwise,0.075525119,0.078716013,0.0031908939999999997,-4.224944021604249,0.9594632162073554,1.6444059936927449,2.363444634655194,0.7190386409624492
bf16-base,fp8-overlap,3,rdma_barrier,0.20697538599999998,0.247991701,0.041016315000000025,-19.81700133174291,0.8346060983710095,4.506468441119165,7.44593930548115,2.9394708643619847
bf16-base,fp8-overlap,3,rdma_other,0.0,0.0,0.0,,,0.0,0.0,0.0
bf16-base,fp8-overlap,3,sage_quantization,0.052398784,0.052256989,-0.00014179500000000012,0.27060742478298705,1.002713416955577,1.1408770434616793,1.5690136678452642,0.4281366243835849
bf16-base,fp8-overlap,3,vsa,0.6717055249999999,0.6627314169999999,-0.00897410799999998,1.3360181904116364,1.0135410933747842,14.625022852417244,19.89848001735154,5.273457164934298
bf16-base,fp8-overlap,4,attention_other,0.000132128,0.000130368,-1.7599999999999831e-06,1.3320416565754334,1.0135002454590083,0.002876818706298695,0.003914293145547506,0.0010374744392488105
bf16-base,fp8-overlap,4,communication_other,0.00288839,0.003138083,0.00024969300000000005,-8.644712106052154,0.920431358890125,0.0628888228315428,0.09422079633851216,0.031331973506969354
bf16-base,fp8-overlap,4,concurrent_mixed,0.0,0.037481417999999996,0.037481417999999996,,0.0,0.0,1.1253778347662071,1.1253778347662071
bf16-base,fp8-overlap,4,idle,0.6591594780000001,0.5420616680000001,-0.11709780999999997,17.764716113207424,1.2160230411274902,14.351858173471808,16.275376407680163,1.9235182342083554
bf16-base,fp8-overlap,4,layout_copy,0.196203262,0.170192112,-0.026011149999999983,13.257246456993144,1.1528340514394697,4.271927330758234,5.110010258866082,0.8380829281078483
bf16-base,fp8-overlap,4,linear_gemm,2.5213812520000003,1.2704697779999998,-1.2509114740000005,49.61215099889227,1.9846054551326766,54.897953132299165,38.145796082249184,-16.75215705004998
bf16-base,fp8-overlap,4,memory_ops,0.008823308,0.011978312000000001,0.003155004000000001,-35.75760927760883,0.7366069609808126,0.19210960209671626,0.35964826151225326,0.167538659415537
bf16-base,fp8-overlap,4,other,0.12863196600000001,0.18648520600000001,0.05785324,-44.97578774470414,0.6897703510057522,2.800699670143934,5.599209649544479,2.798509979400545
bf16-base,fp8-overlap,4,pointwise,0.07563716100000001,0.078815472,0.0031783109999999892,-4.202049571902866,0.9596740218722538,1.6468454805652557,2.366430886511194,0.7195854059459383
bf16-base,fp8-overlap,4,rdma_barrier,0.285537653,0.32354943100000005,0.03801177800000005,-13.312352189152454,0.8825163194306466,6.217002160806382,9.714556639735944,3.497554478929562
bf16-base,fp8-overlap,4,rdma_other,0.0,0.0,0.0,,,0.0,0.0,0.0
bf16-base,fp8-overlap,4,sage_quantization,0.052051484,0.052024183,-2.7301000000000408e-05,0.052449993548697726,1.000524775180035,1.133315291700527,1.5620236785070651,0.4287083868065382
bf16-base,fp8-overlap,4,vsa,0.662405032,0.654236989,-0.008168042999999958,1.2330889116796362,1.0124848382731841,14.422523516620139,19.64343521114337,5.220911694523231
bf16-base,fp8-overlap,5,attention_other,0.00012928,0.000128192,-1.0880000000000004e-06,0.8415841584158423,1.0084872690963556,0.002814809293641736,0.003848958846603659,0.001034149552961923
bf16-base,fp8-overlap,5,communication_other,0.004513922,0.003445951,-0.001067971,23.65949167929796,1.3099205415283037,0.09828147893234755,0.10346451874073831,0.0051830398083907575
bf16-base,fp8-overlap,5,concurrent_mixed,0.0,0.035768555,0.035768555,,0.0,0.0,1.073949202738701,1.073949202738701
bf16-base,fp8-overlap,5,idle,0.65969147,0.5500497830000001,-0.10964168699999988,16.620146232904887,1.1993304795104334,14.36344121822539,16.51521918957714,2.151777971351752
bf16-base,fp8-overlap,5,layout_copy,0.197011023,0.17145276,-0.025558262999999998,12.973011667474054,1.1490688338875386,4.28951468510416,5.147861156520017,0.8583464714158575
bf16-base,fp8-overlap,5,linear_gemm,2.4322728849999997,1.254708474,-1.1775644109999996,48.4141569090427,1.9385163449529708,52.957799515553816,37.67256366162379,-15.285235853930025
bf16-base,fp8-overlap,5,memory_ops,0.008813352,0.012202237,0.0033888849999999995,-38.451715079574726,0.722273465103161,0.19189283042803204,0.366371599237897,0.174478768809865
bf16-base,fp8-overlap,5,other,0.127796891,0.18540110899999998,0.057604217999999985,-45.0748195431452,0.6892994960456251,2.7825176089520416,5.566659687466295,2.7841420785142534
bf16-base,fp8-overlap,5,pointwise,0.075448505,0.078797888,0.0033493829999999974,-4.43929670972274,0.9574940003468113,1.6427378795279624,2.365902927727817,0.7231650481998546
bf16-base,fp8-overlap,5,rdma_barrier,0.38682585199999997,0.33994679,-0.04687906199999997,12.11890615831953,1.1379011756516364,8.422346869047669,10.206886582197145,1.784539713149476
bf16-base,fp8-overlap,5,rdma_other,0.0,0.0,0.0,,,0.0,0.0,0.0
bf16-base,fp8-overlap,5,sage_quantization,0.052088884,0.052044361000000004,-4.45229999999977e-05,0.08547505068451366,1.0008554817302877,1.134129600701008,1.5626295220199737,0.42849992131896575
bf16-base,fp8-overlap,5,vsa,0.64825905,0.64661692,-0.0016421299999999084,0.253313856551618,1.0025395716524088,14.114523504233933,19.414642993303875,5.300119489069942
bf16-base,fp8-overlap,6,attention_other,0.00012832,0.00012742500000000002,-8.949999999999703e-07,0.6974750623441217,1.007023739454581,0.002793907244431525,0.0038259297072240957,0.0010320224627925708
bf16-base,fp8-overlap,6,communication_other,0.003716036,0.003387394,-0.00032864199999999965,8.843886334793305,1.0970191244360707,0.08090913264470345,0.10170634753519842,0.020797214890494964
bf16-base,fp8-overlap,6,concurrent_mixed,0.0,0.038985771,0.038985771,,0.0,0.0,1.1705459637271778,1.1705459637271778
bf16-base,fp8-overlap,6,idle,0.6641219129999999,0.547062756,-0.11705915699999991,17.626154883403157,1.2139775660399734,14.459905111568135,16.425533842623402,1.9656287310552667
bf16-base,fp8-overlap,6,layout_copy,0.196652288,0.169424475,-0.027227813000000017,13.845662960199078,1.1607076722533745,4.281703959454759,5.0869619935911015,0.8052580341363429
bf16-base,fp8-overlap,6,linear_gemm,2.480321833,1.273856794,-1.206465039,48.6414715601949,1.9470962863977943,54.003967719298466,38.247491080351935,-15.75647663894653
bf16-base,fp8-overlap,6,memory_ops,0.008310501999999999,0.012054978000000001,0.003744476000000002,-45.05715779865045,0.6893834231800339,0.1809442935057877,0.36195015460178864,0.18100586109600095
bf16-base,fp8-overlap,6,other,0.127337265,0.184235076,0.05689781099999999,-44.68276509629761,0.6911673268992491,2.7725101867954867,5.531649600793322,2.759139413997835
bf16-base,fp8-overlap,6,pointwise,0.075724318,0.078863892,0.003139574000000006,-4.14605780932884,0.9601899688136111,1.6487431471308958,2.367884694762509,0.7191415476316132
bf16-base,fp8-overlap,6,rdma_barrier,0.3365185,0.327815806,-0.00870269400000001,2.5860967524816703,1.0265475118670757,7.327006507444125,9.842654350975168,2.5156478435310436
bf16-base,fp8-overlap,6,rdma_other,0.0,0.0,0.0,,,0.0,0.0,0.0
bf16-base,fp8-overlap,6,sage_quantization,0.052028495,0.051992753,-3.574199999999833e-05,0.06869697076572479,1.0006874419594591,1.132814752940846,1.5610799942167135,0.4282652412758674
bf16-base,fp8-overlap,6,vsa,0.647991644,0.6427559,-0.005235743999999931,0.807995604338374,1.0081457735354897,14.108701281972364,19.29871604711446,5.190014765142097
bf16-base,fp8-overlap,7,attention_other,0.000160672,0.00016054399999999999,-1.2800000000000962e-07,0.07966540529775745,1.0007972892166634,0.003498306302815633,0.004820326144136435,0.0013220198413208023
bf16-base,fp8-overlap,7,communication_other,0.0015140169999999999,0.001522208,8.191000000000058e-06,-0.5410110982901895,0.9946190008198617,0.03296464358239155,0.045704224506762224,0.01273958092437067
bf16-base,fp8-overlap,7,concurrent_mixed,0.0,0.031034335,0.031034335,,0.0,0.0,0.9318044671017814,0.9318044671017814
bf16-base,fp8-overlap,7,idle,0.6648819109999999,0.51945231,-0.1454296009999999,21.87299708323692,1.2799671850530416,14.476452523646948,15.596531483736944,1.1200789600899963
bf16-base,fp8-overlap,7,layout_copy,0.208484575,0.18201574099999998,-0.026468834000000024,12.695823659855899,1.1454205765643095,4.539327964812403,5.465014170487007,0.9256862056746034
bf16-base,fp8-overlap,7,linear_gemm,2.62756723,1.4309929179999998,-1.196574312,45.53924627839115,1.836184649797128,57.209937025622466,42.96549590585438,-14.244441119768084
bf16-base,fp8-overlap,7,memory_ops,0.008556104,0.013516416,0.004960312,-57.973956370796806,0.6330157343485137,0.18629177797466917,0.4058297626807854,0.21953798470611624
bf16-base,fp8-overlap,7,other,0.144622526,0.20420396400000002,0.059581438000000014,-41.19789610091584,0.7082258501113131,3.1488616201635486,6.131214535613261,2.9823529154497126
bf16-base,fp8-overlap,7,pointwise,0.076045692,0.079251713,0.0032060210000000033,-4.21591403231627,0.9595463507520651,1.6557404129255648,2.3795290022766182,0.7237885893510534
bf16-base,fp8-overlap,7,rdma_barrier,0.0054994269999999994,0.013003647,0.007504220000000001,-136.45457972257842,0.42291420245412686,0.11973884768954433,0.39043389726941724,0.2706950495798729
bf16-base,fp8-overlap,7,rdma_other,0.0,0.0,0.0,,,0.0,0.0,0.0
bf16-base,fp8-overlap,7,sage_quantization,0.054268484,0.054054462,-0.0002140220000000012,0.3943762276462315,1.0039593771185809,1.1815859615953577,1.6229827111933766,0.4413967495980189
bf16-base,fp8-overlap,7,vsa,0.8012504760000001,0.801354762,0.00010428599999989796,-0.0130154056844356,0.9998698628810296,17.445600915684288,24.06063951313553,6.6150385974512425
