2026/08/07 14:46:56.906, 0, 26922, 0, 199.50
2026/08/07 14:46:56.912, 1, 26922, 0, 201.90
2026/08/07 14:46:56.917, 2, 26922, 0, 194.51
2026/08/07 14:46:56.921, 3, 26922, 0, 207.29
2026/08/07 14:46:56.925, 4, 0, 0, 134.50
2026/08/07 14:46:56.933, 5, 0, 0, 136.19
2026/08/07 14:46:56.941, 6, 0, 0, 134.12
2026/08/07 14:46:56.950, 7, 0, 0, 136.23
2026/08/07 14:46:57.458, 0, 26922, 0, 199.53
2026/08/07 14:46:57.458, 1, 26922, 0, 201.79
2026/08/07 14:46:57.458, 2, 26922, 0, 194.58
2026/08/07 14:46:57.458, 3, 26922, 0, 207.40
2026/08/07 14:46:57.458, 4, 0, 0, 134.51
2026/08/07 14:46:57.458, 5, 0, 0, 136.19
2026/08/07 14:46:57.458, 6, 0, 0, 134.13
2026/08/07 14:46:57.458, 7, 0, 0, 136.23
2026/08/07 14:46:57.958, 0, 26922, 0, 199.50
2026/08/07 14:46:57.958, 1, 26922, 0, 201.75
2026/08/07 14:46:57.958, 2, 26922, 0, 194.58
2026/08/07 14:46:57.958, 3, 26922, 0, 207.59
2026/08/07 14:46:57.958, 4, 0, 0, 134.56
2026/08/07 14:46:57.958, 5, 0, 0, 136.19
2026/08/07 14:46:57.958, 6, 0, 0, 134.17
2026/08/07 14:46:57.958, 7, 0, 0, 136.27
2026/08/07 14:46:58.458, 0, 26922, 0, 199.66
2026/08/07 14:46:58.458, 1, 26922, 0, 201.82
2026/08/07 14:46:58.458, 2, 26922, 0, 194.59
2026/08/07 14:46:58.458, 3, 26922, 0, 207.59
2026/08/07 14:46:58.458, 4, 0, 0, 134.67
2026/08/07 14:46:58.458, 5, 0, 0, 136.27
2026/08/07 14:46:58.458, 6, 0, 0, 134.17
2026/08/07 14:46:58.458, 7, 0, 0, 136.27
2026/08/07 14:46:58.958, 0, 26922, 0, 199.69
2026/08/07 14:46:58.958, 1, 26922, 0, 201.74
2026/08/07 14:46:58.958, 2, 26922, 0, 194.55
2026/08/07 14:46:58.958, 3, 26922, 0, 207.52
2026/08/07 14:46:58.958, 4, 0, 0, 134.51
2026/08/07 14:46:58.958, 5, 0, 0, 136.27
2026/08/07 14:46:58.958, 6, 0, 0, 134.16
2026/08/07 14:46:58.958, 7, 0, 0, 136.35
2026/08/07 14:46:59.458, 0, 26922, 0, 199.45
2026/08/07 14:46:59.459, 1, 26922, 0, 201.82
2026/08/07 14:46:59.459, 2, 26922, 0, 194.63
2026/08/07 14:46:59.459, 3, 26922, 0, 207.44
2026/08/07 14:46:59.459, 4, 0, 0, 134.56
2026/08/07 14:46:59.459, 5, 0, 0, 136.19
2026/08/07 14:46:59.459, 6, 0, 0, 134.17
2026/08/07 14:46:59.459, 7, 0, 0, 136.31
2026/08/07 14:46:59.959, 0, 26922, 0, 199.49
2026/08/07 14:46:59.959, 1, 26922, 0, 201.89
2026/08/07 14:46:59.959, 2, 26922, 0, 194.70
2026/08/07 14:46:59.959, 3, 26922, 0, 207.51
2026/08/07 14:46:59.959, 4, 0, 0, 134.59
2026/08/07 14:46:59.959, 5, 0, 0, 136.19
2026/08/07 14:46:59.959, 6, 0, 0, 134.16
2026/08/07 14:46:59.959, 7, 0, 0, 136.23
2026/08/07 14:47:00.459, 0, 27018, 4, 199.58
2026/08/07 14:47:00.462, 1, 26974, 1, 201.70
2026/08/07 14:47:00.468, 2, 27018, 7, 194.62
2026/08/07 14:47:00.469, 3, 26954, 1, 207.36
2026/08/07 14:47:00.476, 4, 0, 0, 134.54
2026/08/07 14:47:00.478, 5, 0, 0, 136.19
2026/08/07 14:47:00.484, 6, 0, 0, 134.18
2026/08/07 14:47:00.485, 7, 0, 0, 136.23
2026/08/07 14:47:00.992, 0, 27018, 0, 199.10
2026/08/07 14:47:00.993, 1, 27018, 0, 201.54
2026/08/07 14:47:00.993, 2, 27018, 0, 194.74
2026/08/07 14:47:00.993, 3, 27018, 0, 207.21
2026/08/07 14:47:00.993, 4, 0, 0, 134.90
2026/08/07 14:47:00.993, 5, 0, 0, 136.19
2026/08/07 14:47:00.993, 6, 0, 0, 134.31
2026/08/07 14:47:00.994, 7, 0, 0, 136.23
2026/08/07 14:47:01.494, 0, 27648, 0, 199.37
2026/08/07 14:47:01.495, 1, 27648, 0, 201.93
2026/08/07 14:47:01.495, 2, 27648, 1, 195.21
2026/08/07 14:47:01.496, 3, 27648, 0, 207.55
2026/08/07 14:47:01.496, 4, 0, 0, 134.92
2026/08/07 14:47:01.497, 5, 0, 0, 136.19
2026/08/07 14:47:01.497, 6, 0, 0, 134.31
2026/08/07 14:47:01.497, 7, 0, 0, 136.23
2026/08/07 14:47:01.997, 0, 27974, 3, 204.62
2026/08/07 14:47:01.997, 1, 27974, 4, 206.54
2026/08/07 14:47:01.997, 2, 27974, 2, 200.17
2026/08/07 14:47:01.997, 3, 27974, 4, 212.63
2026/08/07 14:47:01.997, 4, 0, 0, 134.66
2026/08/07 14:47:01.997, 5, 0, 0, 136.19
2026/08/07 14:47:01.997, 6, 0, 0, 134.22
2026/08/07 14:47:01.997, 7, 0, 0, 136.23
2026/08/07 14:47:02.497, 0, 28040, 18, 211.90
2026/08/07 14:47:02.498, 1, 28040, 0, 213.38
2026/08/07 14:47:02.498, 2, 28040, 17, 206.79
2026/08/07 14:47:02.498, 3, 28040, 0, 217.51
2026/08/07 14:47:02.498, 4, 0, 0, 134.58
2026/08/07 14:47:02.498, 5, 0, 0, 136.19
2026/08/07 14:47:02.498, 6, 0, 0, 134.22
2026/08/07 14:47:02.498, 7, 0, 0, 136.23
2026/08/07 14:47:02.998, 0, 28044, 0, 206.56
2026/08/07 14:47:02.998, 1, 28044, 0, 209.26
2026/08/07 14:47:02.998, 2, 28044, 0, 201.60
2026/08/07 14:47:02.998, 3, 28044, 0, 212.19
2026/08/07 14:47:02.998, 4, 0, 0, 134.31
2026/08/07 14:47:02.998, 5, 0, 0, 136.19
2026/08/07 14:47:02.998, 6, 0, 0, 134.18
2026/08/07 14:47:02.998, 7, 0, 0, 136.19
2026/08/07 14:47:03.498, 0, 28052, 75, 229.55
2026/08/07 14:47:03.502, 1, 28052, 38, 231.14
2026/08/07 14:47:03.506, 2, 28052, 86, 220.44
2026/08/07 14:47:03.506, 3, 28052, 18, 221.81
2026/08/07 14:47:03.506, 4, 0, 0, 134.46
2026/08/07 14:47:03.509, 5, 0, 0, 136.27
2026/08/07 14:47:03.509, 6, 0, 0, 134.19
2026/08/07 14:47:03.509, 7, 0, 0, 136.23
2026/08/07 14:47:04.009, 0, 28682, 0, 231.07
2026/08/07 14:47:04.010, 1, 28682, 0, 231.28
2026/08/07 14:47:04.010, 2, 28682, 0, 221.44
2026/08/07 14:47:04.011, 3, 28682, 0, 222.54
2026/08/07 14:47:04.011, 4, 0, 0, 134.71
2026/08/07 14:47:04.011, 5, 0, 0, 136.27
2026/08/07 14:47:04.012, 6, 0, 0, 134.23
2026/08/07 14:47:04.013, 7, 0, 0, 136.31
2026/08/07 14:47:04.514, 0, 28682, 0, 203.54
2026/08/07 14:47:04.514, 1, 28682, 0, 204.96
2026/08/07 14:47:04.514, 2, 28682, 0, 199.15
2026/08/07 14:47:04.514, 3, 28682, 0, 210.29
2026/08/07 14:47:04.514, 4, 0, 0, 134.76
2026/08/07 14:47:04.514, 5, 0, 0, 136.19
2026/08/07 14:47:04.514, 6, 0, 0, 134.21
2026/08/07 14:47:04.514, 7, 0, 0, 136.27
2026/08/07 14:47:05.016, 0, 28682, 0, 201.70
2026/08/07 14:47:05.016, 1, 28682, 0, 204.12
2026/08/07 14:47:05.016, 2, 28682, 0, 197.27
2026/08/07 14:47:05.016, 3, 28684, 0, 209.37
2026/08/07 14:47:05.016, 4, 0, 0, 134.56
2026/08/07 14:47:05.016, 5, 0, 0, 136.19
2026/08/07 14:47:05.016, 6, 0, 0, 134.19
2026/08/07 14:47:05.016, 7, 0, 0, 136.19
2026/08/07 14:47:05.516, 0, 29450, 0, 199.79
2026/08/07 14:47:05.516, 1, 29450, 0, 202.39
2026/08/07 14:47:05.516, 2, 29450, 0, 195.61
2026/08/07 14:47:05.516, 3, 29450, 0, 207.51
2026/08/07 14:47:05.516, 4, 0, 0, 134.57
2026/08/07 14:47:05.516, 5, 0, 0, 136.19
2026/08/07 14:47:05.516, 6, 0, 0, 134.21
2026/08/07 14:47:05.516, 7, 0, 0, 136.23
2026/08/07 14:47:06.016, 0, 29450, 0, 199.88
2026/08/07 14:47:06.016, 1, 29450, 0, 202.59
2026/08/07 14:47:06.016, 2, 29450, 0, 195.61
2026/08/07 14:47:06.016, 3, 29450, 0, 207.67
2026/08/07 14:47:06.016, 4, 0, 0, 134.66
2026/08/07 14:47:06.016, 5, 0, 0, 136.19
2026/08/07 14:47:06.016, 6, 0, 0, 134.31
2026/08/07 14:47:06.016, 7, 0, 0, 136.24
2026/08/07 14:47:06.516, 0, 29450, 0, 199.54
2026/08/07 14:47:06.516, 1, 29450, 0, 202.03
2026/08/07 14:47:06.516, 2, 29450, 0, 194.78
2026/08/07 14:47:06.516, 3, 29450, 0, 207.37
2026/08/07 14:47:06.516, 4, 0, 0, 134.79
2026/08/07 14:47:06.516, 5, 0, 0, 136.19
2026/08/07 14:47:06.516, 6, 0, 0, 134.35
2026/08/07 14:47:06.516, 7, 0, 0, 136.20
2026/08/07 14:47:07.016, 0, 30230, 3, 200.65
2026/08/07 14:47:07.017, 1, 30230, 0, 202.68
2026/08/07 14:47:07.017, 2, 30230, 0, 195.44
2026/08/07 14:47:07.017, 3, 30230, 3, 208.16
2026/08/07 14:47:07.017, 4, 0, 0, 134.74
2026/08/07 14:47:07.017, 5, 0, 0, 136.19
2026/08/07 14:47:07.017, 6, 0, 0, 134.23
2026/08/07 14:47:07.017, 7, 0, 0, 136.19
2026/08/07 14:47:07.517, 0, 30230, 0, 200.07
2026/08/07 14:47:07.517, 1, 30230, 0, 202.54
2026/08/07 14:47:07.517, 2, 30230, 0, 195.17
2026/08/07 14:47:07.517, 3, 30230, 0, 208.09
2026/08/07 14:47:07.517, 4, 0, 0, 134.50
2026/08/07 14:47:07.517, 5, 0, 0, 136.19
2026/08/07 14:47:07.517, 6, 0, 0, 134.17
2026/08/07 14:47:07.517, 7, 0, 0, 136.23
2026/08/07 14:47:08.017, 0, 30230, 22, 199.62
2026/08/07 14:47:08.017, 1, 30230, 0, 201.98
2026/08/07 14:47:08.017, 2, 30230, 15, 194.93
2026/08/07 14:47:08.017, 3, 30230, 11, 207.86
2026/08/07 14:47:08.017, 4, 0, 0, 134.42
2026/08/07 14:47:08.017, 5, 0, 0, 136.19
2026/08/07 14:47:08.017, 6, 0, 0, 134.17
2026/08/07 14:47:08.017, 7, 0, 0, 136.23
2026/08/07 14:47:08.517, 0, 30230, 0, 200.19
2026/08/07 14:47:08.518, 1, 30230, 0, 202.16
2026/08/07 14:47:08.518, 2, 30230, 0, 195.07
2026/08/07 14:47:08.518, 3, 30230, 0, 208.16
2026/08/07 14:47:08.518, 4, 0, 0, 134.59
2026/08/07 14:47:08.518, 5, 0, 0, 136.27
2026/08/07 14:47:08.518, 6, 0, 0, 134.17
2026/08/07 14:47:08.518, 7, 0, 0, 136.27
2026/08/07 14:47:09.018, 0, 30230, 0, 199.91
2026/08/07 14:47:09.018, 1, 30230, 0, 201.95
2026/08/07 14:47:09.018, 2, 30230, 0, 194.74
2026/08/07 14:47:09.018, 3, 30230, 0, 207.79
2026/08/07 14:47:09.018, 4, 0, 0, 134.49
2026/08/07 14:47:09.018, 5, 0, 0, 136.27
2026/08/07 14:47:09.018, 6, 0, 0, 134.17
2026/08/07 14:47:09.018, 7, 0, 0, 136.35
2026/08/07 14:47:09.518, 0, 30474, 2, 201.40
2026/08/07 14:47:09.518, 1, 30474, 0, 204.04
2026/08/07 14:47:09.518, 2, 30474, 2, 197.54
2026/08/07 14:47:09.518, 3, 30474, 0, 210.14
2026/08/07 14:47:09.518, 4, 0, 0, 134.35
2026/08/07 14:47:09.518, 5, 0, 0, 136.19
2026/08/07 14:47:09.519, 6, 0, 0, 134.17
2026/08/07 14:47:09.519, 7, 0, 0, 136.31
2026/08/07 14:47:10.019, 0, 31630, 0, 201.76
2026/08/07 14:47:10.020, 1, 31630, 0, 204.24
2026/08/07 14:47:10.020, 2, 31630, 0, 198.32
2026/08/07 14:47:10.021, 3, 31630, 0, 210.33
2026/08/07 14:47:10.021, 4, 0, 0, 134.43
2026/08/07 14:47:10.021, 5, 0, 0, 136.19
2026/08/07 14:47:10.023, 6, 0, 0, 134.15
2026/08/07 14:47:10.023, 7, 0, 0, 136.20
2026/08/07 14:47:10.524, 0, 31630, 0, 200.30
2026/08/07 14:47:10.524, 1, 31630, 0, 202.00
2026/08/07 14:47:10.524, 2, 31630, 0, 196.11
2026/08/07 14:47:10.527, 3, 31630, 0, 207.75
2026/08/07 14:47:10.527, 4, 0, 0, 134.61
2026/08/07 14:47:10.527, 5, 0, 0, 136.19
2026/08/07 14:47:10.527, 6, 0, 0, 134.14
2026/08/07 14:47:10.528, 7, 0, 0, 136.20
2026/08/07 14:47:11.028, 0, 31942, 0, 202.79
2026/08/07 14:47:11.028, 1, 31942, 0, 204.43
2026/08/07 14:47:11.029, 2, 31942, 0, 198.48
2026/08/07 14:47:11.029, 3, 31942, 0, 210.18
2026/08/07 14:47:11.029, 4, 0, 0, 134.75
2026/08/07 14:47:11.029, 5, 0, 0, 136.15
2026/08/07 14:47:11.029, 6, 0, 0, 134.28
2026/08/07 14:47:11.029, 7, 0, 0, 136.19
2026/08/07 14:47:11.529, 0, 32340, 0, 215.34
2026/08/07 14:47:11.529, 1, 32340, 0, 219.65
2026/08/07 14:47:11.529, 2, 32340, 8, 212.39
2026/08/07 14:47:11.529, 3, 32340, 0, 225.29
2026/08/07 14:47:11.529, 4, 0, 0, 134.91
2026/08/07 14:47:11.529, 5, 0, 0, 136.15
2026/08/07 14:47:11.529, 6, 0, 0, 134.29
2026/08/07 14:47:11.529, 7, 0, 0, 136.23
2026/08/07 14:47:12.029, 0, 32340, 0, 240.92
2026/08/07 14:47:12.029, 1, 32340, 16, 244.89
2026/08/07 14:47:12.029, 2, 32340, 0, 236.77
2026/08/07 14:47:12.030, 3, 32340, 2, 253.41
2026/08/07 14:47:12.030, 4, 0, 0, 134.60
2026/08/07 14:47:12.030, 5, 0, 0, 136.19
2026/08/07 14:47:12.030, 6, 0, 0, 134.13
2026/08/07 14:47:12.030, 7, 0, 0, 136.23
2026/08/07 14:47:12.530, 0, 32340, 100, 233.53
2026/08/07 14:47:12.530, 1, 32340, 0, 232.26
2026/08/07 14:47:12.531, 2, 32340, 0, 225.03
2026/08/07 14:47:12.532, 3, 32340, 0, 240.68
2026/08/07 14:47:12.533, 4, 0, 0, 134.44
2026/08/07 14:47:12.534, 5, 0, 0, 136.19
2026/08/07 14:47:12.536, 6, 0, 0, 134.12
2026/08/07 14:47:12.536, 7, 0, 0, 136.19
2026/08/07 14:47:13.037, 0, 32340, 100, 228.14
2026/08/07 14:47:13.037, 1, 32340, 0, 224.51
2026/08/07 14:47:13.037, 2, 32340, 0, 215.82
2026/08/07 14:47:13.037, 3, 32340, 0, 228.25
2026/08/07 14:47:13.037, 4, 0, 0, 134.63
2026/08/07 14:47:13.037, 5, 0, 0, 136.19
2026/08/07 14:47:13.037, 6, 0, 0, 134.17
2026/08/07 14:47:13.037, 7, 0, 0, 136.20
2026/08/07 14:47:13.537, 0, 32340, 100, 399.66
2026/08/07 14:47:13.537, 1, 32340, 100, 498.03
2026/08/07 14:47:13.539, 2, 32340, 100, 412.83
2026/08/07 14:47:13.540, 3, 32340, 100, 426.43
2026/08/07 14:47:13.541, 4, 0, 0, 134.64
2026/08/07 14:47:13.542, 5, 0, 0, 136.27
2026/08/07 14:47:13.543, 6, 0, 0, 134.15
2026/08/07 14:47:13.545, 7, 0, 0, 136.23
2026/08/07 14:47:14.046, 0, 32340, 100, 828.73
2026/08/07 14:47:14.046, 1, 32340, 100, 844.44
2026/08/07 14:47:14.046, 2, 32340, 100, 850.88
2026/08/07 14:47:14.046, 3, 32340, 100, 785.29
2026/08/07 14:47:14.046, 4, 0, 0, 134.65
2026/08/07 14:47:14.046, 5, 0, 0, 136.27
2026/08/07 14:47:14.046, 6, 0, 0, 134.12
2026/08/07 14:47:14.046, 7, 0, 0, 136.40
2026/08/07 14:47:14.546, 0, 32970, 2, 769.32
2026/08/07 14:47:14.546, 1, 32970, 2, 775.54
2026/08/07 14:47:14.547, 2, 32970, 11, 756.10
2026/08/07 14:47:14.547, 3, 32970, 2, 759.18
2026/08/07 14:47:14.547, 4, 0, 0, 134.61
2026/08/07 14:47:14.547, 5, 0, 0, 136.19
2026/08/07 14:47:14.549, 6, 0, 0, 134.13
2026/08/07 14:47:14.549, 7, 0, 0, 136.38
2026/08/07 14:47:15.049, 0, 35332, 0, 405.34
2026/08/07 14:47:15.049, 1, 35332, 0, 408.95
2026/08/07 14:47:15.049, 2, 35332, 1, 395.73
2026/08/07 14:47:15.049, 3, 35332, 3, 386.29
2026/08/07 14:47:15.049, 4, 0, 0, 134.55
2026/08/07 14:47:15.049, 5, 0, 0, 136.19
2026/08/07 14:47:15.049, 6, 0, 0, 134.16
2026/08/07 14:47:15.049, 7, 0, 0, 136.21
2026/08/07 14:47:15.549, 0, 35332, 0, 206.56
2026/08/07 14:47:15.549, 1, 35332, 0, 208.77
2026/08/07 14:47:15.549, 2, 35332, 0, 200.62
2026/08/07 14:47:15.549, 3, 35332, 0, 213.93
2026/08/07 14:47:15.549, 4, 0, 0, 134.52
2026/08/07 14:47:15.549, 5, 0, 0, 136.19
2026/08/07 14:47:15.549, 6, 0, 0, 134.18
2026/08/07 14:47:15.550, 7, 0, 0, 136.20
2026/08/07 14:47:16.050, 0, 35332, 0, 200.97
2026/08/07 14:47:16.050, 1, 35332, 1, 204.57
2026/08/07 14:47:16.050, 2, 35332, 1, 196.12
2026/08/07 14:47:16.050, 3, 35332, 0, 209.72
2026/08/07 14:47:16.050, 4, 0, 0, 134.79
2026/08/07 14:47:16.050, 5, 0, 0, 136.19
2026/08/07 14:47:16.050, 6, 0, 0, 134.25
2026/08/07 14:47:16.050, 7, 0, 0, 136.19
2026/08/07 14:47:16.550, 0, 35332, 0, 200.11
2026/08/07 14:47:16.550, 1, 35332, 0, 202.20
2026/08/07 14:47:16.550, 2, 35332, 0, 194.99
2026/08/07 14:47:16.550, 3, 35332, 0, 207.78
2026/08/07 14:47:16.550, 4, 0, 0, 134.82
2026/08/07 14:47:16.550, 5, 0, 0, 136.19
2026/08/07 14:47:16.550, 6, 0, 0, 134.24
2026/08/07 14:47:16.550, 7, 0, 0, 136.19
2026/08/07 14:47:17.050, 0, 35332, 0, 199.73
2026/08/07 14:47:17.050, 1, 35332, 0, 201.94
2026/08/07 14:47:17.050, 2, 35332, 0, 194.58
2026/08/07 14:47:17.050, 3, 35332, 0, 207.71
2026/08/07 14:47:17.050, 4, 0, 0, 134.54
2026/08/07 14:47:17.050, 5, 0, 0, 136.19
2026/08/07 14:47:17.050, 6, 0, 0, 134.16
2026/08/07 14:47:17.050, 7, 0, 0, 136.27
2026/08/07 14:47:17.550, 0, 35332, 0, 199.52
2026/08/07 14:47:17.550, 1, 35332, 0, 201.91
2026/08/07 14:47:17.550, 2, 35332, 0, 194.47
2026/08/07 14:47:17.550, 3, 35332, 0, 207.78
2026/08/07 14:47:17.550, 4, 0, 0, 134.55
2026/08/07 14:47:17.550, 5, 0, 0, 136.19
2026/08/07 14:47:17.550, 6, 0, 0, 134.21
2026/08/07 14:47:17.550, 7, 0, 0, 136.27
2026/08/07 14:47:18.050, 0, 35332, 0, 199.49
2026/08/07 14:47:18.050, 1, 35332, 0, 201.93
2026/08/07 14:47:18.050, 2, 35332, 0, 194.47
2026/08/07 14:47:18.050, 3, 35332, 0, 207.74
2026/08/07 14:47:18.050, 4, 0, 0, 134.71
2026/08/07 14:47:18.050, 5, 0, 0, 136.19
2026/08/07 14:47:18.050, 6, 0, 0, 134.17
2026/08/07 14:47:18.050, 7, 0, 0, 136.20
2026/08/07 14:47:18.550, 0, 35332, 0, 199.49
2026/08/07 14:47:18.550, 1, 35332, 0, 201.93
2026/08/07 14:47:18.550, 2, 35332, 0, 194.47
2026/08/07 14:47:18.550, 3, 35332, 0, 207.63
2026/08/07 14:47:18.550, 4, 0, 0, 134.63
2026/08/07 14:47:18.550, 5, 0, 0, 136.31
2026/08/07 14:47:18.550, 6, 0, 0, 134.09
2026/08/07 14:47:18.551, 7, 0, 0, 136.24
2026/08/07 14:47:19.051, 0, 35332, 0, 199.45
2026/08/07 14:47:19.051, 1, 35332, 0, 201.92
2026/08/07 14:47:19.051, 2, 35332, 0, 194.55
2026/08/07 14:47:19.051, 3, 35332, 0, 207.67
2026/08/07 14:47:19.051, 4, 0, 0, 134.63
2026/08/07 14:47:19.051, 5, 0, 0, 136.31
2026/08/07 14:47:19.051, 6, 0, 0, 134.13
2026/08/07 14:47:19.051, 7, 0, 0, 136.35
2026/08/07 14:47:19.551, 0, 35332, 0, 199.06
2026/08/07 14:47:19.551, 1, 35332, 0, 201.92
2026/08/07 14:47:19.551, 2, 35332, 0, 194.63
2026/08/07 14:47:19.551, 3, 35332, 0, 207.67
2026/08/07 14:47:19.551, 4, 0, 0, 134.59
2026/08/07 14:47:19.551, 5, 0, 0, 136.19
2026/08/07 14:47:19.551, 6, 0, 0, 134.17
2026/08/07 14:47:19.551, 7, 0, 0, 136.31
2026/08/07 14:47:20.051, 0, 35332, 0, 198.85
2026/08/07 14:47:20.051, 1, 35332, 0, 201.91
2026/08/07 14:47:20.051, 2, 35332, 0, 194.55
2026/08/07 14:47:20.051, 3, 35332, 0, 207.63
2026/08/07 14:47:20.051, 4, 0, 0, 134.60
2026/08/07 14:47:20.051, 5, 0, 0, 136.19
2026/08/07 14:47:20.051, 6, 0, 0, 134.16
2026/08/07 14:47:20.051, 7, 0, 0, 136.27
2026/08/07 14:47:20.551, 0, 35332, 0, 198.94
2026/08/07 14:47:20.551, 1, 35332, 0, 201.92
2026/08/07 14:47:20.551, 2, 35332, 0, 194.43
2026/08/07 14:47:20.551, 3, 35332, 0, 207.63
2026/08/07 14:47:20.551, 4, 0, 0, 134.61
2026/08/07 14:47:20.551, 5, 0, 0, 136.19
2026/08/07 14:47:20.551, 6, 0, 0, 134.16
2026/08/07 14:47:20.551, 7, 0, 0, 136.27
2026/08/07 14:47:21.051, 0, 35332, 0, 198.75
2026/08/07 14:47:21.052, 1, 35332, 0, 202.01
2026/08/07 14:47:21.052, 2, 35332, 0, 194.43
2026/08/07 14:47:21.052, 3, 35332, 0, 207.63
2026/08/07 14:47:21.052, 4, 0, 0, 134.83
2026/08/07 14:47:21.052, 5, 0, 0, 136.19
2026/08/07 14:47:21.052, 6, 0, 0, 134.25
2026/08/07 14:47:21.052, 7, 0, 0, 136.23
2026/08/07 14:47:21.552, 0, 35332, 0, 199.04
2026/08/07 14:47:21.552, 1, 35332, 0, 202.01
2026/08/07 14:47:21.552, 2, 35332, 0, 194.47
2026/08/07 14:47:21.552, 3, 35332, 0, 207.63
2026/08/07 14:47:21.552, 4, 0, 0, 134.92
2026/08/07 14:47:21.552, 5, 0, 0, 136.19
2026/08/07 14:47:21.552, 6, 0, 0, 134.29
2026/08/07 14:47:21.552, 7, 0, 0, 136.19
2026/08/07 14:47:22.052, 0, 35332, 0, 199.06
2026/08/07 14:47:22.052, 1, 35332, 0, 201.92
2026/08/07 14:47:22.052, 2, 35332, 0, 194.47
2026/08/07 14:47:22.052, 3, 35332, 0, 207.63
2026/08/07 14:47:22.052, 4, 0, 0, 134.69
2026/08/07 14:47:22.052, 5, 0, 0, 136.19
2026/08/07 14:47:22.052, 6, 0, 0, 134.22
2026/08/07 14:47:22.052, 7, 0, 0, 136.19
2026/08/07 14:47:22.552, 0, 35332, 0, 198.66
2026/08/07 14:47:22.552, 1, 35332, 0, 201.92
2026/08/07 14:47:22.552, 2, 35332, 0, 194.43
2026/08/07 14:47:22.552, 3, 35332, 0, 207.67
2026/08/07 14:47:22.552, 4, 0, 0, 134.63
2026/08/07 14:47:22.552, 5, 0, 0, 136.19
2026/08/07 14:47:22.552, 6, 0, 0, 134.18
2026/08/07 14:47:22.552, 7, 0, 0, 136.23
2026/08/07 14:47:23.052, 0, 35338, 0, 199.20
2026/08/07 14:47:23.052, 1, 35338, 0, 202.00
2026/08/07 14:47:23.052, 2, 35338, 0, 194.58
2026/08/07 14:47:23.052, 3, 35338, 0, 207.82
2026/08/07 14:47:23.052, 4, 0, 0, 134.60
2026/08/07 14:47:23.052, 5, 0, 0, 136.19
2026/08/07 14:47:23.052, 6, 0, 0, 134.17
2026/08/07 14:47:23.052, 7, 0, 0, 136.27
2026/08/07 14:47:23.552, 0, 36804, 100, 365.37
2026/08/07 14:47:23.552, 1, 36804, 99, 359.23
2026/08/07 14:47:23.552, 2, 36804, 100, 357.50
2026/08/07 14:47:23.552, 3, 36804, 99, 376.49
2026/08/07 14:47:23.552, 4, 0, 0, 134.62
2026/08/07 14:47:23.552, 5, 0, 0, 136.31
2026/08/07 14:47:23.552, 6, 0, 0, 134.17
2026/08/07 14:47:23.552, 7, 0, 0, 136.34
2026/08/07 14:47:24.053, 0, 36804, 100, 666.09
2026/08/07 14:47:24.053, 1, 36804, 100, 653.46
2026/08/07 14:47:24.053, 2, 36804, 100, 656.96
2026/08/07 14:47:24.053, 3, 36804, 100, 662.03
2026/08/07 14:47:24.053, 4, 0, 0, 134.62
2026/08/07 14:47:24.053, 5, 0, 0, 136.31
2026/08/07 14:47:24.053, 6, 0, 0, 134.18
2026/08/07 14:47:24.053, 7, 0, 0, 136.35
2026/08/07 14:47:24.553, 0, 39740, 100, 787.25
2026/08/07 14:47:24.553, 1, 39740, 100, 792.61
2026/08/07 14:47:24.553, 2, 39740, 100, 779.58
2026/08/07 14:47:24.553, 3, 39740, 100, 776.22
2026/08/07 14:47:24.553, 4, 0, 0, 134.57
2026/08/07 14:47:24.553, 5, 0, 0, 136.19
2026/08/07 14:47:24.553, 6, 0, 0, 134.15
2026/08/07 14:47:24.553, 7, 0, 0, 136.35
2026/08/07 14:47:25.053, 0, 39744, 0, 495.80
2026/08/07 14:47:25.053, 1, 39744, 0, 497.26
2026/08/07 14:47:25.053, 2, 39744, 0, 489.32
2026/08/07 14:47:25.053, 3, 39744, 0, 483.65
2026/08/07 14:47:25.053, 4, 0, 0, 134.57
2026/08/07 14:47:25.053, 5, 0, 0, 136.19
2026/08/07 14:47:25.053, 6, 0, 0, 134.15
2026/08/07 14:47:25.053, 7, 0, 0, 136.19
2026/08/07 14:47:25.553, 0, 39744, 13, 211.35
2026/08/07 14:47:25.553, 1, 39744, 14, 215.69
2026/08/07 14:47:25.553, 2, 39744, 5, 206.29
2026/08/07 14:47:25.553, 3, 39744, 13, 218.86
2026/08/07 14:47:25.553, 4, 0, 0, 134.49
2026/08/07 14:47:25.553, 5, 0, 0, 136.19
2026/08/07 14:47:25.553, 6, 0, 0, 134.18
2026/08/07 14:47:25.553, 7, 0, 0, 136.23
2026/08/07 14:47:26.053, 0, 39748, 34, 210.20
2026/08/07 14:47:26.053, 1, 39744, 0, 212.43
2026/08/07 14:47:26.053, 2, 39744, 0, 204.06
2026/08/07 14:47:26.053, 3, 39744, 0, 218.44
2026/08/07 14:47:26.053, 4, 0, 0, 134.72
2026/08/07 14:47:26.053, 5, 0, 0, 136.19
2026/08/07 14:47:26.053, 6, 0, 0, 134.26
2026/08/07 14:47:26.053, 7, 0, 0, 136.23
2026/08/07 14:47:26.553, 0, 39748, 0, 203.93
2026/08/07 14:47:26.553, 1, 39744, 0, 205.86
2026/08/07 14:47:26.554, 2, 39744, 0, 197.46
2026/08/07 14:47:26.554, 3, 39744, 0, 211.84
2026/08/07 14:47:26.554, 4, 0, 0, 134.83
2026/08/07 14:47:26.554, 5, 0, 0, 136.19
2026/08/07 14:47:26.554, 6, 0, 0, 134.26
2026/08/07 14:47:26.554, 7, 0, 0, 136.23
2026/08/07 14:47:27.054, 0, 39748, 0, 200.23
2026/08/07 14:47:27.054, 1, 39744, 0, 202.06
2026/08/07 14:47:27.054, 2, 39744, 0, 194.62
2026/08/07 14:47:27.054, 3, 39744, 0, 208.24
2026/08/07 14:47:27.054, 4, 0, 0, 134.81
2026/08/07 14:47:27.054, 5, 0, 0, 136.19
2026/08/07 14:47:27.054, 6, 0, 0, 134.13
2026/08/07 14:47:27.054, 7, 0, 0, 136.23
2026/08/07 14:47:27.554, 0, 39748, 0, 200.19
2026/08/07 14:47:27.554, 1, 39744, 0, 201.98
2026/08/07 14:47:27.554, 2, 39744, 0, 194.43
2026/08/07 14:47:27.554, 3, 39744, 0, 207.94
2026/08/07 14:47:27.554, 4, 0, 0, 134.65
2026/08/07 14:47:27.554, 5, 0, 0, 136.19
2026/08/07 14:47:27.554, 6, 0, 0, 134.13
2026/08/07 14:47:27.554, 7, 0, 0, 136.23
2026/08/07 14:47:28.054, 0, 39748, 0, 200.23
2026/08/07 14:47:28.054, 1, 39744, 0, 201.94
2026/08/07 14:47:28.054, 2, 39744, 0, 194.43
2026/08/07 14:47:28.054, 3, 39744, 0, 208.00
2026/08/07 14:47:28.054, 4, 0, 0, 134.61
2026/08/07 14:47:28.054, 5, 0, 0, 136.19
2026/08/07 14:47:28.054, 6, 0, 0, 134.18
2026/08/07 14:47:28.054, 7, 0, 0, 136.24
2026/08/07 14:47:28.554, 0, 39748, 0, 200.26
2026/08/07 14:47:28.554, 1, 39744, 0, 201.95
2026/08/07 14:47:28.554, 2, 39744, 0, 194.43
2026/08/07 14:47:28.554, 3, 39744, 0, 207.89
2026/08/07 14:47:28.554, 4, 0, 0, 134.56
2026/08/07 14:47:28.554, 5, 0, 0, 136.27
2026/08/07 14:47:28.554, 6, 0, 0, 134.17
2026/08/07 14:47:28.555, 7, 0, 0, 136.27
