2026-08-29T07:36:29.492Z,2, 64832, 275040, 0, 194.58, 37;3, 64832, 275040, 0, 208.52, 46
2026-08-29T07:36:30.569Z,2, 64832, 275040, 0, 194.51, 37;3, 64832, 275040, 0, 208.50, 46
2026-08-29T07:36:31.639Z,2, 64832, 275040, 0, 194.47, 37;3, 64832, 275040, 0, 208.56, 46
2026-08-29T07:36:32.748Z,2, 64832, 275040, 0, 194.58, 37;3, 64832, 275040, 0, 208.47, 46
2026-08-29T07:36:33.824Z,2, 64832, 275040, 0, 194.66, 37;3, 64832, 275040, 0, 208.39, 46
2026-08-29T07:36:34.902Z,2, 64832, 275040, 0, 194.47, 37;3, 64832, 275040, 0, 208.32, 46
2026-08-29T07:36:36.002Z,2, 64832, 275040, 0, 194.43, 37;3, 64832, 275040, 0, 208.68, 46
2026-08-29T07:36:37.079Z,2, 64984, 275040, 1, 194.47, 37;3, 65314, 275040, 2, 207.93, 46
2026-08-29T07:36:38.185Z,2, 66106, 275040, 2, 194.85, 37;3, 66490, 275040, 1, 208.58, 46
2026-08-29T07:36:39.361Z,2, 66504, 275040, 1, 194.66, 37;3, 67000, 275040, 1, 208.52, 46
2026-08-29T07:36:40.847Z,2, 68026, 275040, 4, 194.77, 37;3, 68042, 275040, 4, 208.44, 46
2026-08-29T07:36:41.979Z,2, 69306, 275040, 4, 194.70, 37;3, 69706, 275040, 3, 208.51, 46
2026-08-29T07:36:43.096Z,2, 70602, 275040, 1, 194.54, 37;3, 71612, 275040, 4, 208.72, 46
2026-08-29T07:36:44.194Z,2, 72124, 275040, 3, 194.93, 37;3, 73100, 275040, 3, 208.64, 46
2026-08-29T07:36:45.310Z,2, 73916, 275040, 5, 194.74, 37;3, 74148, 275040, 0, 208.29, 46
2026-08-29T07:36:46.412Z,2, 74236, 275040, 0, 195.42, 37;3, 74236, 275040, 0, 210.29, 46
2026-08-29T07:36:47.598Z,2, 74236, 275040, 0, 194.50, 37;3, 74236, 275040, 0, 208.66, 46
2026-08-29T07:36:48.667Z,2, 74236, 275040, 0, 194.55, 37;3, 74236, 275040, 0, 208.32, 46
2026-08-29T07:36:49.756Z,2, 74236, 275040, 0, 194.66, 37;3, 74236, 275040, 0, 208.35, 46
2026-08-29T07:36:50.838Z,2, 74236, 275040, 0, 194.51, 37;3, 74236, 275040, 0, 208.43, 46
2026-08-29T07:36:51.943Z,2, 74236, 275040, 0, 194.43, 37;3, 74236, 275040, 0, 208.70, 46
2026-08-29T07:36:53.043Z,2, 74236, 275040, 0, 194.47, 37;3, 74236, 275040, 0, 208.37, 46
2026-08-29T07:36:54.151Z,2, 74236, 275040, 0, 194.58, 37;3, 74236, 275040, 0, 208.28, 46
2026-08-29T07:36:55.268Z,2, 74236, 275040, 0, 194.43, 37;3, 74236, 275040, 0, 208.64, 46
2026-08-29T07:36:56.405Z,2, 74236, 275040, 0, 194.43, 37;3, 74236, 275040, 0, 208.21, 46
2026-08-29T07:36:57.513Z,2, 74236, 275040, 0, 194.55, 37;3, 74236, 275040, 0, 208.73, 46
2026-08-29T07:36:58.911Z,2, 74236, 275040, 0, 194.59, 37;3, 74236, 275040, 0, 208.68, 46
2026-08-29T07:37:00.003Z,2, 74236, 275040, 0, 194.43, 37;3, 74236, 275040, 0, 208.44, 46
2026-08-29T07:37:01.134Z,2, 74964, 275040, 0, 194.97, 37;3, 74236, 275040, 0, 208.36, 46
2026-08-29T07:37:02.209Z,2, 138436, 275040, 0, 194.51, 37;3, 74236, 275040, 0, 208.25, 46
2026-08-29T07:37:03.284Z,2, 187596, 275040, 0, 194.88, 37;3, 74236, 275040, 0, 208.49, 46
2026-08-29T07:37:04.408Z,2, 187596, 275040, 0, 194.55, 37;3, 74236, 275040, 0, 208.21, 46
2026-08-29T07:37:05.492Z,2, 187596, 275040, 0, 194.43, 37;3, 74236, 275040, 0, 208.48, 46
2026-08-29T07:37:06.571Z,2, 187596, 275040, 0, 194.43, 37;3, 74236, 275040, 0, 208.35, 46
2026-08-29T07:37:07.656Z,2, 187596, 275040, 0, 194.35, 37;3, 74236, 275040, 0, 208.52, 46
2026-08-29T07:37:08.745Z,2, 187596, 275040, 0, 194.55, 37;3, 74236, 275040, 0, 208.10, 46
2026-08-29T07:37:09.858Z,2, 187596, 275040, 0, 194.43, 37;3, 74236, 275040, 0, 208.28, 46
2026-08-29T07:37:10.932Z,2, 187596, 275040, 0, 194.32, 37;3, 74236, 275040, 0, 208.36, 46
2026-08-29T07:37:12.006Z,2, 187596, 275040, 0, 194.43, 37;3, 74236, 275040, 0, 208.25, 46
2026-08-29T07:37:13.087Z,2, 187596, 275040, 0, 194.32, 37;3, 74236, 275040, 0, 208.41, 46
2026-08-29T07:37:14.163Z,2, 187596, 275040, 0, 194.47, 37;3, 74236, 275040, 0, 208.54, 46
2026-08-29T07:37:15.279Z,2, 187596, 275040, 0, 194.39, 37;3, 74236, 275040, 0, 208.54, 46
2026-08-29T07:37:16.403Z,2, 187596, 275040, 0, 194.35, 37;3, 74236, 275040, 0, 208.16, 46
2026-08-29T07:37:17.492Z,2, 187596, 275040, 0, 194.39, 37;3, 74236, 275040, 0, 208.16, 46
2026-08-29T07:37:18.657Z,2, 187596, 275040, 0, 194.51, 37;3, 74236, 275040, 0, 208.54, 46
2026-08-29T07:37:19.733Z,2, 187596, 275040, 0, 194.32, 37;3, 74236, 275040, 0, 208.20, 46
2026-08-29T07:37:20.806Z,2, 187596, 275040, 0, 194.39, 37;3, 74236, 275040, 0, 208.68, 46
2026-08-29T07:37:21.915Z,2, 187596, 275040, 0, 194.43, 37;3, 74238, 275040, 0, 208.10, 46
2026-08-29T07:37:22.990Z,2, 187600, 275040, 0, 194.43, 37;3, 74244, 275040, 1, 208.43, 46
2026-08-29T07:37:24.083Z,2, 187604, 275040, 0, 194.55, 37;3, 74244, 275040, 0, 207.86, 46
2026-08-29T07:37:25.185Z,2, 187604, 275040, 0, 194.55, 37;3, 74250, 275040, 0, 208.13, 46
2026-08-29T07:37:26.428Z,2, 187610, 275040, 0, 194.43, 37;3, 74252, 275040, 0, 207.71, 46
2026-08-29T07:37:27.691Z,2, 187848, 275040, 1, 194.43, 37;3, 74258, 275040, 0, 207.82, 46
2026-08-29T07:37:28.810Z,2, 190044, 275040, 1, 194.98, 37;3, 74258, 275040, 0, 208.44, 46
2026-08-29T07:37:29.977Z,2, 194280, 275040, 21, 198.32, 37;3, 76318, 275040, 9, 215.28, 46
2026-08-29T07:37:31.259Z,2, 198734, 275040, 6, 201.24, 37;3, 77312, 275040, 2, 213.70, 46
2026-08-29T07:37:32.373Z,2, 200704, 275040, 11, 202.38, 37;3, 77312, 275040, 6, 211.25, 46
2026-08-29T07:37:33.496Z,2, 200704, 275040, 2, 203.45, 37;3, 77312, 275040, 3, 211.99, 46
2026-08-29T07:37:34.623Z,2, 200704, 275040, 10, 206.78, 37;3, 77312, 275040, 1, 217.63, 46
2026-08-29T07:37:35.699Z,2, 200704, 275040, 13, 206.09, 37;3, 77312, 275040, 14, 216.62, 46
2026-08-29T07:37:36.856Z,2, 200704, 275040, 11, 205.62, 37;3, 77312, 275040, 10, 218.76, 46
2026-08-29T07:37:37.941Z,2, 200704, 275040, 12, 203.53, 37;3, 77312, 275040, 10, 217.67, 46
2026-08-29T07:37:39.211Z,2, 200704, 275040, 7, 207.61, 37;3, 77312, 275040, 18, 223.80, 46
2026-08-29T07:37:40.464Z,2, 200704, 275040, 5, 202.53, 37;3, 77312, 275040, 12, 217.28, 46
2026-08-29T07:37:41.564Z,2, 200704, 275040, 20, 209.10, 37;3, 77312, 275040, 8, 214.74, 46
2026-08-29T07:37:42.709Z,2, 200704, 275040, 14, 208.17, 37;3, 77312, 275040, 4, 223.75, 46
2026-08-29T07:37:43.875Z,2, 200704, 275040, 0, 209.76, 37;3, 77312, 275040, 16, 222.37, 46
2026-08-29T07:37:45.052Z,2, 200704, 275040, 19, 207.52, 37;3, 77312, 275040, 10, 221.29, 46
2026-08-29T07:37:46.179Z,2, 200704, 275040, 19, 208.66, 38;3, 77312, 275040, 12, 220.03, 46
2026-08-29T07:37:47.277Z,2, 200708, 275040, 0, 201.15, 37;3, 77312, 275040, 18, 222.52, 46
2026-08-29T07:37:48.411Z,2, 193938, 275040, 0, 194.80, 37;3, 77312, 275040, 0, 209.87, 46
2026-08-29T07:37:49.514Z,2, 194006, 275040, 12, 196.10, 37;3, 70518, 275040, 0, 209.34, 46
2026-08-29T07:37:50.605Z,2, 194006, 275040, 8, 195.76, 37;3, 70586, 275040, 0, 208.83, 46
2026-08-29T07:37:51.668Z,2, 194006, 275040, 21, 196.15, 37;3, 70586, 275040, 0, 208.31, 46
2026-08-29T07:37:52.735Z,2, 194006, 275040, 20, 196.03, 37;3, 70586, 275040, 0, 208.10, 46
2026-08-29T07:37:53.800Z,2, 194006, 275040, 12, 196.30, 37;3, 70586, 275040, 0, 207.90, 46
2026-08-29T07:37:54.893Z,2, 194006, 275040, 15, 196.22, 37;3, 70586, 275040, 0, 207.78, 46
2026-08-29T07:37:55.991Z,2, 194006, 275040, 9, 195.95, 37;3, 70586, 275040, 0, 207.82, 46
2026-08-29T07:37:57.080Z,2, 194006, 275040, 8, 196.03, 37;3, 70586, 275040, 0, 207.93, 46
2026-08-29T07:37:58.196Z,2, 194006, 275040, 4, 196.30, 37;3, 70586, 275040, 0, 207.86, 46
2026-08-29T07:37:59.263Z,2, 194006, 275040, 8, 195.99, 37;3, 70586, 275040, 0, 208.12, 46
2026-08-29T07:38:00.337Z,2, 194006, 275040, 24, 197.14, 37;3, 70586, 275040, 0, 208.12, 46
2026-08-29T07:38:01.402Z,2, 194006, 275040, 23, 197.18, 37;3, 70586, 275040, 0, 207.82, 46
2026-08-29T07:38:02.473Z,2, 194006, 275040, 20, 196.72, 37;3, 70586, 275040, 0, 207.67, 46
2026-08-29T07:38:03.608Z,2, 194006, 275040, 24, 197.13, 37;3, 70586, 275040, 0, 207.70, 46
2026-08-29T07:38:04.802Z,2, 194006, 275040, 23, 197.33, 37;3, 70586, 275040, 0, 207.71, 46
2026-08-29T07:38:05.930Z,2, 194006, 275040, 0, 194.74, 37;3, 70586, 275040, 0, 207.78, 46
2026-08-29T07:38:07.022Z,2, 190198, 275040, 0, 194.51, 37;3, 70586, 275040, 0, 207.67, 46
2026-08-29T07:38:08.169Z,2, 190198, 275040, 0, 194.43, 37;3, 70586, 275040, 0, 207.70, 46
2026-08-29T07:38:09.301Z,2, 190266, 275040, 0, 194.43, 37;3, 70586, 275040, 0, 207.82, 46
2026-08-29T07:38:10.475Z,2, 190266, 275040, 0, 194.32, 37;3, 70586, 275040, 0, 207.82, 46
2026-08-29T07:38:11.570Z,2, 190266, 275040, 0, 194.35, 37;3, 70586, 275040, 0, 207.71, 46
2026-08-29T07:38:12.678Z,2, 190266, 275040, 0, 194.32, 37;3, 70586, 275040, 0, 207.67, 46
2026-08-29T07:38:13.790Z,2, 190266, 275040, 0, 194.39, 37;3, 70586, 275040, 0, 207.67, 46
2026-08-29T07:38:14.904Z,2, 190266, 275040, 0, 194.43, 37;3, 70586, 275040, 0, 207.75, 46
2026-08-29T07:38:16.033Z,2, 190266, 275040, 0, 194.28, 37;3, 70586, 275040, 0, 207.67, 46
2026-08-29T07:38:17.150Z,2, 190266, 275040, 0, 194.35, 37;3, 70586, 275040, 0, 207.86, 46
2026-08-29T07:38:18.276Z,2, 190266, 275040, 0, 194.43, 37;3, 70586, 275040, 0, 208.60, 46
2026-08-29T07:38:19.368Z,2, 190266, 275040, 0, 194.51, 37;3, 70586, 275040, 0, 208.32, 46
2026-08-29T07:38:20.504Z,2, 190266, 275040, 0, 194.43, 37;3, 70586, 275040, 0, 207.98, 46
2026-08-29T07:38:21.629Z,2, 190266, 275040, 0, 194.32, 37;3, 70586, 275040, 0, 207.67, 46
2026-08-29T07:38:22.702Z,2, 190266, 275040, 0, 194.32, 37;3, 70586, 275040, 0, 207.71, 46
2026-08-29T07:38:23.883Z,2, 190266, 275040, 0, 194.47, 37;3, 70586, 275040, 0, 207.71, 46
2026-08-29T07:38:25.002Z,2, 190266, 275040, 0, 194.43, 37;3, 70586, 275040, 0, 207.79, 46
2026-08-29T07:38:26.192Z,2, 190266, 275040, 0, 194.24, 37;3, 70586, 275040, 0, 207.93, 46
2026-08-29T07:38:27.307Z,2, 190266, 275040, 0, 194.28, 37;3, 70586, 275040, 0, 207.63, 46
2026-08-29T07:38:28.452Z,2, 190266, 275040, 0, 194.39, 37;3, 70586, 275040, 0, 207.79, 46
2026-08-29T07:38:29.529Z,2, 190266, 275040, 0, 194.32, 37;3, 70586, 275040, 0, 207.89, 46
2026-08-29T07:38:30.653Z,2, 190266, 275040, 0, 194.35, 37;3, 70586, 275040, 0, 207.90, 46
2026-08-29T07:38:31.813Z,2, 190266, 275040, 0, 194.36, 37;3, 70610, 275040, 0, 208.25, 46
2026-08-29T07:38:32.929Z,2, 190266, 275040, 0, 194.39, 37;3, 71312, 275040, 0, 208.27, 46
2026-08-29T07:38:34.043Z,2, 190266, 275040, 0, 194.47, 37;3, 71312, 275040, 0, 207.75, 46
2026-08-29T07:38:35.187Z,2, 190266, 275040, 0, 194.45, 37;3, 71312, 275040, 0, 207.82, 46
2026-08-29T07:38:36.355Z,2, 190266, 275040, 0, 194.32, 37;3, 71314, 275040, 0, 208.95, 46
2026-08-29T07:38:37.539Z,2, 190730, 275040, 0, 194.82, 37;3, 71982, 275040, 1, 208.40, 46
2026-08-29T07:38:38.799Z,2, 191164, 275040, 0, 197.04, 37;3, 72260, 275040, 0, 210.51, 46
2026-08-29T07:38:39.981Z,2, 191262, 275040, 0, 194.47, 37;3, 72360, 275040, 8, 208.25, 46
2026-08-29T07:38:41.076Z,2, 191266, 275040, 0, 194.63, 37;3, 114294, 275040, 16, 210.34, 46
2026-08-29T07:38:42.170Z,2, 191696, 275040, 0, 194.77, 37;3, 122578, 275040, 11, 210.62, 46
2026-08-29T07:38:43.310Z,2, 191696, 275040, 0, 194.51, 37;3, 128910, 275040, 17, 209.99, 46
2026-08-29T07:38:44.440Z,2, 192090, 275040, 0, 194.62, 37;3, 136058, 275040, 23, 210.49, 46
2026-08-29T07:38:45.550Z,2, 192524, 275040, 0, 195.22, 37;3, 141620, 275040, 7, 211.06, 46
2026-08-29T07:38:46.646Z,2, 195638, 275040, 0, 194.94, 37;3, 146878, 275040, 0, 212.68, 46
2026-08-29T07:38:47.796Z,2, 195638, 275040, 0, 194.59, 37;3, 146878, 275040, 0, 208.88, 46
2026-08-29T07:38:48.932Z,2, 198258, 275040, 100, 451.04, 52;3, 149522, 275040, 100, 473.45, 57
2026-08-29T07:38:50.015Z,2, 198258, 275040, 100, 1073.98, 56;3, 149532, 275040, 100, 1081.04, 63
2026-08-29T07:38:51.109Z,2, 198258, 275040, 100, 1066.30, 56;3, 149532, 275040, 100, 1071.76, 64
2026-08-29T07:38:52.215Z,2, 198890, 275040, 0, 341.40, 40;3, 150164, 275040, 23, 333.53, 48
2026-08-29T07:38:53.329Z,2, 200036, 275040, 100, 721.01, 55;3, 150166, 275040, 100, 761.03, 65
2026-08-29T07:38:54.407Z,2, 200036, 275040, 100, 1058.58, 56;3, 150166, 275040, 100, 1068.21, 65
2026-08-29T07:38:55.488Z,2, 200036, 275040, 100, 1049.74, 53;3, 150166, 275040, 100, 1059.60, 64
2026-08-29T07:38:56.570Z,2, 200036, 275040, 100, 1058.85, 57;3, 150166, 275040, 100, 1076.81, 67
2026-08-29T07:38:57.671Z,2, 200036, 275040, 100, 1084.06, 59;3, 153468, 275040, 100, 1075.09, 67
2026-08-29T07:38:58.762Z,2, 200038, 275040, 100, 1067.79, 60;3, 158012, 275040, 100, 1085.94, 68
2026-08-29T07:38:59.852Z,2, 200038, 275040, 100, 1079.34, 58;3, 158012, 275040, 100, 1075.64, 67
2026-08-29T07:39:00.968Z,2, 200046, 275040, 0, 871.50, 47;3, 159298, 275040, 5, 859.68, 56
2026-08-29T07:39:02.087Z,2, 203326, 275040, 100, 703.70, 56;3, 166130, 275040, 100, 822.57, 66
2026-08-29T07:39:03.200Z,2, 209882, 275040, 38, 909.03, 50;3, 172686, 275040, 62, 936.18, 57
2026-08-29T07:39:04.295Z,2, 209882, 275040, 0, 200.19, 43;3, 172758, 275040, 0, 227.80, 52
2026-08-29T07:39:05.370Z,2, 209882, 275040, 0, 198.27, 42;3, 172768, 275040, 0, 217.77, 52
2026-08-29T07:39:06.466Z,2, 209882, 275040, 0, 198.21, 42;3, 172784, 275040, 0, 241.93, 51
2026-08-29T07:39:07.542Z,2, 209882, 275040, 0, 222.19, 41;3, 172784, 275040, 0, 238.06, 51
2026-08-29T07:39:08.913Z,2, 209882, 275040, 0, 198.29, 41;3, 172784, 275040, 0, 215.21, 50
2026-08-29T07:39:10.032Z,2, 209882, 275040, 0, 197.55, 40;3, 172784, 275040, 0, 227.27, 50
2026-08-29T07:39:11.172Z,2, 209882, 275040, 0, 196.91, 40;3, 173918, 275040, 0, 214.51, 50
2026-08-29T07:39:12.269Z,2, 209882, 275040, 0, 196.55, 40;3, 173918, 275040, 0, 213.46, 49
2026-08-29T07:39:13.405Z,2, 209882, 275040, 0, 196.34, 39;3, 173918, 275040, 0, 271.80, 49
2026-08-29T07:39:14.516Z,2, 209882, 275040, 0, 196.35, 39;3, 173920, 275040, 100, 947.22, 65
2026-08-29T07:39:15.662Z,2, 209882, 275040, 0, 196.33, 39;3, 173920, 275040, 27, 967.53, 56
2026-08-29T07:39:16.793Z,2, 209882, 275040, 0, 196.36, 38;3, 173922, 275040, 0, 215.71, 50
2026-08-29T07:39:17.981Z,2, 209882, 275040, 0, 196.17, 38;3, 173922, 275040, 0, 213.31, 49
2026-08-29T07:39:19.070Z,2, 209882, 275040, 0, 196.08, 38;3, 173922, 275040, 0, 212.74, 48
2026-08-29T07:39:20.227Z,2, 209884, 275040, 0, 195.46, 38;3, 173922, 275040, 0, 211.95, 48
2026-08-29T07:39:21.393Z,2, 209884, 275040, 0, 195.03, 38;3, 173922, 275040, 0, 211.49, 48
2026-08-29T07:39:22.576Z,2, 209884, 275040, 0, 194.88, 37;3, 173922, 275040, 0, 211.38, 47
2026-08-29T07:39:23.685Z,2, 210824, 275040, 1, 195.00, 37;3, 173922, 275040, 0, 211.00, 47
2026-08-29T07:39:24.860Z,2, 210824, 275040, 1, 194.96, 37;3, 173922, 275040, 0, 210.40, 47
2026-08-29T07:39:26.021Z,2, 210824, 275040, 1, 194.63, 37;3, 173922, 275040, 0, 209.95, 46
2026-08-29T07:39:27.110Z,2, 210824, 275040, 0, 194.42, 37;3, 173922, 275040, 0, 209.45, 46
2026-08-29T07:39:28.196Z,2, 211070, 275040, 6, 198.53, 37;3, 173922, 275040, 0, 209.49, 46
2026-08-29T07:39:29.333Z,2, 211070, 275040, 0, 194.68, 36;3, 173922, 275040, 0, 209.46, 46
2026-08-29T07:39:30.468Z,2, 211622, 275040, 52, 263.35, 38;3, 173922, 275040, 0, 209.52, 46
2026-08-29T07:39:31.574Z,2, 215870, 275040, 100, 543.07, 53;3, 173922, 275040, 0, 209.35, 46
2026-08-29T07:39:32.685Z,2, 215870, 275040, 0, 727.17, 40;3, 173922, 275040, 0, 209.35, 46
2026-08-29T07:39:33.788Z,2, 215870, 275040, 100, 1018.26, 53;3, 173922, 275040, 0, 209.48, 46
2026-08-29T07:39:34.879Z,2, 215870, 275040, 100, 1092.10, 56;3, 173922, 275040, 0, 209.33, 46
2026-08-29T07:39:35.971Z,2, 215870, 275040, 100, 1088.77, 54;3, 173922, 275040, 0, 209.43, 46
2026-08-29T07:39:37.083Z,2, 225994, 275040, 0, 263.73, 40;3, 173922, 275040, 0, 209.28, 46
2026-08-29T07:39:38.166Z,2, 225994, 275040, 0, 197.11, 39;3, 173922, 275040, 72, 311.25, 54
2026-08-29T07:39:39.251Z,2, 225994, 275040, 0, 196.58, 39;3, 173922, 275040, 100, 997.57, 62
2026-08-29T07:39:40.362Z,2, 225994, 275040, 0, 196.40, 39;3, 173922, 275040, 6, 896.09, 52
2026-08-29T07:39:41.466Z,2, 225994, 275040, 0, 196.36, 39;3, 173922, 275040, 0, 212.27, 47
2026-08-29T07:39:42.581Z,2, 225994, 275040, 100, 940.39, 56;3, 173922, 275040, 0, 211.23, 47
2026-08-29T07:39:43.711Z,2, 225994, 275040, 100, 1091.70, 58;3, 173922, 275040, 0, 210.79, 47
2026-08-29T07:39:44.826Z,2, 225994, 275040, 100, 1087.69, 59;3, 173922, 275040, 0, 210.43, 47
2026-08-29T07:39:45.911Z,2, 225994, 275040, 100, 1087.49, 59;3, 173922, 275040, 0, 210.35, 47
2026-08-29T07:39:47.041Z,2, 225994, 275040, 0, 290.21, 42;3, 173922, 275040, 0, 210.37, 47
2026-08-29T07:39:48.155Z,2, 225994, 275040, 0, 198.46, 41;3, 173922, 275040, 100, 674.22, 62
2026-08-29T07:39:49.261Z,2, 225994, 275040, 0, 198.35, 41;3, 173922, 275040, 100, 1071.13, 63
2026-08-29T07:39:50.340Z,2, 225994, 275040, 0, 198.24, 41;3, 173922, 275040, 0, 447.51, 49
2026-08-29T07:39:51.446Z,2, 225994, 275040, 37, 387.97, 55;3, 173922, 275040, 0, 213.13, 48
2026-08-29T07:39:52.559Z,2, 225994, 275040, 100, 1084.78, 59;3, 173922, 275040, 0, 212.14, 48
2026-08-29T07:39:53.816Z,2, 225994, 275040, 100, 1089.87, 60;3, 173922, 275040, 0, 211.69, 48
2026-08-29T07:39:54.932Z,2, 225994, 275040, 100, 1100.95, 59;3, 173922, 275040, 0, 211.69, 48
2026-08-29T07:39:56.032Z,2, 225994, 275040, 0, 745.57, 45;3, 173922, 275040, 0, 211.80, 48
2026-08-29T07:39:57.116Z,2, 225994, 275040, 0, 200.25, 43;3, 173922, 275040, 99, 332.03, 51
2026-08-29T07:39:58.203Z,2, 225994, 275040, 0, 199.39, 43;3, 173922, 275040, 100, 1052.83, 64
2026-08-29T07:39:59.290Z,2, 225994, 275040, 0, 199.08, 42;3, 173922, 275040, 5, 830.23, 52
2026-08-29T07:40:00.393Z,2, 225994, 275040, 0, 198.60, 42;3, 173922, 275040, 0, 214.84, 50
2026-08-29T07:40:01.474Z,2, 225994, 275040, 100, 948.95, 58;3, 173922, 275040, 0, 213.39, 49
2026-08-29T07:40:02.749Z,2, 225994, 275040, 100, 1098.73, 61;3, 173922, 275040, 0, 213.27, 49
2026-08-29T07:40:03.829Z,2, 225994, 275040, 100, 1087.88, 61;3, 173922, 275040, 0, 213.12, 49
2026-08-29T07:40:04.906Z,2, 225994, 275040, 100, 1084.99, 61;3, 173922, 275040, 0, 213.16, 49
2026-08-29T07:40:06.031Z,2, 225994, 275040, 0, 351.21, 45;3, 173922, 275040, 0, 213.24, 49
2026-08-29T07:40:07.104Z,2, 225994, 275040, 0, 200.19, 44;3, 173922, 275040, 100, 662.52, 64
2026-08-29T07:40:08.229Z,2, 225994, 275040, 0, 200.19, 44;3, 173922, 275040, 100, 1077.84, 65
2026-08-29T07:40:09.309Z,2, 225994, 275040, 0, 200.26, 44;3, 173922, 275040, 0, 442.36, 51
2026-08-29T07:40:10.433Z,2, 225994, 275040, 0, 200.00, 43;3, 173922, 275040, 0, 215.40, 50
2026-08-29T07:40:11.518Z,2, 226638, 275040, 0, 199.72, 43;3, 174566, 275040, 0, 214.91, 50
2026-08-29T07:40:12.669Z,2, 226638, 275040, 0, 199.76, 43;3, 174566, 275040, 0, 214.82, 50
2026-08-29T07:40:13.748Z,2, 226636, 275040, 7, 198.81, 43;3, 174566, 275040, 0, 213.31, 50
2026-08-29T07:40:14.857Z,2, 90850, 275040, 0, 204.99, 43;3, 174566, 275040, 0, 213.43, 50
2026-08-29T07:40:15.961Z,2, 90850, 275040, 0, 198.33, 43;3, 174566, 275040, 0, 213.44, 50
2026-08-29T07:40:17.057Z,2, 90850, 275040, 0, 200.57, 43;3, 174566, 275040, 0, 215.80, 50
2026-08-29T07:40:18.198Z,2, 90850, 275040, 100, 816.31, 60;3, 174566, 275040, 100, 818.64, 67
2026-08-29T07:40:19.290Z,2, 90850, 275040, 100, 1082.29, 59;3, 174566, 275040, 100, 1076.45, 69
2026-08-29T07:40:20.379Z,2, 90850, 275040, 100, 1084.87, 62;3, 174566, 275040, 100, 1070.99, 67
2026-08-29T07:40:21.492Z,2, 90850, 275040, 100, 1081.84, 63;3, 89986, 275040, 100, 1071.47, 70
2026-08-29T07:40:22.829Z,2, 90850, 275040, 96, 1075.58, 60;3, 89986, 275040, 100, 1061.24, 68
2026-08-29T07:40:23.919Z,2, 90850, 275040, 100, 1089.37, 64;3, 89986, 275040, 100, 1075.74, 71
2026-08-29T07:40:25.075Z,2, 90850, 275040, 100, 1083.10, 64;3, 89986, 275040, 100, 1071.28, 72
2026-08-29T07:40:26.358Z,2, 90850, 275040, 100, 1085.65, 65;3, 89986, 275040, 100, 1074.64, 71
2026-08-29T07:40:27.558Z,2, 90850, 275040, 100, 1084.82, 63;3, 89986, 275040, 100, 1074.74, 73
2026-08-29T07:40:28.693Z,2, 90850, 275040, 71, 828.38, 59;3, 89986, 275040, 78, 833.27, 67
2026-08-29T07:40:29.846Z,2, 90850, 275040, 80, 820.57, 57;3, 89986, 275040, 78, 839.96, 65
