2026/08/07 14:31:08.436, 0, 69838, 0, 202.41
2026/08/07 14:31:08.456, 1, 71300, 0, 209.43
2026/08/07 14:31:08.479, 2, 71184, 0, 197.41
2026/08/07 14:31:08.495, 3, 71304, 0, 216.64
2026/08/07 14:31:08.513, 4, 69576, 0, 199.09
2026/08/07 14:31:08.524, 5, 71040, 10, 205.82
2026/08/07 14:31:08.559, 6, 71030, 56, 200.70
2026/08/07 14:31:08.570, 7, 71040, 36, 208.50
2026/08/07 14:31:09.079, 0, 69146, 0, 202.37
2026/08/07 14:31:09.079, 1, 70426, 0, 209.36
2026/08/07 14:31:09.079, 2, 70354, 1, 197.49
2026/08/07 14:31:09.079, 3, 70674, 1, 216.14
2026/08/07 14:31:09.079, 4, 69576, 0, 202.35
2026/08/07 14:31:09.079, 5, 71040, 0, 207.46
2026/08/07 14:31:09.079, 6, 71030, 0, 202.60
2026/08/07 14:31:09.079, 7, 71040, 0, 210.24
2026/08/07 14:31:09.579, 0, 67950, 0, 202.60
2026/08/07 14:31:09.579, 1, 69412, 0, 209.13
2026/08/07 14:31:09.579, 2, 69414, 1, 197.45
2026/08/07 14:31:09.580, 3, 69414, 1, 215.74
2026/08/07 14:31:09.580, 4, 69576, 0, 202.65
2026/08/07 14:31:09.580, 5, 71040, 0, 207.38
2026/08/07 14:31:09.580, 6, 71030, 0, 202.93
2026/08/07 14:31:09.581, 7, 71040, 0, 210.51
2026/08/07 14:31:10.081, 0, 66552, 0, 202.57
2026/08/07 14:31:10.081, 1, 68014, 0, 208.67
2026/08/07 14:31:10.081, 2, 68016, 0, 197.17
2026/08/07 14:31:10.081, 3, 68016, 0, 215.53
2026/08/07 14:31:10.081, 4, 69576, 0, 209.85
2026/08/07 14:31:10.081, 5, 71042, 0, 211.76
2026/08/07 14:31:10.081, 6, 71032, 0, 208.25
2026/08/07 14:31:10.081, 7, 71042, 0, 216.47
2026/08/07 14:31:10.581, 0, 66552, 0, 202.13
2026/08/07 14:31:10.581, 1, 68014, 0, 208.03
2026/08/07 14:31:10.581, 2, 68016, 0, 196.74
2026/08/07 14:31:10.581, 3, 68016, 0, 215.30
2026/08/07 14:31:10.581, 4, 69576, 0, 209.85
2026/08/07 14:31:10.581, 5, 71042, 0, 211.85
2026/08/07 14:31:10.581, 6, 71032, 0, 207.99
2026/08/07 14:31:10.581, 7, 71046, 0, 216.22
2026/08/07 14:31:11.082, 0, 66552, 0, 201.14
2026/08/07 14:31:11.082, 1, 68014, 0, 207.49
2026/08/07 14:31:11.082, 2, 68016, 0, 196.25
2026/08/07 14:31:11.082, 3, 68016, 0, 214.64
2026/08/07 14:31:11.082, 4, 69582, 0, 234.95
2026/08/07 14:31:11.082, 5, 71046, 100, 240.24
2026/08/07 14:31:11.082, 6, 71036, 92, 232.66
2026/08/07 14:31:11.082, 7, 71046, 93, 242.43
2026/08/07 14:31:11.582, 0, 66552, 0, 200.48
2026/08/07 14:31:11.582, 1, 68014, 0, 207.08
2026/08/07 14:31:11.582, 2, 68016, 0, 196.25
2026/08/07 14:31:11.582, 3, 68016, 0, 213.83
2026/08/07 14:31:11.582, 4, 69582, 0, 235.14
2026/08/07 14:31:11.582, 5, 71046, 100, 240.74
2026/08/07 14:31:11.582, 6, 71036, 100, 232.45
2026/08/07 14:31:11.582, 7, 71046, 100, 242.11
2026/08/07 14:31:12.082, 0, 66552, 0, 200.34
2026/08/07 14:31:12.082, 1, 68014, 0, 206.65
2026/08/07 14:31:12.082, 2, 68016, 0, 196.21
2026/08/07 14:31:12.082, 3, 68016, 0, 213.31
2026/08/07 14:31:12.082, 4, 69582, 0, 197.93
2026/08/07 14:31:12.082, 5, 71046, 100, 203.21
2026/08/07 14:31:12.082, 6, 71036, 100, 198.53
2026/08/07 14:31:12.082, 7, 71046, 100, 205.80
2026/08/07 14:31:12.586, 0, 66552, 0, 200.26
2026/08/07 14:31:12.586, 1, 68014, 0, 205.99
2026/08/07 14:31:12.586, 2, 68016, 0, 196.21
2026/08/07 14:31:12.586, 3, 68016, 0, 213.35
2026/08/07 14:31:12.586, 4, 69588, 93, 258.04
2026/08/07 14:31:12.586, 5, 71046, 100, 204.74
2026/08/07 14:31:12.586, 6, 71036, 100, 200.42
2026/08/07 14:31:12.586, 7, 71046, 100, 206.86
2026/08/07 14:31:13.087, 0, 66552, 0, 200.41
2026/08/07 14:31:13.111, 1, 68014, 0, 205.75
2026/08/07 14:31:13.111, 2, 68016, 0, 196.17
2026/08/07 14:31:13.111, 3, 68016, 0, 213.28
2026/08/07 14:31:13.111, 4, 69588, 0, 258.30
2026/08/07 14:31:13.112, 5, 71046, 0, 204.38
2026/08/07 14:31:13.112, 6, 71036, 0, 200.39
2026/08/07 14:31:13.112, 7, 71046, 0, 207.46
2026/08/07 14:31:13.615, 0, 66552, 0, 200.53
2026/08/07 14:31:13.615, 1, 68014, 0, 205.63
2026/08/07 14:31:13.615, 2, 68016, 0, 195.98
2026/08/07 14:31:13.615, 3, 68016, 0, 213.11
2026/08/07 14:31:13.615, 4, 69588, 0, 198.20
2026/08/07 14:31:13.615, 5, 71046, 0, 202.04
2026/08/07 14:31:13.615, 6, 71036, 0, 197.74
2026/08/07 14:31:13.615, 7, 71046, 0, 204.31
2026/08/07 14:31:14.115, 0, 66552, 0, 200.37
2026/08/07 14:31:14.116, 1, 68014, 0, 205.55
2026/08/07 14:31:14.117, 2, 68016, 0, 195.86
2026/08/07 14:31:14.117, 3, 68016, 0, 212.45
2026/08/07 14:31:14.117, 4, 69590, 0, 214.08
2026/08/07 14:31:14.117, 5, 71046, 3, 218.70
2026/08/07 14:31:14.117, 6, 71036, 10, 221.48
2026/08/07 14:31:14.117, 7, 71046, 20, 253.76
2026/08/07 14:31:14.617, 0, 4, 0, 203.73
2026/08/07 14:31:14.786, 1, 68014, 0, 205.59
2026/08/07 14:31:14.786, 2, 68016, 2, 195.85
2026/08/07 14:31:14.786, 3, 4, 0, 215.29
2026/08/07 14:31:14.786, 4, 69590, 100, 729.72
2026/08/07 14:31:14.786, 5, 71046, 100, 749.36
2026/08/07 14:31:14.787, 6, 71036, 100, 751.10
2026/08/07 14:31:14.787, 7, 71046, 100, 725.81
2026/08/07 14:31:15.287, 0, 4, 0, 203.63
2026/08/07 14:31:15.291, 1, 4, 22, 208.94
2026/08/07 14:31:15.291, 2, 4, 0, 199.35
2026/08/07 14:31:15.291, 3, 4, 0, 215.74
2026/08/07 14:31:15.291, 4, 69590, 100, 960.53
2026/08/07 14:31:15.291, 5, 71046, 100, 982.57
2026/08/07 14:31:15.291, 6, 71036, 99, 953.60
2026/08/07 14:31:15.291, 7, 71046, 100, 999.74
2026/08/07 14:31:15.791, 0, 0, 0, 200.46
2026/08/07 14:31:15.792, 1, 0, 0, 209.30
2026/08/07 14:31:15.793, 2, 0, 0, 199.70
2026/08/07 14:31:15.794, 3, 0, 0, 204.49
2026/08/07 14:31:15.795, 4, 69590, 100, 958.10
2026/08/07 14:31:15.796, 5, 71046, 100, 978.82
2026/08/07 14:31:15.797, 6, 71036, 99, 949.49
2026/08/07 14:31:15.798, 7, 71046, 100, 998.66
2026/08/07 14:31:16.299, 0, 0, 0, 200.45
2026/08/07 14:31:16.299, 1, 0, 0, 205.60
2026/08/07 14:31:16.299, 2, 0, 0, 184.19
2026/08/07 14:31:16.299, 3, 0, 0, 174.51
2026/08/07 14:31:16.299, 4, 69590, 100, 964.27
2026/08/07 14:31:16.299, 5, 71046, 100, 982.44
2026/08/07 14:31:16.299, 6, 71036, 100, 953.96
2026/08/07 14:31:16.299, 7, 71046, 100, 1000.66
2026/08/07 14:31:16.799, 0, 0, 0, 180.19
2026/08/07 14:31:16.799, 1, 0, 0, 197.85
2026/08/07 14:31:16.799, 2, 0, 0, 156.41
2026/08/07 14:31:16.799, 3, 0, 0, 151.59
2026/08/07 14:31:16.799, 4, 69590, 98, 960.23
2026/08/07 14:31:16.799, 5, 71046, 99, 979.24
2026/08/07 14:31:16.799, 6, 71036, 98, 953.01
2026/08/07 14:31:16.799, 7, 71046, 99, 997.16
2026/08/07 14:31:17.300, 0, 0, 0, 150.64
2026/08/07 14:31:17.300, 1, 0, 0, 169.37
2026/08/07 14:31:17.300, 2, 0, 0, 140.04
2026/08/07 14:31:17.300, 3, 0, 0, 150.27
2026/08/07 14:31:17.300, 4, 69590, 100, 958.03
2026/08/07 14:31:17.300, 5, 71046, 100, 983.32
2026/08/07 14:31:17.300, 6, 71036, 100, 957.26
2026/08/07 14:31:17.300, 7, 71046, 100, 999.65
2026/08/07 14:31:17.800, 0, 0, 0, 141.20
2026/08/07 14:31:17.800, 1, 0, 0, 148.13
2026/08/07 14:31:17.800, 2, 0, 0, 138.64
2026/08/07 14:31:17.800, 3, 0, 0, 148.99
2026/08/07 14:31:17.800, 4, 69590, 100, 963.71
2026/08/07 14:31:17.800, 5, 71046, 100, 980.85
2026/08/07 14:31:17.800, 6, 71036, 100, 957.76
2026/08/07 14:31:17.800, 7, 71046, 100, 999.39
2026/08/07 14:31:18.300, 0, 0, 0, 140.33
2026/08/07 14:31:18.300, 1, 0, 0, 146.83
2026/08/07 14:31:18.300, 2, 0, 0, 137.33
2026/08/07 14:31:18.300, 3, 0, 0, 147.89
2026/08/07 14:31:18.300, 4, 69590, 100, 959.00
2026/08/07 14:31:18.300, 5, 71046, 100, 979.34
2026/08/07 14:31:18.300, 6, 71036, 100, 948.73
2026/08/07 14:31:18.300, 7, 71046, 100, 996.82
2026/08/07 14:31:18.800, 0, 0, 0, 139.42
2026/08/07 14:31:18.800, 1, 0, 0, 145.84
2026/08/07 14:31:18.800, 2, 0, 0, 136.43
2026/08/07 14:31:18.800, 3, 0, 0, 147.27
2026/08/07 14:31:18.800, 4, 69590, 100, 960.26
2026/08/07 14:31:18.800, 5, 71046, 100, 989.99
2026/08/07 14:31:18.800, 6, 71036, 100, 951.96
2026/08/07 14:31:18.800, 7, 71046, 100, 1000.45
2026/08/07 14:31:19.300, 0, 0, 0, 138.38
2026/08/07 14:31:19.300, 1, 0, 0, 144.99
2026/08/07 14:31:19.300, 2, 0, 0, 136.24
2026/08/07 14:31:19.300, 3, 0, 0, 146.83
2026/08/07 14:31:19.300, 4, 69590, 100, 958.68
2026/08/07 14:31:19.300, 5, 71046, 100, 981.70
2026/08/07 14:31:19.300, 6, 71036, 100, 951.03
2026/08/07 14:31:19.300, 7, 71046, 100, 999.45
2026/08/07 14:31:19.801, 0, 0, 0, 138.23
2026/08/07 14:31:19.801, 1, 0, 0, 144.09
2026/08/07 14:31:19.801, 2, 0, 0, 135.66
2026/08/07 14:31:19.801, 3, 0, 0, 146.43
2026/08/07 14:31:19.801, 4, 69590, 100, 961.75
2026/08/07 14:31:19.801, 5, 71046, 100, 978.09
2026/08/07 14:31:19.801, 6, 71036, 100, 951.64
2026/08/07 14:31:19.801, 7, 71046, 100, 1004.60
2026/08/07 14:31:20.301, 0, 0, 0, 138.04
2026/08/07 14:31:20.301, 1, 0, 0, 143.82
2026/08/07 14:31:20.301, 2, 0, 0, 134.96
2026/08/07 14:31:20.301, 3, 0, 0, 146.29
2026/08/07 14:31:20.301, 4, 69590, 100, 959.39
2026/08/07 14:31:20.301, 5, 71046, 100, 984.30
2026/08/07 14:31:20.301, 6, 71036, 100, 953.05
2026/08/07 14:31:20.301, 7, 71046, 100, 1006.29
2026/08/07 14:31:20.801, 0, 0, 0, 137.85
2026/08/07 14:31:20.801, 1, 0, 0, 143.90
2026/08/07 14:31:20.801, 2, 0, 0, 134.60
2026/08/07 14:31:20.801, 3, 0, 0, 146.15
2026/08/07 14:31:20.801, 4, 69590, 100, 958.56
2026/08/07 14:31:20.801, 5, 71046, 100, 982.72
2026/08/07 14:31:20.801, 6, 71036, 100, 951.33
2026/08/07 14:31:20.801, 7, 71046, 100, 1002.46
2026/08/07 14:31:21.301, 0, 0, 0, 137.51
2026/08/07 14:31:21.301, 1, 0, 0, 143.82
2026/08/07 14:31:21.301, 2, 0, 0, 134.34
2026/08/07 14:31:21.301, 3, 0, 0, 145.90
2026/08/07 14:31:21.301, 4, 69590, 100, 963.96
2026/08/07 14:31:21.301, 5, 71046, 100, 987.99
2026/08/07 14:31:21.301, 6, 71036, 100, 959.08
2026/08/07 14:31:21.301, 7, 71046, 100, 1005.46
2026/08/07 14:31:21.801, 0, 0, 0, 137.10
2026/08/07 14:31:21.801, 1, 0, 0, 143.40
2026/08/07 14:31:21.801, 2, 0, 0, 134.34
2026/08/07 14:31:21.801, 3, 0, 0, 145.72
2026/08/07 14:31:21.801, 4, 69590, 98, 961.21
2026/08/07 14:31:21.801, 5, 71046, 99, 986.79
2026/08/07 14:31:21.801, 6, 71036, 99, 954.98
2026/08/07 14:31:21.801, 7, 71046, 99, 996.49
2026/08/07 14:31:22.302, 0, 0, 0, 136.94
2026/08/07 14:31:22.302, 1, 0, 0, 143.04
2026/08/07 14:31:22.302, 2, 0, 0, 134.34
2026/08/07 14:31:22.302, 3, 0, 0, 145.80
2026/08/07 14:31:22.302, 4, 69590, 100, 960.99
2026/08/07 14:31:22.302, 5, 71046, 100, 986.48
2026/08/07 14:31:22.302, 6, 71036, 100, 955.49
2026/08/07 14:31:22.302, 7, 71046, 100, 999.18
2026/08/07 14:31:22.802, 0, 0, 0, 136.72
2026/08/07 14:31:22.802, 1, 0, 0, 142.78
2026/08/07 14:31:22.804, 2, 0, 0, 134.33
2026/08/07 14:31:22.805, 3, 0, 0, 145.82
2026/08/07 14:31:22.806, 4, 69590, 100, 962.37
2026/08/07 14:31:22.808, 5, 71046, 100, 986.21
2026/08/07 14:31:22.809, 6, 71036, 100, 954.69
2026/08/07 14:31:22.810, 7, 71046, 100, 1005.76
2026/08/07 14:31:23.311, 0, 0, 0, 136.80
2026/08/07 14:31:23.311, 1, 0, 0, 142.35
2026/08/07 14:31:23.311, 2, 0, 0, 134.34
2026/08/07 14:31:23.311, 3, 0, 0, 145.69
2026/08/07 14:31:23.311, 4, 69590, 100, 956.13
2026/08/07 14:31:23.311, 5, 71046, 100, 981.50
2026/08/07 14:31:23.311, 6, 71036, 100, 950.84
2026/08/07 14:31:23.311, 7, 71046, 100, 1003.72
2026/08/07 14:31:23.811, 0, 0, 0, 136.87
2026/08/07 14:31:23.811, 1, 0, 0, 142.11
2026/08/07 14:31:23.811, 2, 0, 0, 134.34
2026/08/07 14:31:23.811, 3, 0, 0, 145.68
2026/08/07 14:31:23.811, 4, 69590, 100, 958.66
2026/08/07 14:31:23.811, 5, 71046, 100, 984.26
2026/08/07 14:31:23.811, 6, 71036, 100, 959.32
2026/08/07 14:31:23.811, 7, 71046, 100, 1002.93
2026/08/07 14:31:24.312, 0, 0, 0, 136.55
2026/08/07 14:31:24.312, 1, 0, 0, 141.96
2026/08/07 14:31:24.312, 2, 0, 0, 134.41
2026/08/07 14:31:24.312, 3, 0, 0, 145.60
2026/08/07 14:31:24.312, 4, 69590, 100, 956.72
2026/08/07 14:31:24.312, 5, 71046, 100, 981.13
2026/08/07 14:31:24.312, 6, 71036, 100, 958.66
2026/08/07 14:31:24.312, 7, 71046, 100, 998.11
2026/08/07 14:31:24.812, 0, 0, 0, 136.37
2026/08/07 14:31:24.812, 1, 0, 0, 141.88
2026/08/07 14:31:24.812, 2, 0, 0, 134.41
2026/08/07 14:31:24.812, 3, 0, 0, 145.56
2026/08/07 14:31:24.812, 4, 69590, 100, 955.41
2026/08/07 14:31:24.812, 5, 71046, 100, 986.60
2026/08/07 14:31:24.812, 6, 71036, 100, 949.42
2026/08/07 14:31:24.812, 7, 71046, 100, 1000.00
2026/08/07 14:31:25.312, 0, 0, 0, 136.38
2026/08/07 14:31:25.312, 1, 0, 0, 141.88
2026/08/07 14:31:25.312, 2, 0, 0, 134.34
2026/08/07 14:31:25.312, 3, 0, 0, 145.49
2026/08/07 14:31:25.312, 4, 69590, 100, 951.93
2026/08/07 14:31:25.312, 5, 71046, 100, 983.06
2026/08/07 14:31:25.312, 6, 71036, 100, 950.36
2026/08/07 14:31:25.312, 7, 71046, 100, 995.84
2026/08/07 14:31:25.812, 0, 0, 0, 136.38
2026/08/07 14:31:25.812, 1, 0, 0, 142.00
2026/08/07 14:31:25.812, 2, 0, 0, 134.34
2026/08/07 14:31:25.812, 3, 0, 0, 145.28
2026/08/07 14:31:25.812, 4, 69590, 100, 949.33
2026/08/07 14:31:25.812, 5, 71046, 100, 979.27
2026/08/07 14:31:25.812, 6, 71036, 100, 955.45
2026/08/07 14:31:25.812, 7, 71046, 100, 992.38
2026/08/07 14:31:26.312, 0, 0, 0, 136.38
2026/08/07 14:31:26.312, 1, 0, 0, 141.96
2026/08/07 14:31:26.312, 2, 0, 0, 134.34
2026/08/07 14:31:26.312, 3, 0, 0, 145.13
2026/08/07 14:31:26.312, 4, 69590, 100, 958.71
2026/08/07 14:31:26.312, 5, 71046, 100, 986.03
2026/08/07 14:31:26.312, 6, 71036, 100, 961.42
2026/08/07 14:31:26.312, 7, 71046, 100, 998.84
2026/08/07 14:31:26.812, 0, 0, 0, 136.38
2026/08/07 14:31:26.812, 1, 0, 0, 141.84
2026/08/07 14:31:26.812, 2, 0, 0, 134.34
2026/08/07 14:31:26.812, 3, 0, 0, 144.88
2026/08/07 14:31:26.812, 4, 69590, 99, 959.48
2026/08/07 14:31:26.812, 5, 71046, 99, 980.89
2026/08/07 14:31:26.812, 6, 71036, 99, 950.26
2026/08/07 14:31:26.813, 7, 71046, 100, 1001.04
2026/08/07 14:31:27.313, 0, 0, 0, 136.35
2026/08/07 14:31:27.313, 1, 0, 0, 141.84
2026/08/07 14:31:27.313, 2, 0, 0, 134.34
2026/08/07 14:31:27.313, 3, 0, 0, 144.66
2026/08/07 14:31:27.313, 4, 69590, 100, 959.36
2026/08/07 14:31:27.313, 5, 71046, 100, 984.89
2026/08/07 14:31:27.313, 6, 71036, 100, 949.78
2026/08/07 14:31:27.313, 7, 71046, 100, 1000.26
2026/08/07 14:31:27.813, 0, 0, 0, 136.35
2026/08/07 14:31:27.813, 1, 0, 0, 141.84
2026/08/07 14:31:27.813, 2, 0, 0, 134.34
2026/08/07 14:31:27.813, 3, 0, 0, 144.44
2026/08/07 14:31:27.813, 4, 69590, 100, 962.74
2026/08/07 14:31:27.813, 5, 71046, 100, 991.95
2026/08/07 14:31:27.813, 6, 71036, 100, 957.11
2026/08/07 14:31:27.813, 7, 71046, 100, 998.75
2026/08/07 14:31:28.313, 0, 0, 0, 136.46
2026/08/07 14:31:28.313, 1, 0, 0, 141.84
2026/08/07 14:31:28.313, 2, 0, 0, 134.29
2026/08/07 14:31:28.313, 3, 0, 0, 144.02
2026/08/07 14:31:28.313, 4, 69590, 100, 959.43
2026/08/07 14:31:28.313, 5, 71046, 100, 987.50
2026/08/07 14:31:28.313, 6, 71036, 100, 952.03
2026/08/07 14:31:28.313, 7, 71046, 100, 1000.21
2026/08/07 14:31:28.813, 0, 0, 0, 136.48
2026/08/07 14:31:28.813, 1, 0, 0, 141.84
2026/08/07 14:31:28.813, 2, 0, 0, 134.26
2026/08/07 14:31:28.813, 3, 0, 0, 143.79
2026/08/07 14:31:28.813, 4, 69590, 100, 955.03
2026/08/07 14:31:28.813, 5, 71046, 100, 984.06
2026/08/07 14:31:28.813, 6, 71036, 100, 950.55
2026/08/07 14:31:28.813, 7, 71046, 100, 1003.21
2026/08/07 14:31:29.313, 0, 0, 0, 136.36
2026/08/07 14:31:29.313, 1, 0, 0, 141.84
2026/08/07 14:31:29.313, 2, 0, 0, 134.38
2026/08/07 14:31:29.313, 3, 0, 0, 143.79
2026/08/07 14:31:29.313, 4, 69590, 99, 948.30
2026/08/07 14:31:29.313, 5, 71046, 99, 974.66
2026/08/07 14:31:29.313, 6, 71036, 100, 946.90
2026/08/07 14:31:29.313, 7, 71046, 100, 997.06
2026/08/07 14:31:29.813, 0, 0, 0, 136.35
2026/08/07 14:31:29.814, 1, 0, 0, 141.80
2026/08/07 14:31:29.814, 2, 0, 0, 134.30
2026/08/07 14:31:29.814, 3, 0, 0, 143.78
2026/08/07 14:31:29.814, 4, 69590, 100, 955.59
2026/08/07 14:31:29.814, 5, 71046, 100, 980.86
2026/08/07 14:31:29.814, 6, 71036, 100, 951.43
2026/08/07 14:31:29.814, 7, 71046, 100, 1000.86
2026/08/07 14:31:30.314, 0, 0, 0, 136.35
2026/08/07 14:31:30.314, 1, 0, 0, 141.69
2026/08/07 14:31:30.314, 2, 0, 0, 134.06
2026/08/07 14:31:30.314, 3, 0, 0, 143.78
2026/08/07 14:31:30.314, 4, 69590, 100, 964.31
2026/08/07 14:31:30.314, 5, 71046, 100, 989.52
2026/08/07 14:31:30.314, 6, 71036, 100, 958.66
2026/08/07 14:31:30.314, 7, 71046, 100, 1003.48
2026/08/07 14:31:30.814, 0, 0, 0, 136.36
2026/08/07 14:31:30.814, 1, 0, 0, 141.68
2026/08/07 14:31:30.814, 2, 0, 0, 133.79
2026/08/07 14:31:30.814, 3, 0, 0, 143.79
2026/08/07 14:31:30.814, 4, 69590, 100, 963.93
2026/08/07 14:31:30.814, 5, 71046, 100, 983.49
2026/08/07 14:31:30.814, 6, 71036, 100, 953.08
2026/08/07 14:31:30.814, 7, 71046, 100, 999.05
2026/08/07 14:31:31.314, 0, 0, 0, 136.37
2026/08/07 14:31:31.314, 1, 0, 0, 141.61
2026/08/07 14:31:31.314, 2, 0, 0, 133.65
2026/08/07 14:31:31.314, 3, 0, 0, 143.79
2026/08/07 14:31:31.314, 4, 69590, 100, 962.67
2026/08/07 14:31:31.314, 5, 71046, 100, 984.70
2026/08/07 14:31:31.314, 6, 71036, 100, 951.64
2026/08/07 14:31:31.314, 7, 71046, 100, 999.70
2026/08/07 14:31:31.814, 0, 0, 0, 136.37
2026/08/07 14:31:31.814, 1, 0, 0, 141.08
2026/08/07 14:31:31.814, 2, 0, 0, 133.80
2026/08/07 14:31:31.814, 3, 0, 0, 143.78
2026/08/07 14:31:31.814, 4, 69590, 100, 959.29
2026/08/07 14:31:31.814, 5, 71046, 100, 981.59
2026/08/07 14:31:31.814, 6, 71036, 99, 947.76
2026/08/07 14:31:31.814, 7, 71046, 100, 996.43
2026/08/07 14:31:32.314, 0, 0, 0, 136.36
2026/08/07 14:31:32.315, 1, 0, 0, 140.85
2026/08/07 14:31:32.315, 2, 0, 0, 133.75
2026/08/07 14:31:32.315, 3, 0, 0, 143.85
2026/08/07 14:31:32.315, 4, 69590, 100, 964.63
2026/08/07 14:31:32.315, 5, 71046, 100, 984.18
2026/08/07 14:31:32.315, 6, 71036, 100, 952.71
2026/08/07 14:31:32.315, 7, 71046, 100, 1000.99
2026/08/07 14:31:32.815, 0, 0, 0, 136.35
2026/08/07 14:31:32.815, 1, 0, 0, 140.93
2026/08/07 14:31:32.815, 2, 0, 0, 133.75
2026/08/07 14:31:32.815, 3, 0, 0, 143.85
2026/08/07 14:31:32.815, 4, 69590, 100, 964.34
2026/08/07 14:31:32.815, 5, 71046, 100, 987.72
2026/08/07 14:31:32.815, 6, 71036, 100, 954.09
2026/08/07 14:31:32.815, 7, 71046, 100, 1005.72
2026/08/07 14:31:33.315, 0, 0, 0, 136.47
2026/08/07 14:31:33.315, 1, 0, 0, 140.71
2026/08/07 14:31:33.315, 2, 0, 0, 133.80
2026/08/07 14:31:33.315, 3, 0, 0, 143.77
2026/08/07 14:31:33.315, 4, 69590, 100, 955.01
2026/08/07 14:31:33.315, 5, 71046, 100, 983.01
2026/08/07 14:31:33.315, 6, 71036, 100, 942.88
2026/08/07 14:31:33.315, 7, 71046, 100, 1002.29
2026/08/07 14:31:33.815, 0, 0, 0, 136.48
2026/08/07 14:31:33.815, 1, 0, 0, 140.44
2026/08/07 14:31:33.815, 2, 0, 0, 133.57
2026/08/07 14:31:33.815, 3, 0, 0, 143.78
2026/08/07 14:31:33.815, 4, 69590, 100, 953.16
2026/08/07 14:31:33.815, 5, 71046, 100, 985.68
2026/08/07 14:31:33.815, 6, 71036, 100, 946.34
2026/08/07 14:31:33.815, 7, 71046, 100, 996.27
2026/08/07 14:31:34.315, 0, 0, 0, 136.36
2026/08/07 14:31:34.315, 1, 0, 0, 140.17
2026/08/07 14:31:34.315, 2, 0, 0, 133.56
2026/08/07 14:31:34.315, 3, 0, 0, 143.78
2026/08/07 14:31:34.315, 4, 69590, 99, 947.30
2026/08/07 14:31:34.315, 5, 71046, 99, 986.03
2026/08/07 14:31:34.315, 6, 71036, 100, 947.42
2026/08/07 14:31:34.315, 7, 71046, 100, 989.79
2026/08/07 14:31:34.815, 0, 0, 0, 136.35
2026/08/07 14:31:34.816, 1, 0, 0, 139.98
2026/08/07 14:31:34.817, 2, 0, 0, 133.52
2026/08/07 14:31:34.817, 3, 0, 0, 143.78
2026/08/07 14:31:34.817, 4, 69590, 100, 957.20
2026/08/07 14:31:34.817, 5, 71046, 100, 987.46
2026/08/07 14:31:34.817, 6, 71036, 100, 954.15
2026/08/07 14:31:34.817, 7, 71046, 100, 1003.44
2026/08/07 14:31:35.317, 0, 0, 0, 136.36
2026/08/07 14:31:35.317, 1, 0, 0, 139.94
2026/08/07 14:31:35.317, 2, 0, 0, 133.30
2026/08/07 14:31:35.317, 3, 0, 0, 143.78
2026/08/07 14:31:35.317, 4, 69590, 100, 969.39
2026/08/07 14:31:35.317, 5, 71046, 100, 993.42
2026/08/07 14:31:35.317, 6, 71036, 100, 959.53
2026/08/07 14:31:35.317, 7, 71046, 100, 1009.23
2026/08/07 14:31:35.817, 0, 0, 0, 136.37
2026/08/07 14:31:35.817, 1, 0, 0, 140.05
2026/08/07 14:31:35.817, 2, 0, 0, 133.11
2026/08/07 14:31:35.817, 3, 0, 0, 143.78
2026/08/07 14:31:35.817, 4, 69590, 100, 964.28
2026/08/07 14:31:35.817, 5, 71046, 100, 986.18
2026/08/07 14:31:35.817, 6, 71036, 100, 951.18
2026/08/07 14:31:35.817, 7, 71046, 100, 1001.38
2026/08/07 14:31:36.317, 0, 0, 0, 136.37
2026/08/07 14:31:36.317, 1, 0, 0, 140.01
2026/08/07 14:31:36.317, 2, 0, 0, 133.13
2026/08/07 14:31:36.317, 3, 0, 0, 143.78
2026/08/07 14:31:36.317, 4, 69590, 100, 963.33
2026/08/07 14:31:36.317, 5, 71046, 100, 983.28
2026/08/07 14:31:36.317, 6, 71036, 100, 955.76
2026/08/07 14:31:36.317, 7, 71046, 100, 1005.71
2026/08/07 14:31:36.817, 0, 0, 0, 136.37
2026/08/07 14:31:36.817, 1, 0, 0, 139.90
2026/08/07 14:31:36.817, 2, 0, 0, 133.15
2026/08/07 14:31:36.817, 3, 0, 0, 143.70
2026/08/07 14:31:36.817, 4, 69590, 100, 956.80
2026/08/07 14:31:36.817, 5, 71046, 100, 982.52
2026/08/07 14:31:36.817, 6, 71036, 99, 952.25
2026/08/07 14:31:36.817, 7, 71046, 100, 1003.90
2026/08/07 14:31:37.317, 0, 0, 0, 136.37
2026/08/07 14:31:37.317, 1, 0, 0, 139.90
2026/08/07 14:31:37.317, 2, 0, 0, 133.12
2026/08/07 14:31:37.318, 3, 0, 0, 143.74
2026/08/07 14:31:37.318, 4, 69590, 100, 958.66
2026/08/07 14:31:37.318, 5, 71046, 100, 985.39
2026/08/07 14:31:37.318, 6, 71036, 100, 957.54
2026/08/07 14:31:37.318, 7, 71046, 100, 1002.94
2026/08/07 14:31:37.818, 0, 0, 0, 136.36
2026/08/07 14:31:37.818, 1, 0, 0, 139.90
2026/08/07 14:31:37.818, 2, 0, 0, 133.09
2026/08/07 14:31:37.818, 3, 0, 0, 143.75
2026/08/07 14:31:37.818, 4, 69590, 100, 964.12
2026/08/07 14:31:37.818, 5, 71046, 100, 988.80
2026/08/07 14:31:37.818, 6, 71036, 100, 963.92
2026/08/07 14:31:37.818, 7, 71046, 100, 1005.45
2026/08/07 14:31:38.318, 0, 0, 0, 136.48
2026/08/07 14:31:38.318, 1, 0, 0, 139.90
2026/08/07 14:31:38.318, 2, 0, 0, 133.12
2026/08/07 14:31:38.318, 3, 0, 0, 143.47
2026/08/07 14:31:38.318, 4, 69590, 100, 956.76
2026/08/07 14:31:38.318, 5, 71046, 100, 984.19
2026/08/07 14:31:38.318, 6, 71036, 100, 953.48
2026/08/07 14:31:38.318, 7, 71046, 100, 1000.10
2026/08/07 14:31:38.818, 0, 0, 0, 136.48
2026/08/07 14:31:38.819, 1, 0, 0, 139.90
2026/08/07 14:31:38.819, 2, 0, 0, 132.96
2026/08/07 14:31:38.819, 3, 0, 0, 143.28
2026/08/07 14:31:38.819, 4, 69590, 100, 957.34
2026/08/07 14:31:38.819, 5, 71046, 100, 986.15
2026/08/07 14:31:38.819, 6, 71036, 100, 953.67
2026/08/07 14:31:38.819, 7, 71046, 100, 1001.52
2026/08/07 14:31:39.319, 0, 0, 0, 136.36
2026/08/07 14:31:39.319, 1, 0, 0, 139.90
2026/08/07 14:31:39.319, 2, 0, 0, 132.92
2026/08/07 14:31:39.319, 3, 0, 0, 142.97
2026/08/07 14:31:39.319, 4, 69590, 99, 960.84
2026/08/07 14:31:39.319, 5, 71046, 99, 982.92
2026/08/07 14:31:39.319, 6, 71036, 100, 954.42
2026/08/07 14:31:39.319, 7, 71046, 100, 998.59
2026/08/07 14:31:39.819, 0, 0, 0, 136.36
2026/08/07 14:31:39.819, 1, 0, 0, 139.90
2026/08/07 14:31:39.819, 2, 0, 0, 133.05
2026/08/07 14:31:39.819, 3, 0, 0, 142.99
2026/08/07 14:31:39.819, 4, 69590, 100, 964.92
2026/08/07 14:31:39.819, 5, 71046, 100, 984.65
2026/08/07 14:31:39.819, 6, 71036, 100, 953.41
2026/08/07 14:31:39.819, 7, 71046, 100, 1000.32
2026/08/07 14:31:40.320, 0, 0, 0, 136.35
2026/08/07 14:31:40.320, 1, 0, 0, 139.90
2026/08/07 14:31:40.320, 2, 0, 0, 132.89
2026/08/07 14:31:40.320, 3, 0, 0, 142.94
2026/08/07 14:31:40.320, 4, 69590, 100, 960.94
2026/08/07 14:31:40.320, 5, 71046, 100, 989.61
2026/08/07 14:31:40.320, 6, 71036, 100, 958.47
2026/08/07 14:31:40.320, 7, 71046, 100, 1000.32
2026/08/07 14:31:40.820, 0, 0, 0, 136.35
2026/08/07 14:31:40.820, 1, 0, 0, 140.01
2026/08/07 14:31:40.820, 2, 0, 0, 132.93
2026/08/07 14:31:40.820, 3, 0, 0, 142.70
2026/08/07 14:31:40.820, 4, 69590, 100, 951.35
2026/08/07 14:31:40.820, 5, 71046, 100, 984.54
2026/08/07 14:31:40.820, 6, 71036, 100, 965.41
2026/08/07 14:31:40.820, 7, 71046, 100, 989.69
2026/08/07 14:31:41.320, 0, 0, 0, 136.36
2026/08/07 14:31:41.320, 1, 0, 0, 140.01
2026/08/07 14:31:41.320, 2, 0, 0, 132.88
2026/08/07 14:31:41.320, 3, 0, 0, 142.72
2026/08/07 14:31:41.320, 4, 69590, 100, 960.95
2026/08/07 14:31:41.320, 5, 71046, 100, 985.66
2026/08/07 14:31:41.320, 6, 71036, 100, 968.60
2026/08/07 14:31:41.320, 7, 71046, 100, 996.20
2026/08/07 14:31:41.820, 0, 0, 0, 136.36
2026/08/07 14:31:41.820, 1, 0, 0, 139.90
2026/08/07 14:31:41.821, 2, 0, 0, 132.73
2026/08/07 14:31:41.821, 3, 0, 0, 142.49
2026/08/07 14:31:41.821, 4, 69590, 100, 961.30
2026/08/07 14:31:41.822, 5, 71046, 100, 976.05
2026/08/07 14:31:41.822, 6, 71036, 99, 965.93
2026/08/07 14:31:41.823, 7, 71046, 99, 999.67
2026/08/07 14:31:42.323, 0, 0, 0, 136.36
2026/08/07 14:31:42.323, 1, 0, 0, 139.90
2026/08/07 14:31:42.323, 2, 0, 0, 132.86
2026/08/07 14:31:42.323, 3, 0, 0, 142.42
2026/08/07 14:31:42.323, 4, 69590, 100, 963.18
2026/08/07 14:31:42.323, 5, 71046, 100, 980.46
2026/08/07 14:31:42.323, 6, 71036, 100, 965.03
2026/08/07 14:31:42.323, 7, 71046, 100, 1005.50
2026/08/07 14:31:42.823, 0, 0, 0, 136.32
2026/08/07 14:31:42.823, 1, 0, 0, 139.90
2026/08/07 14:31:42.823, 2, 0, 0, 132.82
2026/08/07 14:31:42.823, 3, 0, 0, 142.37
2026/08/07 14:31:42.823, 4, 69590, 100, 963.93
2026/08/07 14:31:42.823, 5, 71046, 100, 991.07
2026/08/07 14:31:42.823, 6, 71036, 100, 960.36
2026/08/07 14:31:42.823, 7, 71046, 100, 999.84
2026/08/07 14:31:43.323, 0, 0, 0, 136.40
2026/08/07 14:31:43.323, 1, 0, 0, 139.90
2026/08/07 14:31:43.324, 2, 0, 0, 132.73
2026/08/07 14:31:43.324, 3, 0, 0, 142.15
2026/08/07 14:31:43.324, 4, 69590, 100, 954.52
2026/08/07 14:31:43.324, 5, 71046, 100, 985.01
2026/08/07 14:31:43.324, 6, 71036, 100, 953.76
2026/08/07 14:31:43.324, 7, 71046, 100, 989.03
2026/08/07 14:31:43.824, 0, 0, 0, 136.44
2026/08/07 14:31:43.824, 1, 0, 0, 139.90
2026/08/07 14:31:43.824, 2, 0, 0, 132.65
2026/08/07 14:31:43.824, 3, 0, 0, 142.03
2026/08/07 14:31:43.824, 4, 69590, 100, 959.85
2026/08/07 14:31:43.824, 5, 71046, 100, 985.84
2026/08/07 14:31:43.824, 6, 71036, 100, 955.00
2026/08/07 14:31:43.824, 7, 71046, 100, 1002.91
2026/08/07 14:31:44.324, 0, 0, 0, 136.36
2026/08/07 14:31:44.324, 1, 0, 0, 139.90
2026/08/07 14:31:44.324, 2, 0, 0, 132.77
2026/08/07 14:31:44.324, 3, 0, 0, 141.96
2026/08/07 14:31:44.324, 4, 69590, 99, 957.78
2026/08/07 14:31:44.324, 5, 71046, 99, 981.39
2026/08/07 14:31:44.324, 6, 71036, 100, 949.47
2026/08/07 14:31:44.324, 7, 71046, 100, 1001.96
2026/08/07 14:31:44.824, 0, 0, 0, 136.32
2026/08/07 14:31:44.824, 1, 0, 0, 139.86
2026/08/07 14:31:44.824, 2, 0, 0, 132.81
2026/08/07 14:31:44.824, 3, 0, 0, 141.92
2026/08/07 14:31:44.824, 4, 69590, 100, 958.88
2026/08/07 14:31:44.824, 5, 71046, 100, 979.78
2026/08/07 14:31:44.824, 6, 71036, 100, 951.13
2026/08/07 14:31:44.824, 7, 71046, 100, 1000.34
2026/08/07 14:31:45.324, 0, 0, 0, 136.24
2026/08/07 14:31:45.324, 1, 0, 0, 139.86
2026/08/07 14:31:45.324, 2, 0, 0, 132.66
2026/08/07 14:31:45.324, 3, 0, 0, 141.92
2026/08/07 14:31:45.324, 4, 69590, 100, 962.63
2026/08/07 14:31:45.324, 5, 71046, 100, 988.32
2026/08/07 14:31:45.324, 6, 71036, 100, 951.50
2026/08/07 14:31:45.324, 7, 71046, 100, 1003.64
2026/08/07 14:31:45.824, 0, 0, 0, 136.24
2026/08/07 14:31:45.824, 1, 0, 0, 139.86
2026/08/07 14:31:45.824, 2, 0, 0, 132.58
2026/08/07 14:31:45.824, 3, 0, 0, 141.88
2026/08/07 14:31:45.824, 4, 69590, 100, 960.51
2026/08/07 14:31:45.824, 5, 71046, 100, 985.21
2026/08/07 14:31:45.825, 6, 71036, 100, 948.52
2026/08/07 14:31:45.825, 7, 71046, 100, 1000.54
2026/08/07 14:31:46.325, 0, 0, 0, 136.32
2026/08/07 14:31:46.325, 1, 0, 0, 139.82
2026/08/07 14:31:46.326, 2, 0, 0, 132.54
2026/08/07 14:31:46.328, 3, 0, 0, 141.88
2026/08/07 14:31:46.329, 4, 69590, 100, 967.42
2026/08/07 14:31:46.330, 5, 71046, 100, 985.44
2026/08/07 14:31:46.331, 6, 71036, 100, 953.96
2026/08/07 14:31:46.333, 7, 71046, 100, 1004.93
2026/08/07 14:31:46.834, 0, 0, 0, 136.29
2026/08/07 14:31:46.834, 1, 0, 0, 139.83
2026/08/07 14:31:46.834, 2, 0, 0, 132.54
2026/08/07 14:31:46.834, 3, 0, 0, 141.92
2026/08/07 14:31:46.834, 4, 69590, 100, 958.03
2026/08/07 14:31:46.834, 5, 71046, 100, 981.86
2026/08/07 14:31:46.834, 6, 71036, 100, 952.09
2026/08/07 14:31:46.834, 7, 71046, 99, 1000.09
2026/08/07 14:31:47.334, 0, 0, 0, 136.21
2026/08/07 14:31:47.334, 1, 0, 0, 139.83
2026/08/07 14:31:47.335, 2, 0, 0, 132.50
2026/08/07 14:31:47.335, 3, 0, 0, 141.99
2026/08/07 14:31:47.335, 4, 69590, 100, 956.55
2026/08/07 14:31:47.335, 5, 71046, 100, 986.06
2026/08/07 14:31:47.335, 6, 71036, 100, 955.22
2026/08/07 14:31:47.335, 7, 71046, 100, 999.64
2026/08/07 14:31:47.835, 0, 0, 0, 136.25
2026/08/07 14:31:47.835, 1, 0, 0, 139.79
2026/08/07 14:31:47.835, 2, 0, 0, 132.54
2026/08/07 14:31:47.835, 3, 0, 0, 141.96
2026/08/07 14:31:47.835, 4, 69590, 100, 964.25
2026/08/07 14:31:47.835, 5, 71046, 100, 990.82
2026/08/07 14:31:47.835, 6, 71036, 100, 962.51
2026/08/07 14:31:47.835, 7, 71046, 100, 1004.48
2026/08/07 14:31:48.335, 0, 0, 0, 136.41
2026/08/07 14:31:48.335, 1, 0, 0, 139.67
2026/08/07 14:31:48.335, 2, 0, 0, 132.50
2026/08/07 14:31:48.335, 3, 0, 0, 141.84
2026/08/07 14:31:48.335, 4, 69590, 100, 956.17
2026/08/07 14:31:48.335, 5, 71046, 100, 981.52
2026/08/07 14:31:48.335, 6, 71036, 100, 958.05
2026/08/07 14:31:48.335, 7, 71046, 100, 1000.27
2026/08/07 14:31:48.836, 0, 0, 0, 136.44
2026/08/07 14:31:48.836, 1, 0, 0, 139.63
2026/08/07 14:31:48.836, 2, 0, 0, 132.46
2026/08/07 14:31:48.836, 3, 0, 0, 141.84
2026/08/07 14:31:48.836, 4, 69590, 100, 959.63
2026/08/07 14:31:48.836, 5, 71046, 100, 987.67
2026/08/07 14:31:48.836, 6, 71036, 100, 957.40
2026/08/07 14:31:48.836, 7, 71046, 100, 1002.57
2026/08/07 14:31:49.336, 0, 0, 0, 136.25
2026/08/07 14:31:49.336, 1, 0, 0, 139.68
2026/08/07 14:31:49.336, 2, 0, 0, 132.62
2026/08/07 14:31:49.336, 3, 0, 0, 141.84
2026/08/07 14:31:49.336, 4, 69590, 99, 962.19
2026/08/07 14:31:49.336, 5, 71046, 99, 987.96
2026/08/07 14:31:49.336, 6, 71036, 99, 957.07
2026/08/07 14:31:49.336, 7, 71046, 100, 1000.02
2026/08/07 14:31:49.836, 0, 0, 0, 136.16
2026/08/07 14:31:49.836, 1, 0, 0, 139.60
2026/08/07 14:31:49.836, 2, 0, 0, 132.65
2026/08/07 14:31:49.836, 3, 0, 0, 141.84
2026/08/07 14:31:49.836, 4, 69590, 100, 962.33
2026/08/07 14:31:49.836, 5, 71046, 100, 987.01
2026/08/07 14:31:49.836, 6, 71036, 100, 955.68
2026/08/07 14:31:49.836, 7, 71046, 100, 1005.42
2026/08/07 14:31:50.336, 0, 0, 0, 136.20
2026/08/07 14:31:50.336, 1, 0, 0, 139.52
2026/08/07 14:31:50.336, 2, 0, 0, 132.51
2026/08/07 14:31:50.336, 3, 0, 0, 141.84
2026/08/07 14:31:50.336, 4, 69590, 100, 966.33
2026/08/07 14:31:50.336, 5, 71046, 100, 990.79
2026/08/07 14:31:50.336, 6, 71036, 100, 958.91
2026/08/07 14:31:50.336, 7, 71046, 100, 1011.66
2026/08/07 14:31:50.836, 0, 0, 0, 136.18
2026/08/07 14:31:50.836, 1, 0, 0, 139.36
2026/08/07 14:31:50.836, 2, 0, 0, 132.43
2026/08/07 14:31:50.836, 3, 0, 0, 141.84
2026/08/07 14:31:50.836, 4, 69590, 100, 957.10
2026/08/07 14:31:50.836, 5, 71046, 100, 984.92
2026/08/07 14:31:50.836, 6, 71036, 100, 949.16
2026/08/07 14:31:50.836, 7, 71046, 100, 1004.85
2026/08/07 14:31:51.337, 0, 0, 0, 136.21
2026/08/07 14:31:51.337, 1, 0, 0, 139.56
2026/08/07 14:31:51.337, 2, 0, 0, 132.43
2026/08/07 14:31:51.337, 3, 0, 0, 141.84
2026/08/07 14:31:51.337, 4, 69590, 100, 956.76
2026/08/07 14:31:51.337, 5, 71046, 100, 989.92
2026/08/07 14:31:51.337, 6, 71036, 100, 948.04
2026/08/07 14:31:51.337, 7, 71046, 100, 1006.58
2026/08/07 14:31:51.837, 0, 0, 0, 136.21
2026/08/07 14:31:51.837, 1, 0, 0, 139.91
2026/08/07 14:31:51.837, 2, 0, 0, 132.43
2026/08/07 14:31:51.837, 3, 0, 0, 141.84
2026/08/07 14:31:51.837, 4, 69590, 100, 953.54
2026/08/07 14:31:51.837, 5, 71046, 100, 985.74
2026/08/07 14:31:51.837, 6, 71036, 100, 952.19
2026/08/07 14:31:51.837, 7, 71046, 99, 1002.73
2026/08/07 14:31:52.337, 0, 0, 0, 136.13
2026/08/07 14:31:52.337, 1, 0, 0, 139.91
2026/08/07 14:31:52.337, 2, 0, 0, 132.39
2026/08/07 14:31:52.337, 3, 0, 0, 141.92
2026/08/07 14:31:52.337, 4, 69590, 100, 956.65
2026/08/07 14:31:52.337, 5, 71046, 100, 984.66
2026/08/07 14:31:52.337, 6, 71036, 100, 956.37
2026/08/07 14:31:52.337, 7, 71046, 100, 1000.77
2026/08/07 14:31:52.837, 0, 0, 0, 136.06
2026/08/07 14:31:52.837, 1, 0, 0, 139.83
2026/08/07 14:31:52.837, 2, 0, 0, 132.39
2026/08/07 14:31:52.837, 3, 0, 0, 141.92
2026/08/07 14:31:52.837, 4, 69590, 100, 967.77
2026/08/07 14:31:52.837, 5, 71046, 100, 986.49
2026/08/07 14:31:52.837, 6, 71036, 100, 960.25
2026/08/07 14:31:52.837, 7, 71046, 100, 1005.16
2026/08/07 14:31:53.337, 0, 0, 0, 136.18
2026/08/07 14:31:53.337, 1, 0, 0, 139.68
2026/08/07 14:31:53.338, 2, 0, 0, 132.46
2026/08/07 14:31:53.338, 3, 0, 0, 141.84
2026/08/07 14:31:53.338, 4, 69590, 100, 959.76
2026/08/07 14:31:53.338, 5, 71046, 100, 981.71
2026/08/07 14:31:53.338, 6, 71036, 100, 951.14
2026/08/07 14:31:53.338, 7, 71046, 100, 1001.52
2026/08/07 14:31:53.838, 0, 0, 0, 136.25
2026/08/07 14:31:53.838, 1, 0, 0, 139.75
2026/08/07 14:31:53.838, 2, 0, 0, 132.54
2026/08/07 14:31:53.838, 3, 0, 0, 141.84
2026/08/07 14:31:53.838, 4, 69590, 100, 962.89
2026/08/07 14:31:53.838, 5, 71046, 100, 991.37
2026/08/07 14:31:53.838, 6, 71036, 100, 960.34
2026/08/07 14:31:53.838, 7, 71046, 100, 1005.78
2026/08/07 14:31:54.338, 0, 0, 0, 136.14
2026/08/07 14:31:54.338, 1, 0, 0, 139.79
2026/08/07 14:31:54.338, 2, 0, 0, 132.62
2026/08/07 14:31:54.338, 3, 0, 0, 141.84
2026/08/07 14:31:54.338, 4, 69590, 98, 963.26
2026/08/07 14:31:54.338, 5, 71046, 99, 984.83
2026/08/07 14:31:54.338, 6, 71036, 99, 963.70
2026/08/07 14:31:54.338, 7, 71046, 100, 998.59
2026/08/07 14:31:54.838, 0, 0, 0, 136.07
2026/08/07 14:31:54.838, 1, 0, 0, 139.75
2026/08/07 14:31:54.838, 2, 0, 0, 132.58
2026/08/07 14:31:54.838, 3, 0, 0, 141.80
2026/08/07 14:31:54.838, 4, 69590, 100, 963.20
2026/08/07 14:31:54.838, 5, 71046, 100, 983.09
2026/08/07 14:31:54.838, 6, 71036, 100, 959.31
2026/08/07 14:31:54.838, 7, 71046, 100, 1000.30
2026/08/07 14:31:55.338, 0, 0, 0, 135.98
2026/08/07 14:31:55.338, 1, 0, 0, 139.87
2026/08/07 14:31:55.338, 2, 0, 0, 132.47
2026/08/07 14:31:55.338, 3, 0, 0, 141.80
2026/08/07 14:31:55.338, 4, 69590, 100, 964.54
2026/08/07 14:31:55.338, 5, 71046, 100, 993.13
2026/08/07 14:31:55.338, 6, 71036, 100, 960.79
2026/08/07 14:31:55.338, 7, 71046, 100, 1004.42
2026/08/07 14:31:55.839, 0, 0, 0, 135.98
2026/08/07 14:31:55.844, 1, 0, 0, 139.87
2026/08/07 14:31:55.844, 2, 0, 0, 132.43
2026/08/07 14:31:55.850, 3, 0, 0, 141.80
2026/08/07 14:31:55.851, 4, 69590, 100, 957.18
2026/08/07 14:31:55.852, 5, 71046, 100, 985.70
2026/08/07 14:31:55.852, 6, 71036, 100, 955.04
2026/08/07 14:31:55.852, 7, 71046, 100, 998.65
2026/08/07 14:31:56.352, 0, 0, 0, 136.02
2026/08/07 14:31:56.352, 1, 0, 0, 139.83
2026/08/07 14:31:56.352, 2, 0, 0, 132.43
2026/08/07 14:31:56.352, 3, 0, 0, 141.76
2026/08/07 14:31:56.352, 4, 69590, 100, 960.96
2026/08/07 14:31:56.352, 5, 71046, 100, 984.35
2026/08/07 14:31:56.352, 6, 71036, 100, 957.06
2026/08/07 14:31:56.352, 7, 71046, 100, 1008.68
2026/08/07 14:31:56.852, 0, 0, 0, 136.06
2026/08/07 14:31:56.852, 1, 0, 0, 139.69
2026/08/07 14:31:56.852, 2, 0, 0, 132.43
2026/08/07 14:31:56.852, 3, 0, 0, 141.76
2026/08/07 14:31:56.852, 4, 69590, 100, 959.67
2026/08/07 14:31:56.852, 5, 71046, 100, 982.14
2026/08/07 14:31:56.852, 6, 71036, 100, 952.76
2026/08/07 14:31:56.852, 7, 71046, 99, 1005.47
2026/08/07 14:31:57.352, 0, 0, 0, 135.99
2026/08/07 14:31:57.352, 1, 0, 0, 139.54
2026/08/07 14:31:57.352, 2, 0, 0, 132.39
2026/08/07 14:31:57.352, 3, 0, 0, 141.84
2026/08/07 14:31:57.352, 4, 69590, 100, 960.28
2026/08/07 14:31:57.352, 5, 71046, 100, 986.15
2026/08/07 14:31:57.352, 6, 71036, 100, 957.49
2026/08/07 14:31:57.352, 7, 71046, 100, 1001.97
2026/08/07 14:31:57.852, 0, 0, 0, 135.88
2026/08/07 14:31:57.852, 1, 0, 0, 139.46
2026/08/07 14:31:57.853, 2, 0, 0, 132.39
2026/08/07 14:31:57.853, 3, 0, 0, 141.76
2026/08/07 14:31:57.853, 4, 69590, 100, 965.97
2026/08/07 14:31:57.853, 5, 71046, 100, 993.51
2026/08/07 14:31:57.853, 6, 71036, 100, 965.77
2026/08/07 14:31:57.853, 7, 71046, 100, 1006.04
2026/08/07 14:31:58.353, 0, 0, 0, 136.18
2026/08/07 14:31:58.353, 1, 0, 0, 139.48
2026/08/07 14:31:58.353, 2, 0, 0, 132.39
2026/08/07 14:31:58.353, 3, 0, 0, 141.65
2026/08/07 14:31:58.353, 4, 69590, 100, 959.69
2026/08/07 14:31:58.353, 5, 71046, 100, 985.83
2026/08/07 14:31:58.353, 6, 71036, 100, 963.84
2026/08/07 14:31:58.353, 7, 71046, 100, 1000.52
2026/08/07 14:31:58.853, 0, 0, 0, 136.13
2026/08/07 14:31:58.853, 1, 0, 0, 139.48
2026/08/07 14:31:58.853, 2, 0, 0, 132.39
2026/08/07 14:31:58.853, 3, 0, 0, 141.61
2026/08/07 14:31:58.853, 4, 69590, 100, 961.57
2026/08/07 14:31:58.853, 5, 71046, 100, 988.77
2026/08/07 14:31:58.853, 6, 71036, 100, 968.72
2026/08/07 14:31:58.853, 7, 71046, 100, 1005.62
2026/08/07 14:31:59.353, 0, 0, 0, 135.80
2026/08/07 14:31:59.353, 1, 0, 0, 139.17
2026/08/07 14:31:59.353, 2, 0, 0, 132.58
2026/08/07 14:31:59.353, 3, 0, 0, 141.57
2026/08/07 14:31:59.353, 4, 69590, 100, 962.36
2026/08/07 14:31:59.353, 5, 71046, 100, 986.84
2026/08/07 14:31:59.353, 6, 71036, 99, 963.38
2026/08/07 14:31:59.353, 7, 71046, 100, 1001.70
2026/08/07 14:31:59.853, 0, 0, 0, 135.88
2026/08/07 14:31:59.853, 1, 0, 0, 138.87
2026/08/07 14:31:59.853, 2, 0, 0, 132.58
2026/08/07 14:31:59.853, 3, 0, 0, 141.61
2026/08/07 14:31:59.853, 4, 69590, 100, 958.70
2026/08/07 14:31:59.853, 5, 71046, 100, 984.45
2026/08/07 14:31:59.853, 6, 71036, 100, 958.42
2026/08/07 14:31:59.853, 7, 71046, 100, 992.63
2026/08/07 14:32:00.353, 0, 0, 0, 136.03
2026/08/07 14:32:00.354, 1, 0, 0, 138.88
2026/08/07 14:32:00.354, 2, 0, 0, 132.39
2026/08/07 14:32:00.354, 3, 0, 0, 141.45
2026/08/07 14:32:00.354, 4, 69590, 100, 962.11
2026/08/07 14:32:00.354, 5, 71046, 100, 991.39
2026/08/07 14:32:00.354, 6, 71036, 100, 958.42
2026/08/07 14:32:00.354, 7, 71046, 100, 995.72
2026/08/07 14:32:00.854, 0, 0, 0, 136.02
2026/08/07 14:32:00.854, 1, 0, 0, 138.99
2026/08/07 14:32:00.854, 2, 0, 0, 132.39
2026/08/07 14:32:00.854, 3, 0, 0, 141.27
2026/08/07 14:32:00.854, 4, 69590, 100, 958.85
2026/08/07 14:32:00.854, 5, 71046, 100, 985.71
2026/08/07 14:32:00.854, 6, 71036, 100, 954.75
2026/08/07 14:32:00.854, 7, 71046, 100, 991.67
2026/08/07 14:32:01.354, 0, 0, 0, 135.84
2026/08/07 14:32:01.354, 1, 0, 0, 138.97
2026/08/07 14:32:01.354, 2, 0, 0, 132.39
2026/08/07 14:32:01.354, 3, 0, 0, 141.23
2026/08/07 14:32:01.354, 4, 69590, 100, 962.05
2026/08/07 14:32:01.354, 5, 71046, 100, 984.77
2026/08/07 14:32:01.354, 6, 71036, 100, 955.77
2026/08/07 14:32:01.354, 7, 71046, 100, 998.64
2026/08/07 14:32:01.854, 0, 0, 0, 135.59
2026/08/07 14:32:01.854, 1, 0, 0, 139.01
2026/08/07 14:32:01.854, 2, 0, 0, 132.39
2026/08/07 14:32:01.854, 3, 0, 0, 141.26
2026/08/07 14:32:01.854, 4, 69590, 100, 957.55
2026/08/07 14:32:01.854, 5, 71046, 100, 985.89
2026/08/07 14:32:01.854, 6, 71036, 100, 951.39
2026/08/07 14:32:01.854, 7, 71046, 99, 996.72
2026/08/07 14:32:02.354, 0, 0, 0, 135.63
2026/08/07 14:32:02.354, 1, 0, 0, 138.70
2026/08/07 14:32:02.355, 2, 0, 0, 132.39
2026/08/07 14:32:02.355, 3, 0, 0, 141.22
2026/08/07 14:32:02.355, 4, 69590, 100, 963.47
2026/08/07 14:32:02.355, 5, 71046, 100, 987.92
2026/08/07 14:32:02.355, 6, 71036, 100, 959.30
2026/08/07 14:32:02.355, 7, 71046, 100, 995.49
2026/08/07 14:32:02.855, 0, 0, 0, 135.84
2026/08/07 14:32:02.855, 1, 0, 0, 138.53
2026/08/07 14:32:02.855, 2, 0, 0, 132.39
2026/08/07 14:32:02.855, 3, 0, 0, 141.04
2026/08/07 14:32:02.855, 4, 69590, 100, 971.42
2026/08/07 14:32:02.855, 5, 71046, 100, 993.53
2026/08/07 14:32:02.855, 6, 71036, 100, 963.41
2026/08/07 14:32:02.855, 7, 71046, 100, 1008.63
2026/08/07 14:32:03.355, 0, 0, 0, 136.10
2026/08/07 14:32:03.355, 1, 0, 0, 138.80
2026/08/07 14:32:03.355, 2, 0, 0, 132.39
2026/08/07 14:32:03.355, 3, 0, 0, 140.95
2026/08/07 14:32:03.355, 4, 69590, 100, 958.31
2026/08/07 14:32:03.355, 5, 71046, 100, 986.78
2026/08/07 14:32:03.355, 6, 71036, 100, 953.06
2026/08/07 14:32:03.355, 7, 71046, 100, 1002.85
2026/08/07 14:32:03.855, 0, 0, 0, 136.11
2026/08/07 14:32:03.855, 1, 0, 0, 138.68
2026/08/07 14:32:03.855, 2, 0, 0, 132.39
2026/08/07 14:32:03.855, 3, 0, 0, 140.91
2026/08/07 14:32:03.855, 4, 69590, 100, 963.97
2026/08/07 14:32:03.855, 5, 71046, 100, 986.13
2026/08/07 14:32:03.855, 6, 71036, 100, 953.19
2026/08/07 14:32:03.855, 7, 71046, 100, 1004.63
2026/08/07 14:32:04.355, 0, 0, 0, 135.75
2026/08/07 14:32:04.355, 1, 0, 0, 138.54
2026/08/07 14:32:04.356, 2, 0, 0, 132.50
2026/08/07 14:32:04.356, 3, 0, 0, 140.76
2026/08/07 14:32:04.356, 4, 69590, 100, 958.11
2026/08/07 14:32:04.356, 5, 71046, 100, 984.75
2026/08/07 14:32:04.356, 6, 71036, 99, 948.74
2026/08/07 14:32:04.356, 7, 71046, 100, 996.20
2026/08/07 14:32:04.856, 0, 0, 0, 135.59
2026/08/07 14:32:04.856, 1, 0, 0, 138.37
2026/08/07 14:32:04.856, 2, 0, 0, 132.50
2026/08/07 14:32:04.856, 3, 0, 0, 140.70
2026/08/07 14:32:04.856, 4, 69590, 100, 956.70
2026/08/07 14:32:04.856, 5, 71046, 100, 990.58
2026/08/07 14:32:04.856, 6, 71036, 100, 954.90
2026/08/07 14:32:04.856, 7, 71046, 100, 990.26
2026/08/07 14:32:05.356, 0, 0, 0, 135.64
2026/08/07 14:32:05.356, 1, 0, 0, 138.28
2026/08/07 14:32:05.356, 2, 0, 0, 132.39
2026/08/07 14:32:05.356, 3, 0, 0, 140.70
2026/08/07 14:32:05.356, 4, 69590, 100, 969.55
2026/08/07 14:32:05.356, 5, 71046, 100, 992.09
2026/08/07 14:32:05.356, 6, 71036, 100, 965.03
2026/08/07 14:32:05.356, 7, 71046, 100, 994.15
2026/08/07 14:32:05.856, 0, 0, 0, 135.65
2026/08/07 14:32:05.857, 1, 0, 0, 138.40
2026/08/07 14:32:05.857, 2, 0, 0, 132.39
2026/08/07 14:32:05.857, 3, 0, 0, 140.71
2026/08/07 14:32:05.857, 4, 69590, 100, 962.16
2026/08/07 14:32:05.857, 5, 71046, 100, 980.46
2026/08/07 14:32:05.857, 6, 71036, 100, 956.54
2026/08/07 14:32:05.857, 7, 71046, 100, 988.65
2026/08/07 14:32:06.357, 0, 0, 0, 135.71
2026/08/07 14:32:06.357, 1, 0, 0, 138.37
2026/08/07 14:32:06.357, 2, 0, 0, 132.39
2026/08/07 14:32:06.357, 3, 0, 0, 140.70
2026/08/07 14:32:06.357, 4, 69590, 100, 965.07
2026/08/07 14:32:06.357, 5, 71046, 100, 990.22
2026/08/07 14:32:06.357, 6, 71036, 100, 965.39
2026/08/07 14:32:06.357, 7, 71046, 100, 993.84
2026/08/07 14:32:06.857, 0, 0, 0, 135.59
2026/08/07 14:32:06.857, 1, 0, 0, 138.23
2026/08/07 14:32:06.857, 2, 0, 0, 132.39
2026/08/07 14:32:06.857, 3, 0, 0, 140.70
2026/08/07 14:32:06.857, 4, 69590, 100, 965.62
2026/08/07 14:32:06.857, 5, 71046, 100, 988.20
2026/08/07 14:32:06.857, 6, 71036, 99, 967.80
2026/08/07 14:32:06.857, 7, 71046, 99, 990.60
2026/08/07 14:32:07.357, 0, 0, 0, 135.45
2026/08/07 14:32:07.357, 1, 0, 0, 138.10
2026/08/07 14:32:07.357, 2, 0, 0, 132.39
2026/08/07 14:32:07.357, 3, 0, 0, 140.76
2026/08/07 14:32:07.357, 4, 69590, 100, 966.01
2026/08/07 14:32:07.357, 5, 71046, 100, 981.99
2026/08/07 14:32:07.357, 6, 71036, 100, 956.20
2026/08/07 14:32:07.357, 7, 71046, 100, 991.96
2026/08/07 14:32:07.857, 0, 0, 0, 135.59
2026/08/07 14:32:07.858, 1, 0, 0, 138.14
2026/08/07 14:32:07.859, 2, 0, 0, 132.39
2026/08/07 14:32:07.860, 3, 0, 0, 140.56
2026/08/07 14:32:07.862, 4, 69590, 100, 964.23
2026/08/07 14:32:07.863, 5, 71046, 100, 990.01
2026/08/07 14:32:07.864, 6, 71036, 100, 950.76
2026/08/07 14:32:07.865, 7, 71046, 100, 991.46
2026/08/07 14:32:08.366, 0, 0, 0, 135.82
2026/08/07 14:32:08.366, 1, 0, 0, 138.18
2026/08/07 14:32:08.366, 2, 0, 0, 132.39
2026/08/07 14:32:08.367, 3, 0, 0, 140.24
2026/08/07 14:32:08.367, 4, 69590, 100, 953.68
2026/08/07 14:32:08.367, 5, 71046, 100, 986.30
2026/08/07 14:32:08.367, 6, 71036, 100, 948.55
2026/08/07 14:32:08.367, 7, 71046, 100, 984.06
2026/08/07 14:32:08.867, 0, 0, 0, 135.68
2026/08/07 14:32:08.867, 1, 0, 0, 138.11
2026/08/07 14:32:08.867, 2, 0, 0, 132.39
2026/08/07 14:32:08.867, 3, 0, 0, 140.20
2026/08/07 14:32:08.867, 4, 69590, 99, 959.23
2026/08/07 14:32:08.867, 5, 71046, 100, 985.10
2026/08/07 14:32:08.867, 6, 71036, 100, 962.27
2026/08/07 14:32:08.867, 7, 71046, 100, 985.87
2026/08/07 14:32:09.367, 0, 0, 0, 135.42
2026/08/07 14:32:09.367, 1, 0, 0, 138.08
2026/08/07 14:32:09.367, 2, 0, 0, 132.50
2026/08/07 14:32:09.367, 3, 0, 0, 140.36
2026/08/07 14:32:09.367, 4, 69590, 100, 962.73
2026/08/07 14:32:09.367, 5, 71046, 100, 980.74
2026/08/07 14:32:09.367, 6, 71036, 99, 964.28
2026/08/07 14:32:09.367, 7, 71046, 100, 983.85
2026/08/07 14:32:09.867, 0, 0, 0, 135.48
2026/08/07 14:32:09.867, 1, 0, 0, 138.11
2026/08/07 14:32:09.867, 2, 0, 0, 132.50
2026/08/07 14:32:09.867, 3, 0, 0, 140.28
2026/08/07 14:32:09.867, 4, 69590, 100, 964.40
2026/08/07 14:32:09.867, 5, 71046, 100, 989.65
2026/08/07 14:32:09.867, 6, 71036, 100, 958.71
2026/08/07 14:32:09.867, 7, 71046, 100, 995.48
2026/08/07 14:32:10.367, 0, 0, 0, 135.57
2026/08/07 14:32:10.367, 1, 0, 0, 138.19
2026/08/07 14:32:10.367, 2, 0, 0, 132.39
2026/08/07 14:32:10.367, 3, 0, 0, 140.24
2026/08/07 14:32:10.367, 4, 69590, 100, 966.11
2026/08/07 14:32:10.367, 5, 71046, 100, 996.30
2026/08/07 14:32:10.367, 6, 71036, 100, 963.36
2026/08/07 14:32:10.367, 7, 71046, 100, 1009.76
2026/08/07 14:32:10.867, 0, 0, 0, 135.41
2026/08/07 14:32:10.867, 1, 0, 0, 138.27
2026/08/07 14:32:10.867, 2, 0, 0, 132.39
2026/08/07 14:32:10.868, 3, 0, 0, 140.25
2026/08/07 14:32:10.868, 4, 69590, 100, 955.63
2026/08/07 14:32:10.868, 5, 71046, 100, 984.01
2026/08/07 14:32:10.868, 6, 71036, 100, 954.64
2026/08/07 14:32:10.868, 7, 71046, 100, 1002.00
2026/08/07 14:32:11.368, 0, 0, 0, 135.43
2026/08/07 14:32:11.368, 1, 0, 0, 138.23
2026/08/07 14:32:11.368, 2, 0, 0, 132.39
2026/08/07 14:32:11.368, 3, 0, 0, 140.21
2026/08/07 14:32:11.368, 4, 69590, 100, 954.81
2026/08/07 14:32:11.368, 5, 71046, 100, 987.42
2026/08/07 14:32:11.368, 6, 71036, 100, 951.79
2026/08/07 14:32:11.368, 7, 71046, 100, 1003.44
2026/08/07 14:32:11.868, 0, 0, 0, 135.42
2026/08/07 14:32:11.868, 1, 0, 0, 138.04
2026/08/07 14:32:11.868, 2, 0, 0, 132.39
2026/08/07 14:32:11.868, 3, 0, 0, 140.21
2026/08/07 14:32:11.868, 4, 69590, 99, 954.25
2026/08/07 14:32:11.868, 5, 71046, 98, 987.68
2026/08/07 14:32:11.868, 6, 71036, 100, 947.41
2026/08/07 14:32:11.868, 7, 71046, 100, 999.66
2026/08/07 14:32:12.368, 0, 0, 0, 135.34
2026/08/07 14:32:12.368, 1, 0, 0, 138.04
2026/08/07 14:32:12.368, 2, 0, 0, 132.39
2026/08/07 14:32:12.368, 3, 0, 0, 140.32
2026/08/07 14:32:12.368, 4, 69590, 100, 956.76
2026/08/07 14:32:12.368, 5, 71046, 100, 988.44
2026/08/07 14:32:12.368, 6, 71036, 100, 954.81
2026/08/07 14:32:12.368, 7, 71046, 100, 997.09
2026/08/07 14:32:12.868, 0, 0, 0, 135.51
2026/08/07 14:32:12.868, 1, 0, 0, 138.12
2026/08/07 14:32:12.868, 2, 0, 0, 132.39
2026/08/07 14:32:12.868, 3, 0, 0, 140.21
2026/08/07 14:32:12.868, 4, 69590, 100, 963.58
2026/08/07 14:32:12.868, 5, 71046, 100, 987.96
2026/08/07 14:32:12.868, 6, 71036, 100, 962.71
2026/08/07 14:32:12.868, 7, 71046, 100, 1000.41
2026/08/07 14:32:13.369, 0, 0, 0, 135.51
2026/08/07 14:32:13.369, 1, 0, 0, 138.16
2026/08/07 14:32:13.369, 2, 0, 0, 132.39
2026/08/07 14:32:13.369, 3, 0, 0, 139.98
2026/08/07 14:32:13.369, 4, 69590, 100, 957.22
2026/08/07 14:32:13.369, 5, 71046, 100, 979.91
2026/08/07 14:32:13.369, 6, 71036, 100, 951.50
2026/08/07 14:32:13.369, 7, 71046, 100, 993.97
2026/08/07 14:32:13.869, 0, 0, 0, 135.38
2026/08/07 14:32:13.869, 1, 0, 0, 138.08
2026/08/07 14:32:13.869, 2, 0, 0, 132.39
2026/08/07 14:32:13.869, 3, 0, 0, 140.01
2026/08/07 14:32:13.869, 4, 69590, 100, 960.13
2026/08/07 14:32:13.869, 5, 71046, 100, 985.40
2026/08/07 14:32:13.869, 6, 71036, 100, 958.73
2026/08/07 14:32:13.869, 7, 71046, 100, 1004.54
2026/08/07 14:32:14.369, 0, 0, 0, 135.36
2026/08/07 14:32:14.369, 1, 0, 0, 138.04
2026/08/07 14:32:14.369, 2, 0, 0, 132.50
2026/08/07 14:32:14.369, 3, 0, 0, 140.05
2026/08/07 14:32:14.369, 4, 69590, 100, 959.15
2026/08/07 14:32:14.369, 5, 71046, 100, 981.67
2026/08/07 14:32:14.369, 6, 71036, 99, 955.80
2026/08/07 14:32:14.369, 7, 71046, 99, 1001.86
2026/08/07 14:32:14.869, 0, 0, 0, 135.41
2026/08/07 14:32:14.869, 1, 0, 0, 138.05
2026/08/07 14:32:14.870, 2, 0, 0, 132.50
2026/08/07 14:32:14.870, 3, 0, 0, 140.05
2026/08/07 14:32:14.870, 4, 69590, 100, 958.09
2026/08/07 14:32:14.870, 5, 71046, 100, 982.56
2026/08/07 14:32:14.870, 6, 71036, 100, 956.48
2026/08/07 14:32:14.870, 7, 71046, 100, 996.17
2026/08/07 14:32:15.370, 0, 0, 0, 135.43
2026/08/07 14:32:15.370, 1, 0, 0, 138.12
2026/08/07 14:32:15.370, 2, 0, 0, 132.39
2026/08/07 14:32:15.370, 3, 0, 0, 140.13
2026/08/07 14:32:15.370, 4, 69590, 100, 962.05
2026/08/07 14:32:15.370, 5, 71046, 100, 988.73
2026/08/07 14:32:15.370, 6, 71036, 100, 963.97
2026/08/07 14:32:15.370, 7, 71046, 100, 1005.77
2026/08/07 14:32:15.870, 0, 0, 0, 135.26
2026/08/07 14:32:15.870, 1, 0, 0, 138.28
2026/08/07 14:32:15.870, 2, 0, 0, 132.39
2026/08/07 14:32:15.870, 3, 0, 0, 140.01
2026/08/07 14:32:15.870, 4, 71090, 100, 905.53
2026/08/07 14:32:15.870, 5, 72546, 100, 926.72
2026/08/07 14:32:15.870, 6, 72536, 100, 913.50
2026/08/07 14:32:15.870, 7, 72546, 99, 953.19
2026/08/07 14:32:16.370, 0, 0, 0, 135.30
2026/08/07 14:32:16.370, 1, 0, 0, 138.23
2026/08/07 14:32:16.370, 2, 0, 0, 132.39
2026/08/07 14:32:16.370, 3, 0, 0, 139.90
2026/08/07 14:32:16.370, 4, 71090, 100, 839.24
2026/08/07 14:32:16.370, 5, 72546, 100, 853.24
2026/08/07 14:32:16.370, 6, 72536, 100, 844.47
2026/08/07 14:32:16.370, 7, 72546, 100, 869.55
2026/08/07 14:32:16.871, 0, 0, 0, 135.49
2026/08/07 14:32:16.871, 1, 0, 0, 138.04
2026/08/07 14:32:16.871, 2, 0, 0, 132.39
2026/08/07 14:32:16.871, 3, 0, 0, 139.90
2026/08/07 14:32:16.871, 4, 74090, 99, 761.97
2026/08/07 14:32:16.871, 5, 75546, 94, 773.23
2026/08/07 14:32:16.871, 6, 75536, 100, 799.00
2026/08/07 14:32:16.871, 7, 75546, 100, 805.10
2026/08/07 14:32:17.371, 0, 0, 0, 135.43
2026/08/07 14:32:17.371, 1, 0, 0, 138.04
2026/08/07 14:32:17.371, 2, 0, 0, 132.39
2026/08/07 14:32:17.371, 3, 0, 0, 140.05
2026/08/07 14:32:17.371, 4, 74090, 0, 459.70
2026/08/07 14:32:17.371, 5, 75546, 0, 463.83
2026/08/07 14:32:17.371, 6, 75536, 0, 499.10
2026/08/07 14:32:17.371, 7, 75546, 0, 488.37
2026/08/07 14:32:17.871, 0, 0, 0, 135.28
2026/08/07 14:32:17.871, 1, 0, 0, 138.04
2026/08/07 14:32:17.871, 2, 0, 0, 132.39
2026/08/07 14:32:17.871, 3, 0, 0, 140.05
2026/08/07 14:32:17.871, 4, 74090, 0, 201.08
2026/08/07 14:32:17.871, 5, 75546, 0, 205.32
2026/08/07 14:32:17.871, 6, 75536, 0, 203.92
2026/08/07 14:32:17.871, 7, 75546, 0, 208.42
2026/08/07 14:32:18.371, 0, 0, 0, 135.36
2026/08/07 14:32:18.371, 1, 0, 0, 138.05
2026/08/07 14:32:18.371, 2, 0, 0, 132.39
2026/08/07 14:32:18.371, 3, 0, 0, 139.94
2026/08/07 14:32:18.372, 4, 74090, 0, 199.94
2026/08/07 14:32:18.372, 5, 75546, 0, 203.96
2026/08/07 14:32:18.372, 6, 75536, 0, 200.22
2026/08/07 14:32:18.372, 7, 75546, 0, 207.02
2026/08/07 14:32:18.872, 0, 0, 0, 135.47
2026/08/07 14:32:18.872, 1, 0, 0, 138.04
2026/08/07 14:32:18.872, 2, 0, 0, 132.39
2026/08/07 14:32:18.872, 3, 0, 0, 139.94
2026/08/07 14:32:18.872, 4, 74090, 0, 199.83
2026/08/07 14:32:18.872, 5, 75546, 0, 203.58
2026/08/07 14:32:18.872, 6, 75536, 0, 199.67
2026/08/07 14:32:18.872, 7, 75546, 0, 206.23
2026/08/07 14:32:19.372, 0, 0, 0, 135.07
2026/08/07 14:32:19.372, 1, 0, 0, 138.04
2026/08/07 14:32:19.372, 2, 0, 0, 132.54
2026/08/07 14:32:19.372, 3, 0, 0, 139.90
2026/08/07 14:32:19.372, 4, 74090, 0, 199.64
2026/08/07 14:32:19.372, 5, 75546, 0, 203.03
2026/08/07 14:32:19.372, 6, 75536, 0, 199.26
2026/08/07 14:32:19.372, 7, 75546, 0, 205.77
