2026/08/07 12:25:19.841, 0, 102276, 0, 198.34
2026/08/07 12:25:19.851, 1, 103744, 0, 202.17
2026/08/07 12:25:19.860, 2, 103744, 0, 194.30
2026/08/07 12:25:19.868, 3, 103744, 8, 207.98
2026/08/07 12:25:19.876, 4, 0, 0, 134.21
2026/08/07 12:25:19.887, 5, 0, 0, 134.24
2026/08/07 12:25:19.897, 6, 0, 0, 132.42
2026/08/07 12:25:19.907, 7, 0, 0, 134.32
2026/08/07 12:25:20.423, 0, 102276, 0, 311.35
2026/08/07 12:25:20.423, 1, 103744, 0, 257.00
2026/08/07 12:25:20.423, 2, 103744, 28, 245.24
2026/08/07 12:25:20.423, 3, 103744, 0, 261.18
2026/08/07 12:25:20.423, 4, 0, 0, 134.19
2026/08/07 12:25:20.423, 5, 0, 0, 134.36
2026/08/07 12:25:20.423, 6, 0, 0, 132.57
2026/08/07 12:25:20.423, 7, 0, 0, 134.48
2026/08/07 12:25:20.923, 0, 102276, 0, 312.50
2026/08/07 12:25:20.923, 1, 103744, 0, 257.74
2026/08/07 12:25:20.923, 2, 103744, 0, 245.63
2026/08/07 12:25:20.923, 3, 103744, 0, 260.88
2026/08/07 12:25:20.923, 4, 0, 0, 134.19
2026/08/07 12:25:20.923, 5, 0, 0, 134.36
2026/08/07 12:25:20.923, 6, 0, 0, 132.57
2026/08/07 12:25:20.923, 7, 0, 0, 134.48
2026/08/07 12:25:21.423, 0, 102276, 0, 200.18
2026/08/07 12:25:21.423, 1, 103744, 0, 203.62
2026/08/07 12:25:21.423, 2, 103744, 0, 195.00
2026/08/07 12:25:21.423, 3, 103744, 0, 209.25
2026/08/07 12:25:21.423, 4, 0, 0, 134.20
2026/08/07 12:25:21.423, 5, 0, 0, 134.25
2026/08/07 12:25:21.423, 6, 0, 0, 132.53
2026/08/07 12:25:21.423, 7, 0, 0, 134.32
2026/08/07 12:25:21.923, 0, 102276, 99, 315.01
2026/08/07 12:25:21.923, 1, 103744, 62, 334.78
2026/08/07 12:25:21.923, 2, 103744, 0, 317.96
2026/08/07 12:25:21.923, 3, 103744, 45, 337.45
2026/08/07 12:25:21.923, 4, 0, 0, 134.21
2026/08/07 12:25:21.923, 5, 0, 0, 134.24
2026/08/07 12:25:21.923, 6, 0, 0, 132.51
2026/08/07 12:25:21.923, 7, 0, 0, 134.33
2026/08/07 12:25:22.423, 0, 102276, 100, 715.64
2026/08/07 12:25:22.423, 1, 103744, 100, 736.57
2026/08/07 12:25:22.423, 2, 103744, 100, 719.08
2026/08/07 12:25:22.423, 3, 103744, 100, 736.82
2026/08/07 12:25:22.423, 4, 0, 0, 134.20
2026/08/07 12:25:22.424, 5, 0, 0, 134.25
2026/08/07 12:25:22.424, 6, 0, 0, 132.49
2026/08/07 12:25:22.424, 7, 0, 0, 134.33
2026/08/07 12:25:22.924, 0, 102276, 100, 1008.98
2026/08/07 12:25:22.924, 1, 103744, 100, 1014.27
2026/08/07 12:25:22.924, 2, 103744, 100, 1006.07
2026/08/07 12:25:22.924, 3, 103744, 100, 998.24
2026/08/07 12:25:22.924, 4, 0, 0, 134.32
2026/08/07 12:25:22.924, 5, 0, 0, 134.25
2026/08/07 12:25:22.924, 6, 0, 0, 132.65
2026/08/07 12:25:22.924, 7, 0, 0, 134.33
2026/08/07 12:25:23.424, 0, 102276, 100, 1005.46
2026/08/07 12:25:23.424, 1, 103744, 100, 1014.17
2026/08/07 12:25:23.424, 2, 103744, 100, 1004.91
2026/08/07 12:25:23.424, 3, 103744, 100, 991.32
2026/08/07 12:25:23.424, 4, 0, 0, 134.32
2026/08/07 12:25:23.424, 5, 0, 0, 134.25
2026/08/07 12:25:23.424, 6, 0, 0, 132.71
2026/08/07 12:25:23.424, 7, 0, 0, 134.33
2026/08/07 12:25:23.924, 0, 102276, 100, 1002.85
2026/08/07 12:25:23.924, 1, 103744, 100, 1015.22
2026/08/07 12:25:23.924, 2, 103744, 100, 1004.22
2026/08/07 12:25:23.924, 3, 103744, 100, 996.24
2026/08/07 12:25:23.924, 4, 0, 0, 134.20
2026/08/07 12:25:23.924, 5, 0, 0, 134.24
2026/08/07 12:25:23.924, 6, 0, 0, 132.59
2026/08/07 12:25:23.924, 7, 0, 0, 134.33
2026/08/07 12:25:24.424, 0, 102276, 100, 1000.75
2026/08/07 12:25:24.424, 1, 103744, 100, 1010.90
2026/08/07 12:25:24.424, 2, 103744, 100, 996.46
2026/08/07 12:25:24.424, 3, 103744, 100, 999.92
2026/08/07 12:25:24.424, 4, 0, 0, 134.21
2026/08/07 12:25:24.424, 5, 0, 0, 134.25
2026/08/07 12:25:24.424, 6, 0, 0, 132.62
2026/08/07 12:25:24.425, 7, 0, 0, 134.33
2026/08/07 12:25:24.925, 0, 102276, 100, 997.86
2026/08/07 12:25:24.925, 1, 103744, 100, 1006.57
2026/08/07 12:25:24.925, 2, 103744, 100, 991.75
2026/08/07 12:25:24.925, 3, 103744, 100, 998.53
2026/08/07 12:25:24.925, 4, 0, 0, 134.22
2026/08/07 12:25:24.925, 5, 0, 0, 134.24
2026/08/07 12:25:24.925, 6, 0, 0, 132.69
2026/08/07 12:25:24.925, 7, 0, 0, 134.33
2026/08/07 12:25:25.425, 0, 102276, 100, 1001.31
2026/08/07 12:25:25.425, 1, 103744, 100, 1011.52
2026/08/07 12:25:25.425, 2, 103744, 100, 996.47
2026/08/07 12:25:25.425, 3, 103744, 100, 1004.02
2026/08/07 12:25:25.425, 4, 0, 0, 134.22
2026/08/07 12:25:25.425, 5, 0, 0, 134.36
2026/08/07 12:25:25.425, 6, 0, 0, 132.72
2026/08/07 12:25:25.425, 7, 0, 0, 134.41
2026/08/07 12:25:25.925, 0, 102276, 99, 996.08
2026/08/07 12:25:25.925, 1, 103744, 99, 1005.04
2026/08/07 12:25:25.925, 2, 103744, 100, 992.26
2026/08/07 12:25:25.925, 3, 103744, 99, 1008.10
2026/08/07 12:25:25.925, 4, 0, 0, 134.21
2026/08/07 12:25:25.925, 5, 0, 0, 134.36
2026/08/07 12:25:25.925, 6, 0, 0, 132.56
2026/08/07 12:25:25.925, 7, 0, 0, 134.40
2026/08/07 12:25:26.425, 0, 102276, 100, 1004.83
2026/08/07 12:25:26.425, 1, 103744, 100, 1011.25
2026/08/07 12:25:26.425, 2, 103744, 100, 996.12
2026/08/07 12:25:26.425, 3, 103744, 100, 1008.15
2026/08/07 12:25:26.425, 4, 0, 0, 134.20
2026/08/07 12:25:26.425, 5, 0, 0, 134.24
2026/08/07 12:25:26.425, 6, 0, 0, 132.41
2026/08/07 12:25:26.425, 7, 0, 0, 134.33
2026/08/07 12:25:26.925, 0, 102276, 100, 1003.44
2026/08/07 12:25:26.926, 1, 103744, 100, 1014.79
2026/08/07 12:25:26.926, 2, 103744, 100, 998.84
2026/08/07 12:25:26.926, 3, 103744, 100, 1011.79
2026/08/07 12:25:26.926, 4, 0, 0, 134.18
2026/08/07 12:25:26.926, 5, 0, 0, 134.24
2026/08/07 12:25:26.926, 6, 0, 0, 132.56
2026/08/07 12:25:26.926, 7, 0, 0, 134.33
2026/08/07 12:25:27.426, 0, 102276, 100, 996.84
2026/08/07 12:25:27.426, 1, 103744, 100, 1010.90
2026/08/07 12:25:27.426, 2, 103744, 100, 996.70
2026/08/07 12:25:27.426, 3, 103744, 100, 1009.35
2026/08/07 12:25:27.426, 4, 0, 0, 134.18
2026/08/07 12:25:27.426, 5, 0, 0, 134.25
2026/08/07 12:25:27.426, 6, 0, 0, 132.71
2026/08/07 12:25:27.426, 7, 0, 0, 134.33
2026/08/07 12:25:27.926, 0, 102276, 100, 1000.95
2026/08/07 12:25:27.926, 1, 103744, 100, 1013.77
2026/08/07 12:25:27.926, 2, 103744, 100, 1000.72
2026/08/07 12:25:27.926, 3, 103744, 100, 1013.73
2026/08/07 12:25:27.926, 4, 0, 0, 134.30
2026/08/07 12:25:27.926, 5, 0, 0, 134.25
2026/08/07 12:25:27.926, 6, 0, 0, 132.93
2026/08/07 12:25:27.926, 7, 0, 0, 134.33
2026/08/07 12:25:28.426, 0, 102276, 100, 999.72
2026/08/07 12:25:28.426, 1, 103744, 100, 1008.93
2026/08/07 12:25:28.427, 2, 103744, 100, 997.21
2026/08/07 12:25:28.427, 3, 103744, 100, 1015.46
2026/08/07 12:25:28.427, 4, 0, 0, 134.29
2026/08/07 12:25:28.428, 5, 0, 0, 134.25
2026/08/07 12:25:28.428, 6, 0, 0, 132.82
2026/08/07 12:25:28.429, 7, 0, 0, 134.33
2026/08/07 12:25:28.930, 0, 102276, 100, 1001.17
2026/08/07 12:25:28.930, 1, 103744, 100, 1008.73
2026/08/07 12:25:28.930, 2, 103744, 100, 1000.08
2026/08/07 12:25:28.930, 3, 103744, 100, 1011.10
2026/08/07 12:25:28.930, 4, 0, 0, 134.18
2026/08/07 12:25:28.930, 5, 0, 0, 134.24
2026/08/07 12:25:28.930, 6, 0, 0, 132.58
2026/08/07 12:25:28.930, 7, 0, 0, 134.33
2026/08/07 12:25:29.430, 0, 102276, 100, 1009.29
2026/08/07 12:25:29.430, 1, 103744, 100, 1020.88
2026/08/07 12:25:29.430, 2, 103744, 100, 1008.96
2026/08/07 12:25:29.430, 3, 103744, 100, 1010.92
2026/08/07 12:25:29.430, 4, 0, 0, 134.19
2026/08/07 12:25:29.430, 5, 0, 0, 134.25
2026/08/07 12:25:29.430, 6, 0, 0, 132.62
2026/08/07 12:25:29.430, 7, 0, 0, 134.33
2026/08/07 12:25:29.930, 0, 102276, 98, 1010.66
2026/08/07 12:25:29.930, 1, 103744, 99, 1022.68
2026/08/07 12:25:29.930, 2, 103744, 100, 1007.53
2026/08/07 12:25:29.930, 3, 103744, 99, 1002.48
2026/08/07 12:25:29.930, 4, 0, 0, 134.19
2026/08/07 12:25:29.930, 5, 0, 0, 134.24
2026/08/07 12:25:29.930, 6, 0, 0, 132.67
2026/08/07 12:25:29.930, 7, 0, 0, 134.32
2026/08/07 12:25:30.430, 0, 102276, 100, 1008.37
2026/08/07 12:25:30.430, 1, 103744, 100, 1021.15
2026/08/07 12:25:30.430, 2, 103744, 100, 1006.82
2026/08/07 12:25:30.430, 3, 103744, 100, 1007.55
2026/08/07 12:25:30.430, 4, 0, 0, 134.19
2026/08/07 12:25:30.430, 5, 0, 0, 134.32
2026/08/07 12:25:30.430, 6, 0, 0, 132.63
2026/08/07 12:25:30.430, 7, 0, 0, 134.40
2026/08/07 12:25:30.930, 0, 102276, 100, 1009.87
2026/08/07 12:25:30.931, 1, 103744, 100, 1023.39
2026/08/07 12:25:30.931, 2, 103744, 100, 1008.00
2026/08/07 12:25:30.931, 3, 103744, 100, 1012.66
2026/08/07 12:25:30.931, 4, 0, 0, 134.20
2026/08/07 12:25:30.931, 5, 0, 0, 134.32
2026/08/07 12:25:30.931, 6, 0, 0, 132.60
2026/08/07 12:25:30.931, 7, 0, 0, 134.41
2026/08/07 12:25:31.431, 0, 102276, 100, 1007.59
2026/08/07 12:25:31.431, 1, 103744, 100, 1023.16
2026/08/07 12:25:31.431, 2, 103744, 100, 1006.36
2026/08/07 12:25:31.431, 3, 103744, 100, 1002.32
2026/08/07 12:25:31.431, 4, 0, 0, 134.19
2026/08/07 12:25:31.431, 5, 0, 0, 134.25
2026/08/07 12:25:31.431, 6, 0, 0, 132.68
2026/08/07 12:25:31.431, 7, 0, 0, 134.33
2026/08/07 12:25:31.931, 0, 102276, 100, 1002.46
2026/08/07 12:25:31.931, 1, 103744, 100, 1018.43
2026/08/07 12:25:31.931, 2, 103744, 100, 999.34
2026/08/07 12:25:31.931, 3, 103744, 100, 1011.26
2026/08/07 12:25:31.931, 4, 0, 0, 134.18
2026/08/07 12:25:31.931, 5, 0, 0, 134.25
2026/08/07 12:25:31.931, 6, 0, 0, 132.78
2026/08/07 12:25:31.931, 7, 0, 0, 134.34
2026/08/07 12:25:32.431, 0, 102276, 100, 996.26
2026/08/07 12:25:32.431, 1, 103744, 100, 1010.61
2026/08/07 12:25:32.431, 2, 103744, 100, 992.63
2026/08/07 12:25:32.431, 3, 103744, 100, 1012.22
2026/08/07 12:25:32.431, 4, 0, 0, 134.18
2026/08/07 12:25:32.431, 5, 0, 0, 134.25
2026/08/07 12:25:32.431, 6, 0, 0, 132.96
2026/08/07 12:25:32.431, 7, 0, 0, 134.33
2026/08/07 12:25:32.931, 0, 102276, 100, 1000.22
2026/08/07 12:25:32.931, 1, 103744, 100, 1013.85
2026/08/07 12:25:32.931, 2, 103744, 100, 993.85
2026/08/07 12:25:32.931, 3, 103744, 100, 1005.41
2026/08/07 12:25:32.931, 4, 0, 0, 134.31
2026/08/07 12:25:32.931, 5, 0, 0, 134.25
2026/08/07 12:25:32.931, 6, 0, 0, 133.15
2026/08/07 12:25:32.932, 7, 0, 0, 134.33
2026/08/07 12:25:33.432, 0, 102276, 100, 1009.30
2026/08/07 12:25:33.432, 1, 103744, 100, 1018.22
2026/08/07 12:25:33.433, 2, 103744, 100, 1001.29
2026/08/07 12:25:33.434, 3, 103744, 100, 1013.19
2026/08/07 12:25:33.436, 4, 0, 0, 134.31
2026/08/07 12:25:33.437, 5, 0, 0, 134.24
2026/08/07 12:25:33.438, 6, 0, 0, 132.91
2026/08/07 12:25:33.439, 7, 0, 0, 134.33
2026/08/07 12:25:33.940, 0, 102276, 98, 1005.83
2026/08/07 12:25:33.940, 1, 103744, 99, 1015.80
2026/08/07 12:25:33.940, 2, 103744, 100, 1004.08
2026/08/07 12:25:33.940, 3, 103744, 99, 1008.70
2026/08/07 12:25:33.940, 4, 0, 0, 134.18
2026/08/07 12:25:33.940, 5, 0, 0, 134.25
2026/08/07 12:25:33.940, 6, 0, 0, 132.80
2026/08/07 12:25:33.940, 7, 0, 0, 134.37
2026/08/07 12:25:34.440, 0, 102276, 100, 1012.71
2026/08/07 12:25:34.440, 1, 103744, 100, 1022.18
2026/08/07 12:25:34.440, 2, 103744, 100, 1010.98
2026/08/07 12:25:34.440, 3, 103744, 100, 1007.08
2026/08/07 12:25:34.440, 4, 0, 0, 134.19
2026/08/07 12:25:34.440, 5, 0, 0, 134.24
2026/08/07 12:25:34.440, 6, 0, 0, 133.00
2026/08/07 12:25:34.440, 7, 0, 0, 134.37
2026/08/07 12:25:34.940, 0, 102276, 100, 1008.20
2026/08/07 12:25:34.940, 1, 103744, 100, 1014.36
2026/08/07 12:25:34.940, 2, 103744, 100, 1003.97
2026/08/07 12:25:34.940, 3, 103744, 100, 1018.10
2026/08/07 12:25:34.940, 4, 0, 0, 134.19
2026/08/07 12:25:34.940, 5, 0, 0, 134.25
2026/08/07 12:25:34.940, 6, 0, 0, 132.90
2026/08/07 12:25:34.940, 7, 0, 0, 134.37
2026/08/07 12:25:35.440, 0, 102276, 100, 999.24
2026/08/07 12:25:35.440, 1, 103744, 100, 1013.78
2026/08/07 12:25:35.440, 2, 103744, 100, 992.38
2026/08/07 12:25:35.440, 3, 103744, 100, 1011.18
2026/08/07 12:25:35.440, 4, 0, 0, 134.18
2026/08/07 12:25:35.440, 5, 0, 0, 134.32
2026/08/07 12:25:35.440, 6, 0, 0, 132.85
2026/08/07 12:25:35.440, 7, 0, 0, 134.49
2026/08/07 12:25:35.940, 0, 102276, 100, 1003.66
2026/08/07 12:25:35.943, 1, 103744, 100, 1018.40
2026/08/07 12:25:35.943, 2, 103744, 100, 991.44
2026/08/07 12:25:35.943, 3, 103744, 100, 1009.70
2026/08/07 12:25:35.943, 4, 0, 0, 134.17
2026/08/07 12:25:35.944, 5, 0, 0, 134.32
2026/08/07 12:25:35.944, 6, 0, 0, 132.95
2026/08/07 12:25:35.944, 7, 0, 0, 134.44
2026/08/07 12:25:36.452, 0, 102276, 100, 996.75
2026/08/07 12:25:36.452, 1, 103744, 100, 1012.16
2026/08/07 12:25:36.452, 2, 103744, 100, 992.59
2026/08/07 12:25:36.452, 3, 103744, 100, 1013.45
2026/08/07 12:25:36.452, 4, 0, 0, 134.16
2026/08/07 12:25:36.452, 5, 0, 0, 134.25
2026/08/07 12:25:36.452, 6, 0, 0, 132.90
2026/08/07 12:25:36.452, 7, 0, 0, 134.36
2026/08/07 12:25:36.952, 0, 102276, 100, 1001.09
2026/08/07 12:25:36.952, 1, 103744, 100, 1017.33
2026/08/07 12:25:36.952, 2, 103744, 100, 999.52
2026/08/07 12:25:36.952, 3, 103744, 100, 1013.72
2026/08/07 12:25:36.952, 4, 0, 0, 134.16
2026/08/07 12:25:36.952, 5, 0, 0, 134.24
2026/08/07 12:25:36.952, 6, 0, 0, 132.66
2026/08/07 12:25:36.952, 7, 0, 0, 134.37
2026/08/07 12:25:37.452, 0, 102276, 100, 1008.98
2026/08/07 12:25:37.452, 1, 103744, 100, 1012.74
2026/08/07 12:25:37.452, 2, 103744, 100, 1004.85
2026/08/07 12:25:37.452, 3, 103744, 100, 1018.42
2026/08/07 12:25:37.452, 4, 0, 0, 134.17
2026/08/07 12:25:37.452, 5, 0, 0, 134.24
2026/08/07 12:25:37.452, 6, 0, 0, 132.74
2026/08/07 12:25:37.452, 7, 0, 0, 134.33
2026/08/07 12:25:37.952, 0, 102276, 99, 1003.64
2026/08/07 12:25:37.952, 1, 103744, 99, 1005.37
2026/08/07 12:25:37.952, 2, 103744, 100, 997.41
2026/08/07 12:25:37.952, 3, 103744, 99, 1016.10
2026/08/07 12:25:37.952, 4, 0, 0, 134.29
2026/08/07 12:25:37.952, 5, 0, 0, 134.24
2026/08/07 12:25:37.952, 6, 0, 0, 133.23
2026/08/07 12:25:37.952, 7, 0, 0, 134.33
2026/08/07 12:25:38.452, 0, 102276, 100, 1002.76
2026/08/07 12:25:38.453, 1, 103744, 100, 1017.92
2026/08/07 12:25:38.454, 2, 103744, 100, 996.41
2026/08/07 12:25:38.455, 3, 103744, 100, 1015.72
2026/08/07 12:25:38.456, 4, 0, 0, 134.30
2026/08/07 12:25:38.457, 5, 0, 0, 134.25
2026/08/07 12:25:38.457, 6, 0, 0, 133.12
2026/08/07 12:25:38.459, 7, 0, 0, 134.33
2026/08/07 12:25:38.959, 0, 102276, 100, 1013.74
2026/08/07 12:25:38.959, 1, 103744, 100, 1031.20
2026/08/07 12:25:38.960, 2, 103744, 100, 1009.70
2026/08/07 12:25:38.960, 3, 103744, 100, 1013.52
2026/08/07 12:25:38.960, 4, 0, 0, 134.19
2026/08/07 12:25:38.960, 5, 0, 0, 134.24
2026/08/07 12:25:38.960, 6, 0, 0, 132.86
2026/08/07 12:25:38.960, 7, 0, 0, 134.37
2026/08/07 12:25:39.460, 0, 102276, 100, 1021.65
2026/08/07 12:25:39.460, 1, 103744, 100, 1035.32
2026/08/07 12:25:39.460, 2, 103744, 100, 1016.16
2026/08/07 12:25:39.460, 3, 103744, 100, 1005.49
2026/08/07 12:25:39.460, 4, 0, 0, 134.18
2026/08/07 12:25:39.460, 5, 0, 0, 134.24
2026/08/07 12:25:39.460, 6, 0, 0, 132.86
2026/08/07 12:25:39.460, 7, 0, 0, 134.37
2026/08/07 12:25:39.960, 0, 102276, 100, 1013.32
2026/08/07 12:25:39.960, 1, 103744, 100, 1023.92
2026/08/07 12:25:39.960, 2, 103744, 100, 1006.38
2026/08/07 12:25:39.960, 3, 103744, 100, 1015.56
2026/08/07 12:25:39.960, 4, 0, 0, 134.19
2026/08/07 12:25:39.960, 5, 0, 0, 134.24
2026/08/07 12:25:39.960, 6, 0, 0, 133.02
2026/08/07 12:25:39.960, 7, 0, 0, 134.34
2026/08/07 12:25:40.460, 0, 102276, 100, 999.54
2026/08/07 12:25:40.460, 1, 103744, 100, 1007.50
2026/08/07 12:25:40.460, 2, 103744, 100, 998.76
2026/08/07 12:25:40.460, 3, 103744, 100, 1021.35
2026/08/07 12:25:40.460, 4, 0, 0, 134.19
2026/08/07 12:25:40.460, 5, 0, 0, 134.36
2026/08/07 12:25:40.460, 6, 0, 0, 132.92
2026/08/07 12:25:40.460, 7, 0, 0, 134.45
2026/08/07 12:25:40.960, 0, 102276, 100, 999.88
2026/08/07 12:25:40.960, 1, 103744, 100, 1018.66
2026/08/07 12:25:40.960, 2, 103744, 100, 998.32
2026/08/07 12:25:40.960, 3, 103744, 100, 1012.73
2026/08/07 12:25:40.960, 4, 0, 0, 134.19
2026/08/07 12:25:40.960, 5, 0, 0, 134.36
2026/08/07 12:25:40.960, 6, 0, 0, 132.81
2026/08/07 12:25:40.960, 7, 0, 0, 134.45
2026/08/07 12:25:41.460, 0, 102276, 100, 1002.40
2026/08/07 12:25:41.460, 1, 103744, 100, 1022.45
2026/08/07 12:25:41.460, 2, 103744, 100, 1001.31
2026/08/07 12:25:41.460, 3, 103744, 100, 1015.34
2026/08/07 12:25:41.460, 4, 0, 0, 134.18
2026/08/07 12:25:41.460, 5, 0, 0, 134.25
2026/08/07 12:25:41.460, 6, 0, 0, 133.33
2026/08/07 12:25:41.460, 7, 0, 0, 134.33
2026/08/07 12:25:41.960, 0, 102276, 100, 994.35
2026/08/07 12:25:41.960, 1, 103744, 99, 1006.42
2026/08/07 12:25:41.960, 2, 103744, 100, 994.00
2026/08/07 12:25:41.960, 3, 103744, 100, 1018.96
2026/08/07 12:25:41.961, 4, 0, 0, 134.18
2026/08/07 12:25:41.961, 5, 0, 0, 134.25
2026/08/07 12:25:41.961, 6, 0, 0, 133.37
2026/08/07 12:25:41.961, 7, 0, 0, 134.34
2026/08/07 12:25:42.461, 0, 102276, 100, 1008.22
2026/08/07 12:25:42.461, 1, 103744, 100, 1024.28
2026/08/07 12:25:42.461, 2, 103744, 100, 1004.96
2026/08/07 12:25:42.461, 3, 103744, 100, 1004.06
2026/08/07 12:25:42.461, 4, 0, 0, 134.18
2026/08/07 12:25:42.461, 5, 0, 0, 134.24
2026/08/07 12:25:42.461, 6, 0, 0, 133.01
2026/08/07 12:25:42.461, 7, 0, 0, 134.33
2026/08/07 12:25:42.961, 0, 102276, 100, 1016.36
2026/08/07 12:25:42.961, 1, 103744, 100, 1037.28
2026/08/07 12:25:42.961, 2, 103744, 100, 1010.91
2026/08/07 12:25:42.961, 3, 103744, 100, 1007.96
2026/08/07 12:25:42.961, 4, 0, 0, 134.34
2026/08/07 12:25:42.961, 5, 0, 0, 134.25
2026/08/07 12:25:42.961, 6, 0, 0, 133.00
2026/08/07 12:25:42.961, 7, 0, 0, 134.37
2026/08/07 12:25:43.461, 0, 102276, 100, 1004.98
2026/08/07 12:25:43.461, 1, 103744, 100, 1028.55
2026/08/07 12:25:43.461, 2, 103744, 100, 1001.28
2026/08/07 12:25:43.461, 3, 103744, 100, 1011.32
2026/08/07 12:25:43.461, 4, 0, 0, 134.34
2026/08/07 12:25:43.461, 5, 0, 0, 134.25
2026/08/07 12:25:43.461, 6, 0, 0, 132.90
2026/08/07 12:25:43.461, 7, 0, 0, 134.37
2026/08/07 12:25:43.961, 0, 102276, 100, 1003.90
2026/08/07 12:25:43.961, 1, 103744, 100, 1022.85
2026/08/07 12:25:43.961, 2, 103744, 100, 1003.39
2026/08/07 12:25:43.961, 3, 103744, 100, 1018.42
2026/08/07 12:25:43.961, 4, 0, 0, 134.19
2026/08/07 12:25:43.961, 5, 0, 0, 134.25
2026/08/07 12:25:43.961, 6, 0, 0, 132.69
2026/08/07 12:25:43.961, 7, 0, 0, 134.33
2026/08/07 12:25:44.461, 0, 102276, 100, 1000.22
2026/08/07 12:25:44.461, 1, 103744, 100, 1012.77
2026/08/07 12:25:44.461, 2, 103744, 100, 1000.37
2026/08/07 12:25:44.461, 3, 103744, 100, 1027.36
2026/08/07 12:25:44.461, 4, 0, 0, 134.19
2026/08/07 12:25:44.461, 5, 0, 0, 134.25
2026/08/07 12:25:44.461, 6, 0, 0, 132.66
2026/08/07 12:25:44.461, 7, 0, 0, 134.33
2026/08/07 12:25:44.961, 0, 102276, 100, 999.96
2026/08/07 12:25:44.961, 1, 103744, 100, 1014.16
2026/08/07 12:25:44.961, 2, 103744, 100, 1000.01
2026/08/07 12:25:44.961, 3, 103744, 100, 1019.98
2026/08/07 12:25:44.961, 4, 0, 0, 134.18
2026/08/07 12:25:44.961, 5, 0, 0, 134.25
2026/08/07 12:25:44.961, 6, 0, 0, 132.63
2026/08/07 12:25:44.961, 7, 0, 0, 134.33
2026/08/07 12:25:45.461, 0, 102276, 100, 1002.87
2026/08/07 12:25:45.462, 1, 103744, 100, 1015.66
2026/08/07 12:25:45.462, 2, 103744, 100, 1003.02
2026/08/07 12:25:45.462, 3, 103744, 100, 1022.51
2026/08/07 12:25:45.462, 4, 0, 0, 134.18
2026/08/07 12:25:45.462, 5, 0, 0, 134.36
2026/08/07 12:25:45.462, 6, 0, 0, 132.59
2026/08/07 12:25:45.462, 7, 0, 0, 134.45
2026/08/07 12:25:45.962, 0, 102276, 100, 999.26
2026/08/07 12:25:45.962, 1, 103744, 100, 1010.51
2026/08/07 12:25:45.962, 2, 103744, 100, 999.56
2026/08/07 12:25:45.962, 3, 103744, 100, 1024.43
2026/08/07 12:25:45.962, 4, 0, 0, 134.19
2026/08/07 12:25:45.962, 5, 0, 0, 134.36
2026/08/07 12:25:45.962, 6, 0, 0, 132.67
2026/08/07 12:25:45.962, 7, 0, 0, 134.49
2026/08/07 12:25:46.462, 0, 102276, 100, 1004.20
2026/08/07 12:25:46.462, 1, 103744, 100, 1021.94
2026/08/07 12:25:46.462, 2, 103744, 100, 1002.84
2026/08/07 12:25:46.462, 3, 103744, 100, 1020.08
2026/08/07 12:25:46.462, 4, 0, 0, 134.19
2026/08/07 12:25:46.462, 5, 0, 0, 134.25
2026/08/07 12:25:46.462, 6, 0, 0, 132.81
2026/08/07 12:25:46.462, 7, 0, 0, 134.41
2026/08/07 12:25:46.962, 0, 102276, 100, 1000.85
2026/08/07 12:25:46.962, 1, 103744, 100, 1023.10
2026/08/07 12:25:46.962, 2, 103744, 100, 997.88
2026/08/07 12:25:46.962, 3, 103744, 100, 1022.32
2026/08/07 12:25:46.962, 4, 0, 0, 134.19
2026/08/07 12:25:46.962, 5, 0, 0, 134.25
2026/08/07 12:25:46.962, 6, 0, 0, 132.77
2026/08/07 12:25:46.962, 7, 0, 0, 134.37
2026/08/07 12:25:47.462, 0, 102276, 100, 991.79
2026/08/07 12:25:47.462, 1, 103744, 100, 1015.30
2026/08/07 12:25:47.462, 2, 103744, 100, 993.58
2026/08/07 12:25:47.462, 3, 103744, 100, 1015.63
2026/08/07 12:25:47.462, 4, 0, 0, 134.18
2026/08/07 12:25:47.462, 5, 0, 0, 134.24
2026/08/07 12:25:47.462, 6, 0, 0, 132.70
2026/08/07 12:25:47.462, 7, 0, 0, 134.34
2026/08/07 12:25:47.962, 0, 102276, 100, 1008.31
2026/08/07 12:25:47.962, 1, 103744, 100, 1032.77
2026/08/07 12:25:47.962, 2, 103744, 100, 1006.09
2026/08/07 12:25:47.962, 3, 103744, 100, 1009.83
2026/08/07 12:25:47.962, 4, 0, 0, 134.31
2026/08/07 12:25:47.962, 5, 0, 0, 134.25
2026/08/07 12:25:47.962, 6, 0, 0, 132.79
2026/08/07 12:25:47.962, 7, 0, 0, 134.33
2026/08/07 12:25:48.462, 0, 102276, 100, 1010.56
2026/08/07 12:25:48.462, 1, 103744, 100, 1031.09
2026/08/07 12:25:48.462, 2, 103744, 100, 1006.69
2026/08/07 12:25:48.462, 3, 103744, 100, 1013.31
2026/08/07 12:25:48.462, 4, 0, 0, 134.30
2026/08/07 12:25:48.462, 5, 0, 0, 134.25
2026/08/07 12:25:48.462, 6, 0, 0, 132.79
2026/08/07 12:25:48.462, 7, 0, 0, 134.33
2026/08/07 12:25:48.963, 0, 102276, 100, 1003.81
2026/08/07 12:25:48.963, 1, 103744, 100, 1017.75
2026/08/07 12:25:48.963, 2, 103744, 100, 1000.78
2026/08/07 12:25:48.963, 3, 103744, 100, 1009.45
2026/08/07 12:25:48.963, 4, 0, 0, 134.18
2026/08/07 12:25:48.963, 5, 0, 0, 134.25
2026/08/07 12:25:48.963, 6, 0, 0, 132.71
2026/08/07 12:25:48.963, 7, 0, 0, 134.32
2026/08/07 12:25:49.463, 0, 102276, 100, 1013.82
2026/08/07 12:25:49.463, 1, 103744, 100, 1033.66
2026/08/07 12:25:49.463, 2, 103744, 100, 1009.51
2026/08/07 12:25:49.463, 3, 103744, 100, 1008.38
2026/08/07 12:25:49.463, 4, 0, 0, 134.18
2026/08/07 12:25:49.463, 5, 0, 0, 134.25
2026/08/07 12:25:49.463, 6, 0, 0, 132.62
2026/08/07 12:25:49.463, 7, 0, 0, 134.36
2026/08/07 12:25:49.963, 0, 102276, 100, 1016.54
2026/08/07 12:25:49.963, 1, 103744, 100, 1038.67
2026/08/07 12:25:49.963, 2, 103744, 100, 1006.72
2026/08/07 12:25:49.963, 3, 103744, 100, 1004.40
2026/08/07 12:25:49.963, 4, 0, 0, 134.19
2026/08/07 12:25:49.963, 5, 0, 0, 134.24
2026/08/07 12:25:49.963, 6, 0, 0, 132.62
2026/08/07 12:25:49.963, 7, 0, 0, 134.37
2026/08/07 12:25:50.463, 0, 102276, 100, 1018.91
2026/08/07 12:25:50.463, 1, 103744, 100, 1032.76
2026/08/07 12:25:50.463, 2, 103744, 100, 1009.57
2026/08/07 12:25:50.463, 3, 103744, 100, 1010.76
2026/08/07 12:25:50.463, 4, 0, 0, 134.18
2026/08/07 12:25:50.463, 5, 0, 0, 134.36
2026/08/07 12:25:50.463, 6, 0, 0, 132.63
2026/08/07 12:25:50.463, 7, 0, 0, 134.49
2026/08/07 12:25:50.963, 0, 102276, 100, 1010.39
2026/08/07 12:25:50.964, 1, 103744, 100, 1028.35
2026/08/07 12:25:50.965, 2, 103744, 100, 1009.62
2026/08/07 12:25:50.966, 3, 103744, 100, 1025.54
2026/08/07 12:25:50.967, 4, 0, 0, 134.17
2026/08/07 12:25:50.968, 5, 0, 0, 134.36
2026/08/07 12:25:50.969, 6, 0, 0, 132.70
2026/08/07 12:25:50.969, 7, 0, 0, 134.49
2026/08/07 12:25:51.469, 0, 102276, 100, 997.66
2026/08/07 12:25:51.469, 1, 103744, 100, 1019.64
2026/08/07 12:25:51.469, 2, 103744, 100, 997.63
2026/08/07 12:25:51.469, 3, 103744, 100, 1023.08
2026/08/07 12:25:51.469, 4, 0, 0, 134.18
2026/08/07 12:25:51.469, 5, 0, 0, 134.24
2026/08/07 12:25:51.469, 6, 0, 0, 132.69
2026/08/07 12:25:51.469, 7, 0, 0, 134.33
2026/08/07 12:25:51.969, 0, 102276, 100, 1001.46
2026/08/07 12:25:51.969, 1, 103744, 100, 1019.11
2026/08/07 12:25:51.969, 2, 103744, 100, 997.70
2026/08/07 12:25:51.969, 3, 103744, 100, 1027.12
2026/08/07 12:25:51.969, 4, 0, 0, 134.18
2026/08/07 12:25:51.969, 5, 0, 0, 134.25
2026/08/07 12:25:51.969, 6, 0, 0, 132.59
2026/08/07 12:25:51.969, 7, 0, 0, 134.33
2026/08/07 12:25:52.469, 0, 102276, 100, 1003.38
2026/08/07 12:25:52.469, 1, 103744, 100, 1015.24
2026/08/07 12:25:52.469, 2, 103744, 100, 1000.68
2026/08/07 12:25:52.469, 3, 103744, 100, 1031.98
2026/08/07 12:25:52.469, 4, 0, 0, 134.18
2026/08/07 12:25:52.469, 5, 0, 0, 134.25
2026/08/07 12:25:52.469, 6, 0, 0, 132.54
2026/08/07 12:25:52.469, 7, 0, 0, 134.33
2026/08/07 12:25:52.969, 0, 102276, 100, 1004.03
2026/08/07 12:25:52.969, 1, 103744, 100, 1017.76
2026/08/07 12:25:52.969, 2, 103744, 100, 1002.03
2026/08/07 12:25:52.969, 3, 103744, 100, 1017.86
2026/08/07 12:25:52.969, 4, 0, 0, 134.30
2026/08/07 12:25:52.969, 5, 0, 0, 134.25
2026/08/07 12:25:52.969, 6, 0, 0, 132.79
2026/08/07 12:25:52.969, 7, 0, 0, 134.33
2026/08/07 12:25:53.469, 0, 102276, 100, 1009.17
2026/08/07 12:25:53.470, 1, 103744, 100, 1033.37
2026/08/07 12:25:53.470, 2, 103744, 100, 1004.61
2026/08/07 12:25:53.470, 3, 103744, 100, 1006.57
2026/08/07 12:25:53.470, 4, 0, 0, 134.31
2026/08/07 12:25:53.470, 5, 0, 0, 134.25
2026/08/07 12:25:53.470, 6, 0, 0, 132.72
2026/08/07 12:25:53.470, 7, 0, 0, 134.33
2026/08/07 12:25:53.970, 0, 102276, 100, 1006.77
2026/08/07 12:25:53.970, 1, 103744, 100, 1035.14
2026/08/07 12:25:53.971, 2, 103744, 100, 1001.79
2026/08/07 12:25:53.971, 3, 103744, 100, 1004.56
2026/08/07 12:25:53.971, 4, 0, 0, 134.18
2026/08/07 12:25:53.971, 5, 0, 0, 134.25
2026/08/07 12:25:53.971, 6, 0, 0, 132.56
2026/08/07 12:25:53.971, 7, 0, 0, 134.33
2026/08/07 12:25:54.472, 0, 102276, 100, 1011.97
2026/08/07 12:25:54.472, 1, 103744, 100, 1033.73
2026/08/07 12:25:54.472, 2, 103744, 100, 1009.26
2026/08/07 12:25:54.472, 3, 103744, 100, 1015.65
2026/08/07 12:25:54.472, 4, 0, 0, 134.18
2026/08/07 12:25:54.472, 5, 0, 0, 134.25
2026/08/07 12:25:54.472, 6, 0, 0, 132.75
2026/08/07 12:25:54.472, 7, 0, 0, 134.33
2026/08/07 12:25:54.972, 0, 102276, 100, 1007.31
2026/08/07 12:25:54.972, 1, 103744, 100, 1023.56
2026/08/07 12:25:54.972, 2, 103744, 100, 1009.67
2026/08/07 12:25:54.972, 3, 103744, 100, 1029.26
2026/08/07 12:25:54.972, 4, 0, 0, 134.18
2026/08/07 12:25:54.972, 5, 0, 0, 134.25
2026/08/07 12:25:54.972, 6, 0, 0, 132.77
2026/08/07 12:25:54.972, 7, 0, 0, 134.33
2026/08/07 12:25:55.472, 0, 102276, 100, 998.70
2026/08/07 12:25:55.472, 1, 103744, 100, 1011.58
2026/08/07 12:25:55.472, 2, 103744, 100, 998.74
2026/08/07 12:25:55.472, 3, 103744, 100, 1022.71
2026/08/07 12:25:55.472, 4, 0, 0, 134.18
2026/08/07 12:25:55.472, 5, 0, 0, 134.36
2026/08/07 12:25:55.472, 6, 0, 0, 132.75
2026/08/07 12:25:55.472, 7, 0, 0, 134.44
2026/08/07 12:25:55.972, 0, 102276, 100, 1009.09
2026/08/07 12:25:55.972, 1, 103744, 100, 1028.04
2026/08/07 12:25:55.972, 2, 103744, 100, 1006.55
2026/08/07 12:25:55.972, 3, 103744, 100, 1012.25
2026/08/07 12:25:55.972, 4, 0, 0, 134.19
2026/08/07 12:25:55.972, 5, 0, 0, 134.36
2026/08/07 12:25:55.972, 6, 0, 0, 132.74
2026/08/07 12:25:55.972, 7, 0, 0, 134.43
2026/08/07 12:25:56.472, 0, 102276, 100, 1010.75
2026/08/07 12:25:56.473, 1, 103744, 100, 1036.65
2026/08/07 12:25:56.474, 2, 103744, 100, 1004.48
2026/08/07 12:25:56.476, 3, 103744, 100, 1011.77
2026/08/07 12:25:56.476, 4, 0, 0, 134.18
2026/08/07 12:25:56.477, 5, 0, 0, 134.25
2026/08/07 12:25:56.478, 6, 0, 0, 132.63
2026/08/07 12:25:56.479, 7, 0, 0, 134.32
2026/08/07 12:25:56.980, 0, 102276, 100, 1008.04
2026/08/07 12:25:56.980, 1, 103744, 100, 1037.55
2026/08/07 12:25:56.980, 2, 103744, 100, 1003.13
2026/08/07 12:25:56.980, 3, 103744, 100, 1015.01
2026/08/07 12:25:56.980, 4, 0, 0, 134.17
2026/08/07 12:25:56.980, 5, 0, 0, 134.25
2026/08/07 12:25:56.980, 6, 0, 0, 132.52
2026/08/07 12:25:56.980, 7, 0, 0, 134.33
2026/08/07 12:25:57.480, 0, 102276, 100, 1003.02
2026/08/07 12:25:57.480, 1, 103744, 100, 1030.23
2026/08/07 12:25:57.480, 2, 103744, 100, 1004.24
2026/08/07 12:25:57.480, 3, 103744, 100, 1021.63
2026/08/07 12:25:57.480, 4, 0, 0, 134.19
2026/08/07 12:25:57.480, 5, 0, 0, 134.25
2026/08/07 12:25:57.481, 6, 0, 0, 132.71
2026/08/07 12:25:57.481, 7, 0, 0, 134.34
2026/08/07 12:25:57.981, 0, 102276, 100, 994.54
2026/08/07 12:25:57.981, 1, 103744, 100, 1013.29
2026/08/07 12:25:57.981, 2, 103744, 100, 994.37
2026/08/07 12:25:57.981, 3, 103744, 100, 1022.29
2026/08/07 12:25:57.981, 4, 0, 0, 134.33
2026/08/07 12:25:57.981, 5, 0, 0, 134.25
2026/08/07 12:25:57.981, 6, 0, 0, 132.96
2026/08/07 12:25:57.981, 7, 0, 0, 134.34
2026/08/07 12:25:58.481, 0, 102276, 100, 999.59
2026/08/07 12:25:58.481, 1, 103744, 100, 1019.08
2026/08/07 12:25:58.481, 2, 103744, 100, 999.71
2026/08/07 12:25:58.481, 3, 103744, 100, 1017.08
2026/08/07 12:25:58.481, 4, 0, 0, 134.33
2026/08/07 12:25:58.481, 5, 0, 0, 134.25
2026/08/07 12:25:58.481, 6, 0, 0, 132.88
2026/08/07 12:25:58.481, 7, 0, 0, 134.34
2026/08/07 12:25:58.981, 0, 102276, 100, 999.83
2026/08/07 12:25:58.982, 1, 103744, 100, 1020.61
2026/08/07 12:25:58.982, 2, 103744, 100, 1001.89
2026/08/07 12:25:58.982, 3, 103744, 100, 1026.85
2026/08/07 12:25:58.982, 4, 0, 0, 134.20
2026/08/07 12:25:58.982, 5, 0, 0, 134.24
2026/08/07 12:25:58.982, 6, 0, 0, 132.58
2026/08/07 12:25:58.982, 7, 0, 0, 134.33
2026/08/07 12:25:59.482, 0, 102276, 100, 1001.64
2026/08/07 12:25:59.483, 1, 103744, 100, 1013.80
2026/08/07 12:25:59.484, 2, 103744, 100, 993.03
2026/08/07 12:25:59.485, 3, 103744, 100, 1025.56
2026/08/07 12:25:59.486, 4, 0, 0, 134.20
2026/08/07 12:25:59.487, 5, 0, 0, 134.25
2026/08/07 12:25:59.488, 6, 0, 0, 132.53
2026/08/07 12:25:59.489, 7, 0, 0, 134.33
2026/08/07 12:25:59.990, 0, 102276, 100, 1009.81
2026/08/07 12:25:59.990, 1, 103744, 100, 1021.23
2026/08/07 12:25:59.990, 2, 103744, 100, 1003.68
2026/08/07 12:25:59.990, 3, 103744, 100, 1030.25
2026/08/07 12:25:59.990, 4, 0, 0, 134.20
2026/08/07 12:25:59.990, 5, 0, 0, 134.24
2026/08/07 12:25:59.990, 6, 0, 0, 132.52
2026/08/07 12:25:59.990, 7, 0, 0, 134.33
2026/08/07 12:26:00.490, 0, 102276, 100, 1004.79
2026/08/07 12:26:00.490, 1, 103744, 100, 1011.32
2026/08/07 12:26:00.490, 2, 103744, 100, 1008.26
2026/08/07 12:26:00.490, 3, 103744, 100, 1034.62
2026/08/07 12:26:00.490, 4, 0, 0, 134.20
2026/08/07 12:26:00.490, 5, 0, 0, 134.36
2026/08/07 12:26:00.490, 6, 0, 0, 132.49
2026/08/07 12:26:00.490, 7, 0, 0, 134.49
2026/08/07 12:26:00.990, 0, 102276, 100, 1003.31
2026/08/07 12:26:00.990, 1, 103744, 100, 1023.82
2026/08/07 12:26:00.990, 2, 103744, 100, 1003.37
2026/08/07 12:26:00.990, 3, 103744, 100, 1022.82
2026/08/07 12:26:00.990, 4, 0, 0, 134.21
2026/08/07 12:26:00.990, 5, 0, 0, 134.36
2026/08/07 12:26:00.990, 6, 0, 0, 132.43
2026/08/07 12:26:00.990, 7, 0, 0, 134.49
2026/08/07 12:26:01.490, 0, 102276, 100, 1003.89
2026/08/07 12:26:01.491, 1, 103744, 100, 1026.47
2026/08/07 12:26:01.492, 2, 103744, 100, 1001.87
2026/08/07 12:26:01.493, 3, 103744, 100, 1020.61
2026/08/07 12:26:01.494, 4, 0, 0, 134.21
2026/08/07 12:26:01.494, 5, 0, 0, 134.24
2026/08/07 12:26:01.494, 6, 0, 0, 132.40
2026/08/07 12:26:01.494, 7, 0, 0, 134.33
2026/08/07 12:26:01.995, 0, 102276, 98, 997.48
2026/08/07 12:26:01.995, 1, 103744, 100, 1015.12
2026/08/07 12:26:01.995, 2, 103744, 100, 993.88
2026/08/07 12:26:01.995, 3, 103744, 100, 1018.29
2026/08/07 12:26:01.995, 4, 0, 0, 134.21
2026/08/07 12:26:01.995, 5, 0, 0, 134.24
2026/08/07 12:26:01.995, 6, 0, 0, 132.64
2026/08/07 12:26:01.995, 7, 0, 0, 134.33
2026/08/07 12:26:02.495, 0, 102276, 100, 1005.49
2026/08/07 12:26:02.495, 1, 103744, 100, 1025.85
2026/08/07 12:26:02.495, 2, 103744, 100, 1002.33
2026/08/07 12:26:02.495, 3, 103744, 100, 1016.30
2026/08/07 12:26:02.495, 4, 0, 0, 134.20
2026/08/07 12:26:02.495, 5, 0, 0, 134.25
2026/08/07 12:26:02.495, 6, 0, 0, 132.75
2026/08/07 12:26:02.495, 7, 0, 0, 134.33
2026/08/07 12:26:02.995, 0, 102276, 100, 1008.50
2026/08/07 12:26:02.995, 1, 103744, 100, 1024.70
2026/08/07 12:26:02.995, 2, 103744, 100, 1006.45
2026/08/07 12:26:02.995, 3, 103744, 100, 1028.91
2026/08/07 12:26:02.995, 4, 0, 0, 134.30
2026/08/07 12:26:02.995, 5, 0, 0, 134.25
2026/08/07 12:26:02.995, 6, 0, 0, 132.77
2026/08/07 12:26:02.995, 7, 0, 0, 134.33
2026/08/07 12:26:03.495, 0, 102276, 100, 999.28
2026/08/07 12:26:03.495, 1, 103744, 100, 1019.18
2026/08/07 12:26:03.495, 2, 103744, 100, 998.94
2026/08/07 12:26:03.495, 3, 103744, 100, 1024.69
2026/08/07 12:26:03.495, 4, 0, 0, 134.29
2026/08/07 12:26:03.495, 5, 0, 0, 134.24
2026/08/07 12:26:03.495, 6, 0, 0, 132.64
2026/08/07 12:26:03.495, 7, 0, 0, 134.33
2026/08/07 12:26:03.995, 0, 102276, 100, 1001.31
2026/08/07 12:26:03.995, 1, 103744, 100, 1018.50
2026/08/07 12:26:03.995, 2, 103744, 100, 998.52
2026/08/07 12:26:03.995, 3, 103744, 100, 1028.00
2026/08/07 12:26:03.995, 4, 0, 0, 134.18
2026/08/07 12:26:03.995, 5, 0, 0, 134.25
2026/08/07 12:26:03.996, 6, 0, 0, 132.60
2026/08/07 12:26:03.996, 7, 0, 0, 134.37
2026/08/07 12:26:04.496, 0, 102276, 100, 998.11
2026/08/07 12:26:04.496, 1, 103744, 100, 1011.97
2026/08/07 12:26:04.496, 2, 103744, 100, 998.42
2026/08/07 12:26:04.496, 3, 103744, 100, 1035.96
2026/08/07 12:26:04.496, 4, 0, 0, 134.18
2026/08/07 12:26:04.496, 5, 0, 0, 134.25
2026/08/07 12:26:04.496, 6, 0, 0, 132.93
2026/08/07 12:26:04.496, 7, 0, 0, 134.37
2026/08/07 12:26:04.996, 0, 102276, 100, 998.20
2026/08/07 12:26:04.996, 1, 103744, 100, 1015.99
2026/08/07 12:26:04.996, 2, 103744, 100, 1000.58
2026/08/07 12:26:04.996, 3, 103744, 100, 1027.10
2026/08/07 12:26:04.996, 4, 0, 0, 134.18
2026/08/07 12:26:04.996, 5, 0, 0, 134.24
2026/08/07 12:26:04.996, 6, 0, 0, 132.72
2026/08/07 12:26:04.996, 7, 0, 0, 134.34
2026/08/07 12:26:05.496, 0, 102276, 100, 1012.49
2026/08/07 12:26:05.496, 1, 103744, 100, 1027.23
2026/08/07 12:26:05.496, 2, 103744, 100, 1008.81
2026/08/07 12:26:05.496, 3, 103744, 100, 1021.26
2026/08/07 12:26:05.496, 4, 0, 0, 134.17
2026/08/07 12:26:05.496, 5, 0, 0, 134.36
2026/08/07 12:26:05.496, 6, 0, 0, 132.66
2026/08/07 12:26:05.496, 7, 0, 0, 134.45
2026/08/07 12:26:05.996, 0, 102276, 99, 1009.41
2026/08/07 12:26:05.996, 1, 103744, 99, 1025.36
2026/08/07 12:26:05.996, 2, 103744, 100, 1007.26
2026/08/07 12:26:05.996, 3, 103744, 100, 1022.61
2026/08/07 12:26:05.996, 4, 0, 0, 134.18
2026/08/07 12:26:05.996, 5, 0, 0, 134.36
2026/08/07 12:26:05.996, 6, 0, 0, 132.62
2026/08/07 12:26:05.996, 7, 0, 0, 134.45
2026/08/07 12:26:06.496, 0, 102276, 100, 1003.95
2026/08/07 12:26:06.496, 1, 103744, 100, 1032.10
2026/08/07 12:26:06.496, 2, 103744, 100, 1003.56
2026/08/07 12:26:06.496, 3, 103744, 100, 1016.72
2026/08/07 12:26:06.496, 4, 0, 0, 134.19
2026/08/07 12:26:06.496, 5, 0, 0, 134.25
2026/08/07 12:26:06.496, 6, 0, 0, 132.37
2026/08/07 12:26:06.496, 7, 0, 0, 134.34
2026/08/07 12:26:06.996, 0, 102276, 100, 1003.50
2026/08/07 12:26:06.996, 1, 103744, 100, 1031.90
2026/08/07 12:26:06.996, 2, 103744, 100, 997.49
2026/08/07 12:26:06.996, 3, 103744, 100, 1015.84
2026/08/07 12:26:06.996, 4, 0, 0, 134.19
2026/08/07 12:26:06.997, 5, 0, 0, 134.25
2026/08/07 12:26:06.997, 6, 0, 0, 132.48
2026/08/07 12:26:06.997, 7, 0, 0, 134.33
2026/08/07 12:26:07.497, 0, 102276, 100, 1000.52
2026/08/07 12:26:07.497, 1, 103744, 100, 1019.71
2026/08/07 12:26:07.497, 2, 103744, 100, 994.69
2026/08/07 12:26:07.497, 3, 103744, 100, 1016.10
2026/08/07 12:26:07.497, 4, 0, 0, 134.20
2026/08/07 12:26:07.497, 5, 0, 0, 134.25
2026/08/07 12:26:07.497, 6, 0, 0, 132.55
2026/08/07 12:26:07.497, 7, 0, 0, 134.33
2026/08/07 12:26:07.997, 0, 102276, 100, 1000.87
2026/08/07 12:26:07.997, 1, 103744, 100, 1019.97
2026/08/07 12:26:07.997, 2, 103744, 100, 999.36
2026/08/07 12:26:07.997, 3, 103744, 100, 1019.93
2026/08/07 12:26:07.997, 4, 0, 0, 134.33
2026/08/07 12:26:07.997, 5, 0, 0, 134.25
2026/08/07 12:26:07.997, 6, 0, 0, 132.52
2026/08/07 12:26:07.997, 7, 0, 0, 134.34
2026/08/07 12:26:08.497, 0, 102276, 100, 998.37
2026/08/07 12:26:08.497, 1, 103744, 100, 1016.35
2026/08/07 12:26:08.497, 2, 103744, 100, 1003.40
2026/08/07 12:26:08.497, 3, 103744, 100, 1026.28
2026/08/07 12:26:08.497, 4, 0, 0, 134.32
2026/08/07 12:26:08.497, 5, 0, 0, 134.25
2026/08/07 12:26:08.497, 6, 0, 0, 132.45
2026/08/07 12:26:08.497, 7, 0, 0, 134.34
2026/08/07 12:26:08.997, 0, 102276, 100, 1002.51
2026/08/07 12:26:08.997, 1, 103744, 99, 1019.77
2026/08/07 12:26:08.997, 2, 103744, 100, 1002.41
2026/08/07 12:26:08.997, 3, 103744, 100, 1019.99
2026/08/07 12:26:08.997, 4, 0, 0, 134.20
2026/08/07 12:26:08.997, 5, 0, 0, 134.25
2026/08/07 12:26:08.997, 6, 0, 0, 132.38
2026/08/07 12:26:08.997, 7, 0, 0, 134.34
2026/08/07 12:26:09.497, 0, 102276, 100, 1001.21
2026/08/07 12:26:09.497, 1, 103744, 100, 1018.98
2026/08/07 12:26:09.497, 2, 103744, 100, 997.04
2026/08/07 12:26:09.497, 3, 103744, 100, 1021.34
2026/08/07 12:26:09.497, 4, 0, 0, 134.21
2026/08/07 12:26:09.497, 5, 0, 0, 134.25
2026/08/07 12:26:09.497, 6, 0, 0, 132.47
2026/08/07 12:26:09.497, 7, 0, 0, 134.34
2026/08/07 12:26:09.997, 0, 102276, 99, 992.59
2026/08/07 12:26:09.997, 1, 103744, 99, 1013.88
2026/08/07 12:26:09.997, 2, 103744, 100, 990.66
2026/08/07 12:26:09.997, 3, 103744, 100, 1024.71
2026/08/07 12:26:09.997, 4, 0, 0, 134.20
2026/08/07 12:26:09.997, 5, 0, 0, 134.25
2026/08/07 12:26:09.997, 6, 0, 0, 132.50
2026/08/07 12:26:09.997, 7, 0, 0, 134.34
2026/08/07 12:26:10.497, 0, 102276, 100, 1002.48
2026/08/07 12:26:10.498, 1, 103744, 100, 1024.74
2026/08/07 12:26:10.498, 2, 103744, 100, 996.22
2026/08/07 12:26:10.498, 3, 103744, 100, 1019.24
2026/08/07 12:26:10.498, 4, 0, 0, 134.21
2026/08/07 12:26:10.498, 5, 0, 0, 134.32
2026/08/07 12:26:10.498, 6, 0, 0, 132.37
2026/08/07 12:26:10.498, 7, 0, 0, 134.45
2026/08/07 12:26:10.998, 0, 102276, 100, 1003.19
2026/08/07 12:26:10.998, 1, 103744, 100, 1023.35
2026/08/07 12:26:10.998, 2, 103744, 100, 999.19
2026/08/07 12:26:10.998, 3, 103744, 100, 1026.18
2026/08/07 12:26:10.998, 4, 0, 0, 134.22
2026/08/07 12:26:10.998, 5, 0, 0, 134.32
2026/08/07 12:26:10.998, 6, 0, 0, 132.42
2026/08/07 12:26:10.998, 7, 0, 0, 134.45
2026/08/07 12:26:11.498, 0, 102276, 100, 995.31
2026/08/07 12:26:11.498, 1, 103744, 100, 1015.58
2026/08/07 12:26:11.498, 2, 103744, 100, 994.72
2026/08/07 12:26:11.498, 3, 103744, 100, 1024.77
2026/08/07 12:26:11.498, 4, 0, 0, 134.23
2026/08/07 12:26:11.498, 5, 0, 0, 134.25
2026/08/07 12:26:11.498, 6, 0, 0, 132.49
2026/08/07 12:26:11.498, 7, 0, 0, 134.33
2026/08/07 12:26:11.998, 0, 102276, 100, 1005.65
2026/08/07 12:26:11.998, 1, 103744, 100, 1026.55
2026/08/07 12:26:11.998, 2, 103744, 100, 1002.15
2026/08/07 12:26:11.998, 3, 103744, 100, 1016.06
2026/08/07 12:26:11.998, 4, 0, 0, 134.22
2026/08/07 12:26:11.998, 5, 0, 0, 134.25
2026/08/07 12:26:11.998, 6, 0, 0, 132.49
2026/08/07 12:26:11.998, 7, 0, 0, 134.33
2026/08/07 12:26:12.498, 0, 102276, 100, 999.39
2026/08/07 12:26:12.498, 1, 103744, 100, 1024.36
2026/08/07 12:26:12.498, 2, 103744, 100, 998.73
2026/08/07 12:26:12.498, 3, 103744, 100, 1017.98
2026/08/07 12:26:12.498, 4, 0, 0, 134.21
2026/08/07 12:26:12.498, 5, 0, 0, 134.25
2026/08/07 12:26:12.498, 6, 0, 0, 132.57
2026/08/07 12:26:12.498, 7, 0, 0, 134.33
2026/08/07 12:26:12.998, 0, 102276, 100, 998.95
2026/08/07 12:26:12.998, 1, 103744, 100, 1024.29
2026/08/07 12:26:12.998, 2, 103744, 100, 995.45
2026/08/07 12:26:12.998, 3, 103744, 100, 1015.15
2026/08/07 12:26:12.998, 4, 0, 0, 134.29
2026/08/07 12:26:12.998, 5, 0, 0, 134.25
2026/08/07 12:26:12.998, 6, 0, 0, 132.64
2026/08/07 12:26:12.998, 7, 0, 0, 134.33
2026/08/07 12:26:13.498, 0, 102276, 100, 1003.81
2026/08/07 12:26:13.498, 1, 103744, 100, 1022.91
2026/08/07 12:26:13.498, 2, 103744, 100, 1003.90
2026/08/07 12:26:13.498, 3, 103744, 100, 1022.80
2026/08/07 12:26:13.498, 4, 0, 0, 134.29
2026/08/07 12:26:13.498, 5, 0, 0, 134.25
2026/08/07 12:26:13.498, 6, 0, 0, 132.58
2026/08/07 12:26:13.498, 7, 0, 0, 134.34
2026/08/07 12:26:13.999, 0, 102276, 99, 999.86
2026/08/07 12:26:13.999, 1, 103744, 99, 1011.12
2026/08/07 12:26:13.999, 2, 103744, 99, 1004.10
2026/08/07 12:26:13.999, 3, 103744, 100, 1030.08
2026/08/07 12:26:13.999, 4, 0, 0, 134.23
2026/08/07 12:26:13.999, 5, 0, 0, 134.25
2026/08/07 12:26:13.999, 6, 0, 0, 132.35
2026/08/07 12:26:13.999, 7, 0, 0, 134.34
2026/08/07 12:26:14.499, 0, 102276, 100, 998.59
2026/08/07 12:26:14.499, 1, 103744, 100, 1015.10
2026/08/07 12:26:14.499, 2, 103744, 100, 999.37
2026/08/07 12:26:14.499, 3, 103744, 100, 1024.18
2026/08/07 12:26:14.499, 4, 0, 0, 134.24
2026/08/07 12:26:14.499, 5, 0, 0, 134.25
2026/08/07 12:26:14.499, 6, 0, 0, 132.38
2026/08/07 12:26:14.499, 7, 0, 0, 134.33
2026/08/07 12:26:14.999, 0, 102276, 100, 992.98
2026/08/07 12:26:14.999, 1, 103744, 100, 1016.04
2026/08/07 12:26:14.999, 2, 103744, 100, 994.43
2026/08/07 12:26:14.999, 3, 103744, 100, 1031.12
2026/08/07 12:26:14.999, 4, 0, 0, 134.24
2026/08/07 12:26:14.999, 5, 0, 0, 134.25
2026/08/07 12:26:14.999, 6, 0, 0, 132.46
2026/08/07 12:26:14.999, 7, 0, 0, 134.33
2026/08/07 12:26:15.499, 0, 102276, 99, 994.30
2026/08/07 12:26:15.499, 1, 103744, 100, 1016.64
2026/08/07 12:26:15.499, 2, 103744, 100, 995.42
2026/08/07 12:26:15.499, 3, 103744, 99, 1021.97
2026/08/07 12:26:15.499, 4, 0, 0, 134.23
2026/08/07 12:26:15.499, 5, 0, 0, 134.32
2026/08/07 12:26:15.499, 6, 0, 0, 132.49
2026/08/07 12:26:15.499, 7, 0, 0, 134.41
2026/08/07 12:26:15.999, 0, 102276, 100, 1004.35
2026/08/07 12:26:15.999, 1, 103744, 100, 1024.46
2026/08/07 12:26:15.999, 2, 103744, 100, 1008.08
2026/08/07 12:26:15.999, 3, 103744, 100, 1022.43
2026/08/07 12:26:15.999, 4, 0, 0, 134.22
2026/08/07 12:26:15.999, 5, 0, 0, 134.32
2026/08/07 12:26:15.999, 6, 0, 0, 132.45
2026/08/07 12:26:15.999, 7, 0, 0, 134.41
2026/08/07 12:26:16.499, 0, 102276, 100, 1008.01
2026/08/07 12:26:16.500, 1, 103744, 100, 1028.16
2026/08/07 12:26:16.501, 2, 103744, 100, 1007.85
2026/08/07 12:26:16.503, 3, 103744, 100, 1026.08
2026/08/07 12:26:16.504, 4, 0, 0, 134.21
2026/08/07 12:26:16.504, 5, 0, 0, 134.25
2026/08/07 12:26:16.505, 6, 0, 0, 132.46
2026/08/07 12:26:16.506, 7, 0, 0, 134.33
2026/08/07 12:26:17.007, 0, 102276, 100, 1005.01
2026/08/07 12:26:17.007, 1, 103744, 100, 1025.27
2026/08/07 12:26:17.007, 2, 103744, 100, 999.17
2026/08/07 12:26:17.007, 3, 103744, 100, 1016.28
2026/08/07 12:26:17.007, 4, 0, 0, 134.20
2026/08/07 12:26:17.007, 5, 0, 0, 134.24
2026/08/07 12:26:17.007, 6, 0, 0, 132.49
2026/08/07 12:26:17.007, 7, 0, 0, 134.33
2026/08/07 12:26:17.508, 0, 102276, 100, 998.90
2026/08/07 12:26:17.508, 1, 103744, 100, 1016.77
2026/08/07 12:26:17.508, 2, 103744, 100, 997.24
2026/08/07 12:26:17.508, 3, 103744, 100, 1018.24
2026/08/07 12:26:17.508, 4, 0, 0, 134.21
2026/08/07 12:26:17.508, 5, 0, 0, 134.25
2026/08/07 12:26:17.508, 6, 0, 0, 132.57
2026/08/07 12:26:17.508, 7, 0, 0, 134.34
2026/08/07 12:26:18.008, 0, 102276, 99, 992.39
2026/08/07 12:26:18.008, 1, 103744, 99, 1012.34
2026/08/07 12:26:18.008, 2, 103744, 99, 993.95
2026/08/07 12:26:18.008, 3, 103744, 100, 1022.69
2026/08/07 12:26:18.008, 4, 0, 0, 134.29
2026/08/07 12:26:18.008, 5, 0, 0, 134.25
2026/08/07 12:26:18.008, 6, 0, 0, 132.51
2026/08/07 12:26:18.008, 7, 0, 0, 134.30
2026/08/07 12:26:18.508, 0, 102276, 100, 998.25
2026/08/07 12:26:18.508, 1, 103744, 100, 1025.60
2026/08/07 12:26:18.508, 2, 103744, 100, 996.72
2026/08/07 12:26:18.508, 3, 103744, 100, 1018.61
2026/08/07 12:26:18.508, 4, 0, 0, 134.30
2026/08/07 12:26:18.508, 5, 0, 0, 134.25
2026/08/07 12:26:18.508, 6, 0, 0, 132.46
2026/08/07 12:26:18.508, 7, 0, 0, 134.29
2026/08/07 12:26:19.008, 0, 102276, 100, 996.53
2026/08/07 12:26:19.008, 1, 103744, 100, 1024.24
2026/08/07 12:26:19.008, 2, 103744, 100, 1000.70
2026/08/07 12:26:19.008, 3, 103744, 100, 1017.32
2026/08/07 12:26:19.008, 4, 0, 0, 134.22
2026/08/07 12:26:19.008, 5, 0, 0, 134.25
2026/08/07 12:26:19.008, 6, 0, 0, 132.44
2026/08/07 12:26:19.008, 7, 0, 0, 134.33
2026/08/07 12:26:19.508, 0, 102276, 98, 993.31
2026/08/07 12:26:19.509, 1, 103744, 100, 1011.64
2026/08/07 12:26:19.509, 2, 103744, 100, 992.86
2026/08/07 12:26:19.509, 3, 103744, 99, 1016.14
2026/08/07 12:26:19.509, 4, 0, 0, 134.21
2026/08/07 12:26:19.509, 5, 0, 0, 134.25
2026/08/07 12:26:19.509, 6, 0, 0, 132.37
2026/08/07 12:26:19.509, 7, 0, 0, 134.34
2026/08/07 12:26:20.009, 0, 102276, 100, 1000.30
2026/08/07 12:26:20.009, 1, 103744, 100, 1017.72
2026/08/07 12:26:20.009, 2, 103744, 100, 992.95
2026/08/07 12:26:20.009, 3, 103744, 100, 1017.78
2026/08/07 12:26:20.009, 4, 0, 0, 134.21
2026/08/07 12:26:20.009, 5, 0, 0, 134.25
2026/08/07 12:26:20.009, 6, 0, 0, 132.42
2026/08/07 12:26:20.009, 7, 0, 0, 134.34
2026/08/07 12:26:20.509, 0, 102276, 100, 999.50
2026/08/07 12:26:20.509, 1, 103744, 100, 1017.08
2026/08/07 12:26:20.509, 2, 103744, 100, 995.13
2026/08/07 12:26:20.509, 3, 103744, 100, 1021.97
2026/08/07 12:26:20.509, 4, 0, 0, 134.23
2026/08/07 12:26:20.509, 5, 0, 0, 134.32
2026/08/07 12:26:20.509, 6, 0, 0, 132.53
2026/08/07 12:26:20.509, 7, 0, 0, 134.41
2026/08/07 12:26:21.009, 0, 102276, 100, 998.04
2026/08/07 12:26:21.009, 1, 103744, 100, 1011.55
2026/08/07 12:26:21.009, 2, 103744, 100, 993.17
2026/08/07 12:26:21.009, 3, 103744, 100, 1023.93
2026/08/07 12:26:21.009, 4, 0, 0, 134.23
2026/08/07 12:26:21.009, 5, 0, 0, 134.32
2026/08/07 12:26:21.009, 6, 0, 0, 132.50
2026/08/07 12:26:21.009, 7, 0, 0, 134.41
2026/08/07 12:26:21.510, 0, 102276, 100, 1008.70
2026/08/07 12:26:21.510, 1, 103744, 100, 1026.10
2026/08/07 12:26:21.510, 2, 103744, 100, 1002.28
2026/08/07 12:26:21.510, 3, 103744, 100, 1021.49
2026/08/07 12:26:21.510, 4, 0, 0, 134.22
2026/08/07 12:26:21.510, 5, 0, 0, 134.21
2026/08/07 12:26:21.510, 6, 0, 0, 132.50
2026/08/07 12:26:21.510, 7, 0, 0, 134.33
2026/08/07 12:26:22.010, 0, 102276, 99, 1000.18
2026/08/07 12:26:22.010, 1, 103744, 99, 1017.30
2026/08/07 12:26:22.010, 2, 103744, 99, 998.18
2026/08/07 12:26:22.010, 3, 103744, 100, 1021.01
2026/08/07 12:26:22.010, 4, 0, 0, 134.21
2026/08/07 12:26:22.010, 5, 0, 0, 134.21
2026/08/07 12:26:22.010, 6, 0, 0, 132.38
2026/08/07 12:26:22.010, 7, 0, 0, 134.34
2026/08/07 12:26:22.510, 0, 102276, 100, 997.19
2026/08/07 12:26:22.510, 1, 103744, 100, 1014.13
2026/08/07 12:26:22.510, 2, 103744, 100, 992.96
2026/08/07 12:26:22.510, 3, 103744, 100, 1014.16
2026/08/07 12:26:22.510, 4, 0, 0, 134.21
2026/08/07 12:26:22.510, 5, 0, 0, 134.25
2026/08/07 12:26:22.510, 6, 0, 0, 132.45
2026/08/07 12:26:22.510, 7, 0, 0, 134.33
2026/08/07 12:26:23.010, 0, 102276, 100, 1001.64
2026/08/07 12:26:23.010, 1, 103744, 100, 1022.84
2026/08/07 12:26:23.010, 2, 103744, 100, 994.77
2026/08/07 12:26:23.010, 3, 103744, 100, 1018.19
2026/08/07 12:26:23.010, 4, 0, 0, 134.31
2026/08/07 12:26:23.010, 5, 0, 0, 134.24
2026/08/07 12:26:23.010, 6, 0, 0, 132.66
2026/08/07 12:26:23.010, 7, 0, 0, 134.33
2026/08/07 12:26:23.510, 0, 102276, 99, 996.62
2026/08/07 12:26:23.510, 1, 103744, 98, 1013.59
2026/08/07 12:26:23.510, 2, 103744, 100, 987.77
2026/08/07 12:26:23.510, 3, 103744, 99, 1015.76
2026/08/07 12:26:23.510, 4, 0, 0, 134.31
2026/08/07 12:26:23.510, 5, 0, 0, 134.24
2026/08/07 12:26:23.510, 6, 0, 0, 132.62
2026/08/07 12:26:23.510, 7, 0, 0, 134.34
2026/08/07 12:26:24.010, 0, 102276, 100, 1005.88
2026/08/07 12:26:24.010, 1, 103744, 100, 1022.36
2026/08/07 12:26:24.010, 2, 103744, 100, 1001.66
2026/08/07 12:26:24.010, 3, 103744, 100, 1015.16
2026/08/07 12:26:24.010, 4, 0, 0, 134.22
2026/08/07 12:26:24.010, 5, 0, 0, 134.25
2026/08/07 12:26:24.010, 6, 0, 0, 132.38
2026/08/07 12:26:24.010, 7, 0, 0, 134.34
2026/08/07 12:26:24.510, 0, 102276, 100, 1009.12
2026/08/07 12:26:24.510, 1, 103744, 100, 1029.67
2026/08/07 12:26:24.510, 2, 103744, 100, 1008.87
2026/08/07 12:26:24.510, 3, 103744, 100, 1020.68
2026/08/07 12:26:24.510, 4, 0, 0, 134.23
2026/08/07 12:26:24.510, 5, 0, 0, 134.24
2026/08/07 12:26:24.510, 6, 0, 0, 132.35
2026/08/07 12:26:24.510, 7, 0, 0, 134.33
2026/08/07 12:26:25.011, 0, 102276, 100, 1001.48
2026/08/07 12:26:25.011, 1, 103744, 100, 1021.85
2026/08/07 12:26:25.011, 2, 103744, 100, 998.70
2026/08/07 12:26:25.011, 3, 103744, 100, 1010.51
2026/08/07 12:26:25.011, 4, 0, 0, 134.23
2026/08/07 12:26:25.011, 5, 0, 0, 134.24
2026/08/07 12:26:25.011, 6, 0, 0, 132.38
2026/08/07 12:26:25.011, 7, 0, 0, 134.34
2026/08/07 12:26:25.511, 0, 102276, 100, 994.54
2026/08/07 12:26:25.511, 1, 103744, 100, 1011.28
2026/08/07 12:26:25.511, 2, 103744, 100, 992.89
2026/08/07 12:26:25.511, 3, 103744, 100, 1016.08
2026/08/07 12:26:25.511, 4, 0, 0, 134.24
2026/08/07 12:26:25.511, 5, 0, 0, 134.32
2026/08/07 12:26:25.511, 6, 0, 0, 132.49
2026/08/07 12:26:25.511, 7, 0, 0, 134.41
2026/08/07 12:26:26.011, 0, 102276, 100, 985.85
2026/08/07 12:26:26.011, 1, 103744, 99, 1004.69
2026/08/07 12:26:26.011, 2, 103744, 99, 990.71
2026/08/07 12:26:26.011, 3, 103744, 100, 1019.02
2026/08/07 12:26:26.011, 4, 0, 0, 134.24
2026/08/07 12:26:26.011, 5, 0, 0, 134.32
2026/08/07 12:26:26.011, 6, 0, 0, 132.42
2026/08/07 12:26:26.011, 7, 0, 0, 134.41
2026/08/07 12:26:26.511, 0, 102276, 100, 990.28
2026/08/07 12:26:26.511, 1, 103744, 100, 1011.20
2026/08/07 12:26:26.511, 2, 103744, 100, 994.07
2026/08/07 12:26:26.511, 3, 103744, 100, 1017.24
2026/08/07 12:26:26.511, 4, 0, 0, 134.23
2026/08/07 12:26:26.511, 5, 0, 0, 134.24
2026/08/07 12:26:26.511, 6, 0, 0, 132.27
2026/08/07 12:26:26.511, 7, 0, 0, 134.33
2026/08/07 12:26:27.011, 0, 102276, 100, 1009.86
2026/08/07 12:26:27.011, 1, 103744, 100, 1023.21
2026/08/07 12:26:27.011, 2, 103744, 100, 1008.65
2026/08/07 12:26:27.011, 3, 103744, 100, 1015.51
2026/08/07 12:26:27.011, 4, 0, 0, 134.22
2026/08/07 12:26:27.011, 5, 0, 0, 134.25
2026/08/07 12:26:27.011, 6, 0, 0, 132.34
2026/08/07 12:26:27.011, 7, 0, 0, 134.34
2026/08/07 12:26:27.511, 0, 102276, 98, 981.74
2026/08/07 12:26:27.511, 1, 103744, 99, 994.62
2026/08/07 12:26:27.511, 2, 103744, 100, 971.83
2026/08/07 12:26:27.511, 3, 103744, 98, 990.30
2026/08/07 12:26:27.511, 4, 0, 0, 134.22
2026/08/07 12:26:27.511, 5, 0, 0, 134.24
2026/08/07 12:26:27.511, 6, 0, 0, 132.41
2026/08/07 12:26:27.511, 7, 0, 0, 134.33
2026/08/07 12:26:28.012, 0, 102276, 100, 893.72
2026/08/07 12:26:28.012, 1, 103744, 100, 910.36
2026/08/07 12:26:28.012, 2, 103744, 100, 879.78
2026/08/07 12:26:28.012, 3, 103744, 100, 911.60
2026/08/07 12:26:28.012, 4, 0, 0, 134.35
2026/08/07 12:26:28.012, 5, 0, 0, 134.24
2026/08/07 12:26:28.012, 6, 0, 0, 132.51
2026/08/07 12:26:28.012, 7, 0, 0, 134.33
2026/08/07 12:26:28.512, 0, 102276, 100, 842.44
2026/08/07 12:26:28.512, 1, 103744, 100, 856.26
2026/08/07 12:26:28.512, 2, 103744, 100, 829.87
2026/08/07 12:26:28.512, 3, 103744, 100, 853.00
2026/08/07 12:26:28.512, 4, 0, 0, 134.35
2026/08/07 12:26:28.512, 5, 0, 0, 134.25
2026/08/07 12:26:28.512, 6, 0, 0, 132.46
2026/08/07 12:26:28.512, 7, 0, 0, 134.30
2026/08/07 12:26:29.012, 0, 102276, 0, 582.61
2026/08/07 12:26:29.012, 1, 103744, 0, 599.64
2026/08/07 12:26:29.012, 2, 103744, 0, 564.51
2026/08/07 12:26:29.012, 3, 103744, 0, 641.26
2026/08/07 12:26:29.012, 4, 0, 0, 134.23
2026/08/07 12:26:29.012, 5, 0, 0, 134.25
2026/08/07 12:26:29.012, 6, 0, 0, 132.36
2026/08/07 12:26:29.012, 7, 0, 0, 134.29
2026/08/07 12:26:29.512, 0, 102276, 0, 264.15
2026/08/07 12:26:29.512, 1, 103744, 0, 283.49
2026/08/07 12:26:29.512, 2, 103744, 0, 251.49
2026/08/07 12:26:29.512, 3, 103744, 0, 314.15
2026/08/07 12:26:29.512, 4, 0, 0, 134.22
2026/08/07 12:26:29.512, 5, 0, 0, 134.24
2026/08/07 12:26:29.512, 6, 0, 0, 132.47
2026/08/07 12:26:29.512, 7, 0, 0, 134.33
2026/08/07 12:26:30.012, 0, 102276, 0, 204.36
2026/08/07 12:26:30.012, 1, 103744, 0, 211.47
2026/08/07 12:26:30.012, 2, 103744, 0, 199.02
2026/08/07 12:26:30.012, 3, 103744, 0, 218.82
2026/08/07 12:26:30.012, 4, 0, 0, 134.23
2026/08/07 12:26:30.012, 5, 0, 0, 134.25
2026/08/07 12:26:30.012, 6, 0, 0, 132.46
2026/08/07 12:26:30.012, 7, 0, 0, 134.32
2026/08/07 12:26:30.512, 0, 102276, 0, 203.94
2026/08/07 12:26:30.512, 1, 103744, 0, 210.61
2026/08/07 12:26:30.512, 2, 103744, 0, 198.16
2026/08/07 12:26:30.513, 3, 103744, 0, 217.46
2026/08/07 12:26:30.513, 4, 0, 0, 134.24
2026/08/07 12:26:30.513, 5, 0, 0, 134.32
2026/08/07 12:26:30.513, 6, 0, 0, 132.40
2026/08/07 12:26:30.513, 7, 0, 0, 134.38
2026/08/07 12:26:31.013, 0, 102276, 0, 203.52
2026/08/07 12:26:31.013, 1, 103744, 0, 209.84
2026/08/07 12:26:31.013, 2, 103744, 0, 198.12
2026/08/07 12:26:31.013, 3, 103744, 0, 216.70
2026/08/07 12:26:31.013, 4, 0, 0, 134.24
2026/08/07 12:26:31.013, 5, 0, 0, 134.32
2026/08/07 12:26:31.013, 6, 0, 0, 132.49
2026/08/07 12:26:31.013, 7, 0, 0, 134.35
