2026/08/07 13:09:05.313, 0, 69568, 8, 210.58
2026/08/07 13:09:05.362, 1, 69572, 39, 214.68
2026/08/07 13:09:05.388, 2, 69572, 42, 208.69
2026/08/07 13:09:05.429, 3, 69562, 14, 218.02
2026/08/07 13:09:05.451, 4, 0, 0, 133.00
2026/08/07 13:09:05.473, 5, 0, 0, 132.53
2026/08/07 13:09:05.505, 6, 0, 0, 132.19
2026/08/07 13:09:05.532, 7, 0, 0, 133.90
2026/08/07 13:09:06.052, 0, 69568, 0, 211.12
2026/08/07 13:09:06.052, 1, 69572, 0, 214.84
2026/08/07 13:09:06.052, 2, 69572, 0, 209.40
2026/08/07 13:09:06.052, 3, 69562, 0, 218.97
2026/08/07 13:09:06.053, 4, 0, 0, 133.08
2026/08/07 13:09:06.053, 5, 0, 0, 132.57
2026/08/07 13:09:06.053, 6, 0, 0, 132.20
2026/08/07 13:09:06.053, 7, 0, 0, 133.93
2026/08/07 13:09:06.553, 0, 69568, 100, 406.16
2026/08/07 13:09:06.553, 1, 69572, 100, 368.64
2026/08/07 13:09:06.553, 2, 69572, 100, 379.20
2026/08/07 13:09:06.553, 3, 69562, 100, 416.95
2026/08/07 13:09:06.553, 4, 0, 0, 132.89
2026/08/07 13:09:06.553, 5, 0, 0, 132.65
2026/08/07 13:09:06.553, 6, 0, 0, 132.26
2026/08/07 13:09:06.553, 7, 0, 0, 134.01
2026/08/07 13:09:07.053, 0, 69568, 100, 789.30
2026/08/07 13:09:07.053, 1, 69572, 100, 742.12
2026/08/07 13:09:07.053, 2, 69572, 100, 777.85
2026/08/07 13:09:07.053, 3, 69562, 100, 779.45
2026/08/07 13:09:07.053, 4, 0, 0, 132.98
2026/08/07 13:09:07.053, 5, 0, 0, 132.53
2026/08/07 13:09:07.053, 6, 0, 0, 132.26
2026/08/07 13:09:07.053, 7, 0, 0, 134.01
2026/08/07 13:09:07.553, 0, 69568, 98, 961.57
2026/08/07 13:09:07.553, 1, 69572, 98, 962.70
2026/08/07 13:09:07.553, 2, 69572, 100, 951.77
2026/08/07 13:09:07.553, 3, 69562, 100, 947.97
2026/08/07 13:09:07.553, 4, 0, 0, 132.90
2026/08/07 13:09:07.553, 5, 0, 0, 132.41
2026/08/07 13:09:07.553, 6, 0, 0, 132.26
2026/08/07 13:09:07.553, 7, 0, 0, 134.06
2026/08/07 13:09:08.053, 0, 69568, 100, 963.28
2026/08/07 13:09:08.053, 1, 69572, 100, 961.00
2026/08/07 13:09:08.053, 2, 69572, 100, 950.81
2026/08/07 13:09:08.053, 3, 69562, 100, 947.72
2026/08/07 13:09:08.053, 4, 0, 0, 132.92
2026/08/07 13:09:08.054, 5, 0, 0, 132.53
2026/08/07 13:09:08.054, 6, 0, 0, 132.27
2026/08/07 13:09:08.054, 7, 0, 0, 134.03
2026/08/07 13:09:08.554, 0, 69568, 100, 961.24
2026/08/07 13:09:08.554, 1, 69572, 100, 962.87
2026/08/07 13:09:08.554, 2, 69572, 98, 951.47
2026/08/07 13:09:08.554, 3, 69562, 99, 949.73
2026/08/07 13:09:08.554, 4, 0, 0, 133.10
2026/08/07 13:09:08.554, 5, 0, 0, 132.57
2026/08/07 13:09:08.554, 6, 0, 0, 132.41
2026/08/07 13:09:08.554, 7, 0, 0, 134.04
2026/08/07 13:09:09.054, 0, 69568, 100, 963.30
2026/08/07 13:09:09.054, 1, 69572, 100, 964.80
2026/08/07 13:09:09.054, 2, 69572, 100, 952.20
2026/08/07 13:09:09.054, 3, 69562, 100, 950.49
2026/08/07 13:09:09.054, 4, 0, 0, 133.33
2026/08/07 13:09:09.054, 5, 0, 0, 132.64
2026/08/07 13:09:09.054, 6, 0, 0, 132.40
2026/08/07 13:09:09.054, 7, 0, 0, 133.93
2026/08/07 13:09:09.554, 0, 69568, 100, 968.24
2026/08/07 13:09:09.554, 1, 69572, 100, 967.87
2026/08/07 13:09:09.554, 2, 69572, 100, 960.99
2026/08/07 13:09:09.554, 3, 69562, 100, 951.48
2026/08/07 13:09:09.554, 4, 0, 0, 133.29
2026/08/07 13:09:09.554, 5, 0, 0, 132.65
2026/08/07 13:09:09.554, 6, 0, 0, 132.25
2026/08/07 13:09:09.554, 7, 0, 0, 133.96
2026/08/07 13:09:10.054, 0, 69568, 100, 962.28
2026/08/07 13:09:10.054, 1, 69572, 100, 966.01
2026/08/07 13:09:10.054, 2, 69572, 100, 957.10
2026/08/07 13:09:10.054, 3, 69562, 100, 949.25
2026/08/07 13:09:10.054, 4, 0, 0, 133.20
2026/08/07 13:09:10.054, 5, 0, 0, 132.65
2026/08/07 13:09:10.054, 6, 0, 0, 132.25
2026/08/07 13:09:10.054, 7, 0, 0, 134.09
2026/08/07 13:09:10.554, 0, 69568, 100, 965.11
2026/08/07 13:09:10.554, 1, 69572, 100, 970.01
2026/08/07 13:09:10.554, 2, 69572, 100, 956.96
2026/08/07 13:09:10.554, 3, 69562, 100, 950.91
2026/08/07 13:09:10.554, 4, 0, 0, 133.32
2026/08/07 13:09:10.554, 5, 0, 0, 132.68
2026/08/07 13:09:10.554, 6, 0, 0, 132.24
2026/08/07 13:09:10.554, 7, 0, 0, 134.00
2026/08/07 13:09:11.054, 0, 69568, 100, 961.76
2026/08/07 13:09:11.055, 1, 69572, 100, 969.13
2026/08/07 13:09:11.057, 2, 69572, 100, 954.54
2026/08/07 13:09:11.058, 3, 69562, 100, 952.01
2026/08/07 13:09:11.059, 4, 0, 0, 133.27
2026/08/07 13:09:11.060, 5, 0, 0, 132.91
2026/08/07 13:09:11.062, 6, 0, 0, 132.23
2026/08/07 13:09:11.063, 7, 0, 0, 134.04
2026/08/07 13:09:11.564, 0, 69568, 100, 962.97
2026/08/07 13:09:11.564, 1, 69572, 100, 970.57
2026/08/07 13:09:11.564, 2, 69572, 100, 955.97
2026/08/07 13:09:11.564, 3, 69562, 100, 955.14
2026/08/07 13:09:11.565, 4, 0, 0, 133.41
2026/08/07 13:09:11.565, 5, 0, 0, 133.00
2026/08/07 13:09:11.565, 6, 0, 0, 132.24
2026/08/07 13:09:11.565, 7, 0, 0, 134.29
2026/08/07 13:09:12.065, 0, 69568, 100, 963.04
2026/08/07 13:09:12.065, 1, 69572, 100, 968.33
2026/08/07 13:09:12.066, 2, 69572, 100, 957.59
2026/08/07 13:09:12.067, 3, 69562, 100, 954.34
2026/08/07 13:09:12.067, 4, 0, 0, 133.29
2026/08/07 13:09:12.067, 5, 0, 0, 132.77
2026/08/07 13:09:12.069, 6, 0, 0, 132.24
2026/08/07 13:09:12.070, 7, 0, 0, 134.29
2026/08/07 13:09:12.571, 0, 69568, 100, 965.98
2026/08/07 13:09:12.571, 1, 69572, 100, 967.59
2026/08/07 13:09:12.571, 2, 69572, 100, 958.57
2026/08/07 13:09:12.571, 3, 69562, 100, 955.45
2026/08/07 13:09:12.571, 4, 0, 0, 133.42
2026/08/07 13:09:12.571, 5, 0, 0, 132.68
2026/08/07 13:09:12.571, 6, 0, 0, 132.25
2026/08/07 13:09:12.571, 7, 0, 0, 134.17
2026/08/07 13:09:13.072, 0, 69568, 99, 965.49
2026/08/07 13:09:13.072, 1, 69572, 99, 970.19
2026/08/07 13:09:13.072, 2, 69572, 98, 959.80
2026/08/07 13:09:13.072, 3, 69562, 99, 956.96
2026/08/07 13:09:13.072, 4, 0, 0, 133.41
2026/08/07 13:09:13.072, 5, 0, 0, 132.68
2026/08/07 13:09:13.072, 6, 0, 0, 132.25
2026/08/07 13:09:13.072, 7, 0, 0, 134.10
2026/08/07 13:09:13.572, 0, 69568, 100, 962.76
2026/08/07 13:09:13.572, 1, 69572, 100, 972.23
2026/08/07 13:09:13.573, 2, 69572, 100, 962.21
2026/08/07 13:09:13.574, 3, 69562, 100, 956.59
2026/08/07 13:09:13.575, 4, 0, 0, 133.28
2026/08/07 13:09:13.576, 5, 0, 0, 132.80
2026/08/07 13:09:13.577, 6, 0, 0, 132.40
2026/08/07 13:09:13.578, 7, 0, 0, 134.17
2026/08/07 13:09:14.079, 0, 69568, 100, 964.21
2026/08/07 13:09:14.079, 1, 69572, 100, 973.48
2026/08/07 13:09:14.079, 2, 69572, 100, 960.14
2026/08/07 13:09:14.079, 3, 69562, 100, 955.03
2026/08/07 13:09:14.079, 4, 0, 0, 133.52
2026/08/07 13:09:14.079, 5, 0, 0, 133.00
2026/08/07 13:09:14.079, 6, 0, 0, 132.40
2026/08/07 13:09:14.079, 7, 0, 0, 134.17
2026/08/07 13:09:14.579, 0, 69568, 100, 966.09
2026/08/07 13:09:14.579, 1, 69572, 100, 972.61
2026/08/07 13:09:14.579, 2, 69572, 100, 958.59
2026/08/07 13:09:14.579, 3, 69562, 100, 957.00
2026/08/07 13:09:14.579, 4, 0, 0, 133.46
2026/08/07 13:09:14.579, 5, 0, 0, 132.87
2026/08/07 13:09:14.579, 6, 0, 0, 132.25
2026/08/07 13:09:14.579, 7, 0, 0, 134.17
2026/08/07 13:09:15.079, 0, 69568, 100, 971.17
2026/08/07 13:09:15.079, 1, 69572, 100, 973.09
2026/08/07 13:09:15.079, 2, 69572, 100, 962.14
2026/08/07 13:09:15.079, 3, 69562, 100, 961.86
2026/08/07 13:09:15.079, 4, 0, 0, 133.45
2026/08/07 13:09:15.079, 5, 0, 0, 132.77
2026/08/07 13:09:15.079, 6, 0, 0, 132.24
2026/08/07 13:09:15.079, 7, 0, 0, 134.17
2026/08/07 13:09:15.579, 0, 69568, 100, 966.72
2026/08/07 13:09:15.579, 1, 69572, 100, 971.45
2026/08/07 13:09:15.579, 2, 69572, 100, 961.46
2026/08/07 13:09:15.579, 3, 69562, 100, 962.00
2026/08/07 13:09:15.579, 4, 0, 0, 133.28
2026/08/07 13:09:15.579, 5, 0, 0, 132.68
2026/08/07 13:09:15.579, 6, 0, 0, 132.24
2026/08/07 13:09:15.579, 7, 0, 0, 134.17
2026/08/07 13:09:16.079, 0, 69568, 100, 968.97
2026/08/07 13:09:16.080, 1, 69572, 100, 970.38
2026/08/07 13:09:16.081, 2, 69572, 100, 962.37
2026/08/07 13:09:16.081, 3, 69562, 100, 963.02
2026/08/07 13:09:16.081, 4, 0, 0, 133.36
2026/08/07 13:09:16.081, 5, 0, 0, 132.68
2026/08/07 13:09:16.081, 6, 0, 0, 132.24
2026/08/07 13:09:16.081, 7, 0, 0, 134.20
2026/08/07 13:09:16.581, 0, 69568, 100, 967.17
2026/08/07 13:09:16.581, 1, 69572, 100, 971.27
2026/08/07 13:09:16.581, 2, 69572, 100, 961.61
2026/08/07 13:09:16.581, 3, 69562, 100, 962.52
2026/08/07 13:09:16.581, 4, 0, 0, 133.40
2026/08/07 13:09:16.581, 5, 0, 0, 133.16
2026/08/07 13:09:16.581, 6, 0, 0, 132.24
2026/08/07 13:09:16.581, 7, 0, 0, 134.30
2026/08/07 13:09:17.081, 0, 69568, 100, 967.08
2026/08/07 13:09:17.081, 1, 69572, 100, 972.23
2026/08/07 13:09:17.081, 2, 69572, 100, 964.42
2026/08/07 13:09:17.081, 3, 69562, 100, 962.90
2026/08/07 13:09:17.081, 4, 0, 0, 133.52
2026/08/07 13:09:17.081, 5, 0, 0, 132.91
2026/08/07 13:09:17.081, 6, 0, 0, 132.25
2026/08/07 13:09:17.081, 7, 0, 0, 134.38
2026/08/07 13:09:17.581, 0, 69568, 99, 966.65
2026/08/07 13:09:17.581, 1, 69572, 100, 970.75
2026/08/07 13:09:17.581, 2, 69572, 100, 963.15
2026/08/07 13:09:17.581, 3, 69562, 100, 962.14
2026/08/07 13:09:17.581, 4, 0, 0, 133.48
2026/08/07 13:09:17.581, 5, 0, 0, 132.34
2026/08/07 13:09:17.582, 6, 0, 0, 132.25
2026/08/07 13:09:17.582, 7, 0, 0, 134.16
2026/08/07 13:09:18.082, 0, 69568, 100, 969.20
2026/08/07 13:09:18.082, 1, 69572, 100, 975.78
2026/08/07 13:09:18.082, 2, 69572, 100, 962.76
2026/08/07 13:09:18.082, 3, 69562, 100, 965.93
2026/08/07 13:09:18.082, 4, 0, 0, 133.39
2026/08/07 13:09:18.082, 5, 0, 0, 132.30
2026/08/07 13:09:18.082, 6, 0, 0, 132.29
2026/08/07 13:09:18.082, 7, 0, 0, 134.13
2026/08/07 13:09:18.582, 0, 69568, 100, 967.66
2026/08/07 13:09:18.583, 1, 69572, 100, 977.64
2026/08/07 13:09:18.583, 2, 69572, 100, 964.44
2026/08/07 13:09:18.583, 3, 69562, 100, 967.66
2026/08/07 13:09:18.583, 4, 0, 0, 133.60
2026/08/07 13:09:18.583, 5, 0, 0, 132.30
2026/08/07 13:09:18.583, 6, 0, 0, 132.40
2026/08/07 13:09:18.583, 7, 0, 0, 134.26
2026/08/07 13:09:19.083, 0, 69568, 100, 971.74
2026/08/07 13:09:19.083, 1, 69572, 100, 982.13
2026/08/07 13:09:19.083, 2, 69572, 100, 969.58
2026/08/07 13:09:19.083, 3, 69562, 100, 973.73
2026/08/07 13:09:19.083, 4, 0, 0, 133.65
2026/08/07 13:09:19.083, 5, 0, 0, 132.34
2026/08/07 13:09:19.083, 6, 0, 0, 132.35
2026/08/07 13:09:19.083, 7, 0, 0, 134.22
2026/08/07 13:09:19.583, 0, 69568, 100, 976.99
2026/08/07 13:09:19.583, 1, 69572, 99, 983.83
2026/08/07 13:09:19.583, 2, 69572, 98, 962.92
2026/08/07 13:09:19.583, 3, 69562, 99, 967.39
2026/08/07 13:09:19.583, 4, 0, 0, 133.59
2026/08/07 13:09:19.583, 5, 0, 0, 132.34
2026/08/07 13:09:19.583, 6, 0, 0, 132.26
2026/08/07 13:09:19.583, 7, 0, 0, 134.23
2026/08/07 13:09:20.083, 0, 69568, 100, 974.72
2026/08/07 13:09:20.083, 1, 69572, 100, 979.55
2026/08/07 13:09:20.083, 2, 69572, 100, 962.30
2026/08/07 13:09:20.083, 3, 69562, 100, 966.42
2026/08/07 13:09:20.083, 4, 0, 0, 133.54
2026/08/07 13:09:20.083, 5, 0, 0, 132.34
2026/08/07 13:09:20.083, 6, 0, 0, 132.30
2026/08/07 13:09:20.083, 7, 0, 0, 134.27
2026/08/07 13:09:20.583, 0, 69568, 100, 974.34
2026/08/07 13:09:20.583, 1, 69572, 100, 981.88
2026/08/07 13:09:20.583, 2, 69572, 100, 966.67
2026/08/07 13:09:20.583, 3, 69562, 100, 970.70
2026/08/07 13:09:20.583, 4, 0, 0, 133.73
2026/08/07 13:09:20.583, 5, 0, 0, 132.41
2026/08/07 13:09:20.583, 6, 0, 0, 132.25
2026/08/07 13:09:20.583, 7, 0, 0, 134.27
2026/08/07 13:09:21.084, 0, 69568, 100, 971.03
2026/08/07 13:09:21.084, 1, 69572, 100, 981.60
2026/08/07 13:09:21.085, 2, 69572, 100, 960.88
2026/08/07 13:09:21.086, 3, 69562, 100, 965.88
2026/08/07 13:09:21.087, 4, 0, 0, 133.74
2026/08/07 13:09:21.087, 5, 0, 0, 132.58
2026/08/07 13:09:21.088, 6, 0, 0, 132.22
2026/08/07 13:09:21.088, 7, 0, 0, 134.30
2026/08/07 13:09:21.588, 0, 69568, 100, 973.56
2026/08/07 13:09:21.589, 1, 69572, 100, 983.98
2026/08/07 13:09:21.589, 2, 69572, 100, 962.04
2026/08/07 13:09:21.589, 3, 69562, 100, 967.71
2026/08/07 13:09:21.589, 4, 0, 0, 133.89
2026/08/07 13:09:21.589, 5, 0, 0, 132.69
2026/08/07 13:09:21.589, 6, 0, 0, 132.26
2026/08/07 13:09:21.589, 7, 0, 0, 134.33
2026/08/07 13:09:22.089, 0, 69568, 100, 973.15
2026/08/07 13:09:22.089, 1, 69572, 100, 978.97
2026/08/07 13:09:22.089, 2, 69572, 100, 958.78
2026/08/07 13:09:22.089, 3, 69562, 100, 965.87
2026/08/07 13:09:22.089, 4, 0, 0, 133.74
2026/08/07 13:09:22.089, 5, 0, 0, 132.53
2026/08/07 13:09:22.089, 6, 0, 0, 132.30
2026/08/07 13:09:22.089, 7, 0, 0, 134.34
2026/08/07 13:09:22.589, 0, 69568, 100, 972.44
2026/08/07 13:09:22.589, 1, 69572, 100, 982.22
2026/08/07 13:09:22.589, 2, 69572, 100, 960.28
2026/08/07 13:09:22.589, 3, 69562, 100, 964.11
2026/08/07 13:09:22.589, 4, 0, 0, 133.60
2026/08/07 13:09:22.589, 5, 0, 0, 132.41
2026/08/07 13:09:22.589, 6, 0, 0, 132.31
2026/08/07 13:09:22.589, 7, 0, 0, 134.31
2026/08/07 13:09:23.090, 0, 69568, 100, 971.40
2026/08/07 13:09:23.090, 1, 69572, 100, 982.17
2026/08/07 13:09:23.090, 2, 69572, 100, 961.53
2026/08/07 13:09:23.090, 3, 69562, 100, 965.84
2026/08/07 13:09:23.090, 4, 0, 0, 133.72
2026/08/07 13:09:23.090, 5, 0, 0, 132.61
2026/08/07 13:09:23.090, 6, 0, 0, 132.26
2026/08/07 13:09:23.090, 7, 0, 0, 134.30
2026/08/07 13:09:23.590, 0, 69568, 100, 974.18
2026/08/07 13:09:23.590, 1, 69572, 100, 984.19
2026/08/07 13:09:23.591, 2, 69572, 100, 966.08
2026/08/07 13:09:23.591, 3, 69562, 100, 969.50
2026/08/07 13:09:23.592, 4, 0, 0, 133.87
2026/08/07 13:09:23.593, 5, 0, 0, 132.69
2026/08/07 13:09:23.593, 6, 0, 0, 132.37
2026/08/07 13:09:23.594, 7, 0, 0, 134.27
2026/08/07 13:09:24.095, 0, 69568, 100, 973.91
2026/08/07 13:09:24.095, 1, 69572, 100, 985.30
2026/08/07 13:09:24.095, 2, 69572, 98, 965.28
2026/08/07 13:09:24.095, 3, 69562, 99, 969.31
2026/08/07 13:09:24.095, 4, 0, 0, 134.05
2026/08/07 13:09:24.095, 5, 0, 0, 132.68
2026/08/07 13:09:24.095, 6, 0, 0, 132.37
2026/08/07 13:09:24.095, 7, 0, 0, 134.27
2026/08/07 13:09:24.595, 0, 69568, 100, 974.04
2026/08/07 13:09:24.595, 1, 69572, 100, 987.37
2026/08/07 13:09:24.595, 2, 69572, 100, 963.80
2026/08/07 13:09:24.595, 3, 69562, 100, 968.56
2026/08/07 13:09:24.595, 4, 0, 0, 134.04
2026/08/07 13:09:24.595, 5, 0, 0, 132.61
2026/08/07 13:09:24.595, 6, 0, 0, 132.26
2026/08/07 13:09:24.595, 7, 0, 0, 134.31
2026/08/07 13:09:25.095, 0, 69568, 99, 973.36
2026/08/07 13:09:25.095, 1, 69572, 100, 986.02
2026/08/07 13:09:25.095, 2, 69572, 100, 965.20
2026/08/07 13:09:25.095, 3, 69562, 100, 966.38
2026/08/07 13:09:25.095, 4, 0, 0, 134.11
2026/08/07 13:09:25.095, 5, 0, 0, 132.64
2026/08/07 13:09:25.095, 6, 0, 0, 132.25
2026/08/07 13:09:25.095, 7, 0, 0, 134.31
2026/08/07 13:09:25.595, 0, 69568, 100, 975.13
2026/08/07 13:09:25.595, 1, 69572, 100, 985.64
2026/08/07 13:09:25.595, 2, 69572, 100, 963.91
2026/08/07 13:09:25.595, 3, 69562, 100, 968.83
2026/08/07 13:09:25.595, 4, 0, 0, 134.07
2026/08/07 13:09:25.595, 5, 0, 0, 132.65
2026/08/07 13:09:25.596, 6, 0, 0, 132.26
2026/08/07 13:09:25.596, 7, 0, 0, 134.31
2026/08/07 13:09:26.096, 0, 69568, 100, 976.95
2026/08/07 13:09:26.096, 1, 69572, 99, 986.09
2026/08/07 13:09:26.096, 2, 69572, 100, 968.93
2026/08/07 13:09:26.096, 3, 69562, 100, 974.58
2026/08/07 13:09:26.096, 4, 0, 0, 133.96
2026/08/07 13:09:26.096, 5, 0, 0, 132.73
2026/08/07 13:09:26.096, 6, 0, 0, 132.27
2026/08/07 13:09:26.096, 7, 0, 0, 134.27
2026/08/07 13:09:26.596, 0, 69568, 100, 974.85
2026/08/07 13:09:26.596, 1, 69572, 100, 988.91
2026/08/07 13:09:26.596, 2, 69572, 100, 966.72
2026/08/07 13:09:26.596, 3, 69562, 100, 971.67
2026/08/07 13:09:26.596, 4, 0, 0, 133.92
2026/08/07 13:09:26.596, 5, 0, 0, 133.12
2026/08/07 13:09:26.596, 6, 0, 0, 132.30
2026/08/07 13:09:26.596, 7, 0, 0, 134.35
2026/08/07 13:09:27.096, 0, 69568, 100, 979.13
2026/08/07 13:09:27.096, 1, 69572, 100, 992.72
2026/08/07 13:09:27.097, 2, 69572, 100, 968.89
2026/08/07 13:09:27.098, 3, 69562, 100, 971.92
2026/08/07 13:09:27.099, 4, 0, 0, 133.87
2026/08/07 13:09:27.100, 5, 0, 0, 133.10
2026/08/07 13:09:27.101, 6, 0, 0, 132.33
2026/08/07 13:09:27.102, 7, 0, 0, 134.39
2026/08/07 13:09:27.603, 0, 69568, 100, 976.10
2026/08/07 13:09:27.603, 1, 69572, 100, 986.63
2026/08/07 13:09:27.603, 2, 69572, 100, 965.39
2026/08/07 13:09:27.603, 3, 69562, 100, 968.29
2026/08/07 13:09:27.603, 4, 0, 0, 133.87
2026/08/07 13:09:27.603, 5, 0, 0, 133.00
2026/08/07 13:09:27.603, 6, 0, 0, 132.29
2026/08/07 13:09:27.603, 7, 0, 0, 134.31
2026/08/07 13:09:28.103, 0, 69568, 100, 976.37
2026/08/07 13:09:28.104, 1, 69572, 100, 986.94
2026/08/07 13:09:28.104, 2, 69572, 100, 964.41
2026/08/07 13:09:28.104, 3, 69562, 100, 972.96
2026/08/07 13:09:28.104, 4, 0, 0, 133.99
2026/08/07 13:09:28.104, 5, 0, 0, 132.92
2026/08/07 13:09:28.104, 6, 0, 0, 132.25
2026/08/07 13:09:28.104, 7, 0, 0, 134.31
2026/08/07 13:09:28.604, 0, 69568, 100, 978.67
2026/08/07 13:09:28.604, 1, 69572, 100, 992.53
2026/08/07 13:09:28.605, 2, 69572, 100, 968.66
2026/08/07 13:09:28.605, 3, 69562, 100, 975.62
2026/08/07 13:09:28.605, 4, 0, 0, 133.99
2026/08/07 13:09:28.605, 5, 0, 0, 132.65
2026/08/07 13:09:28.605, 6, 0, 0, 132.36
2026/08/07 13:09:28.605, 7, 0, 0, 134.32
2026/08/07 13:09:29.105, 0, 69568, 100, 982.58
2026/08/07 13:09:29.105, 1, 69572, 100, 998.72
2026/08/07 13:09:29.105, 2, 69572, 100, 970.72
2026/08/07 13:09:29.105, 3, 69562, 100, 980.83
2026/08/07 13:09:29.105, 4, 0, 0, 133.90
2026/08/07 13:09:29.105, 5, 0, 0, 132.84
2026/08/07 13:09:29.105, 6, 0, 0, 132.39
2026/08/07 13:09:29.105, 7, 0, 0, 134.31
2026/08/07 13:09:29.605, 0, 69568, 99, 982.05
2026/08/07 13:09:29.605, 1, 69572, 100, 997.30
2026/08/07 13:09:29.605, 2, 69572, 100, 970.33
2026/08/07 13:09:29.605, 3, 69562, 100, 978.89
2026/08/07 13:09:29.605, 4, 0, 0, 134.07
2026/08/07 13:09:29.605, 5, 0, 0, 133.00
2026/08/07 13:09:29.605, 6, 0, 0, 132.28
2026/08/07 13:09:29.605, 7, 0, 0, 134.31
2026/08/07 13:09:30.105, 0, 69568, 100, 979.86
2026/08/07 13:09:30.105, 1, 69572, 100, 994.23
2026/08/07 13:09:30.105, 2, 69572, 100, 969.84
2026/08/07 13:09:30.105, 3, 69562, 100, 977.10
2026/08/07 13:09:30.105, 4, 0, 0, 133.96
2026/08/07 13:09:30.105, 5, 0, 0, 133.14
2026/08/07 13:09:30.105, 6, 0, 0, 132.25
2026/08/07 13:09:30.105, 7, 0, 0, 134.32
2026/08/07 13:09:30.605, 0, 69568, 100, 975.97
2026/08/07 13:09:30.605, 1, 69572, 99, 991.92
2026/08/07 13:09:30.605, 2, 69572, 98, 969.66
2026/08/07 13:09:30.605, 3, 69562, 99, 979.25
2026/08/07 13:09:30.605, 4, 0, 0, 133.83
2026/08/07 13:09:30.605, 5, 0, 0, 133.18
2026/08/07 13:09:30.605, 6, 0, 0, 132.29
2026/08/07 13:09:30.605, 7, 0, 0, 134.33
2026/08/07 13:09:31.106, 0, 69568, 100, 973.51
2026/08/07 13:09:31.106, 1, 69572, 100, 992.77
2026/08/07 13:09:31.106, 2, 69572, 100, 970.34
2026/08/07 13:09:31.107, 3, 69562, 100, 980.05
2026/08/07 13:09:31.107, 4, 0, 0, 133.84
2026/08/07 13:09:31.107, 5, 0, 0, 133.00
2026/08/07 13:09:31.107, 6, 0, 0, 132.28
2026/08/07 13:09:31.107, 7, 0, 0, 134.33
2026/08/07 13:09:31.607, 0, 69568, 100, 979.60
2026/08/07 13:09:31.607, 1, 69572, 100, 991.11
2026/08/07 13:09:31.607, 2, 69572, 100, 973.05
2026/08/07 13:09:31.607, 3, 69562, 100, 979.08
2026/08/07 13:09:31.607, 4, 0, 0, 133.95
2026/08/07 13:09:31.607, 5, 0, 0, 133.18
2026/08/07 13:09:31.607, 6, 0, 0, 132.26
2026/08/07 13:09:31.607, 7, 0, 0, 134.41
2026/08/07 13:09:32.107, 0, 69568, 100, 978.04
2026/08/07 13:09:32.107, 1, 69572, 100, 994.60
2026/08/07 13:09:32.107, 2, 69572, 100, 967.86
2026/08/07 13:09:32.107, 3, 69562, 100, 976.34
2026/08/07 13:09:32.107, 4, 0, 0, 134.00
2026/08/07 13:09:32.107, 5, 0, 0, 133.26
2026/08/07 13:09:32.107, 6, 0, 0, 132.26
2026/08/07 13:09:32.107, 7, 0, 0, 134.40
2026/08/07 13:09:32.607, 0, 69568, 100, 981.76
2026/08/07 13:09:32.607, 1, 69572, 100, 1001.73
2026/08/07 13:09:32.607, 2, 69572, 100, 972.57
2026/08/07 13:09:32.607, 3, 69562, 100, 985.06
2026/08/07 13:09:32.607, 4, 0, 0, 134.04
2026/08/07 13:09:32.607, 5, 0, 0, 133.09
2026/08/07 13:09:32.607, 6, 0, 0, 132.25
2026/08/07 13:09:32.607, 7, 0, 0, 134.33
2026/08/07 13:09:33.107, 0, 69568, 100, 982.42
2026/08/07 13:09:33.107, 1, 69572, 100, 998.86
2026/08/07 13:09:33.107, 2, 69572, 100, 976.25
2026/08/07 13:09:33.107, 3, 69562, 100, 988.26
2026/08/07 13:09:33.107, 4, 0, 0, 134.04
2026/08/07 13:09:33.107, 5, 0, 0, 132.97
2026/08/07 13:09:33.107, 6, 0, 0, 132.25
2026/08/07 13:09:33.107, 7, 0, 0, 134.34
2026/08/07 13:09:33.607, 0, 69568, 100, 987.41
2026/08/07 13:09:33.608, 1, 69572, 100, 1002.96
2026/08/07 13:09:33.608, 2, 69572, 100, 977.25
2026/08/07 13:09:33.608, 3, 69562, 100, 988.86
2026/08/07 13:09:33.608, 4, 0, 0, 134.16
2026/08/07 13:09:33.608, 5, 0, 0, 132.88
2026/08/07 13:09:33.608, 6, 0, 0, 132.40
2026/08/07 13:09:33.608, 7, 0, 0, 134.33
2026/08/07 13:09:34.108, 0, 69568, 100, 986.06
2026/08/07 13:09:34.109, 1, 69572, 100, 1002.18
2026/08/07 13:09:34.109, 2, 69572, 100, 972.35
2026/08/07 13:09:34.109, 3, 69562, 100, 983.65
2026/08/07 13:09:34.109, 4, 0, 0, 134.19
2026/08/07 13:09:34.109, 5, 0, 0, 133.10
2026/08/07 13:09:34.109, 6, 0, 0, 132.40
2026/08/07 13:09:34.109, 7, 0, 0, 134.32
2026/08/07 13:09:34.609, 0, 69568, 100, 982.71
2026/08/07 13:09:34.609, 1, 69572, 100, 998.97
2026/08/07 13:09:34.609, 2, 69572, 100, 973.26
2026/08/07 13:09:34.609, 3, 69562, 100, 983.25
2026/08/07 13:09:34.609, 4, 0, 0, 134.07
2026/08/07 13:09:34.609, 5, 0, 0, 133.31
2026/08/07 13:09:34.609, 6, 0, 0, 132.25
2026/08/07 13:09:34.609, 7, 0, 0, 134.32
2026/08/07 13:09:35.109, 0, 69568, 100, 979.31
2026/08/07 13:09:35.109, 1, 69572, 100, 994.97
2026/08/07 13:09:35.109, 2, 69572, 98, 973.72
2026/08/07 13:09:35.109, 3, 69562, 99, 982.70
2026/08/07 13:09:35.109, 4, 0, 0, 134.15
2026/08/07 13:09:35.109, 5, 0, 0, 133.39
2026/08/07 13:09:35.109, 6, 0, 0, 132.25
2026/08/07 13:09:35.109, 7, 0, 0, 134.32
2026/08/07 13:09:35.609, 0, 69568, 100, 980.09
2026/08/07 13:09:35.609, 1, 69572, 100, 999.26
2026/08/07 13:09:35.609, 2, 69572, 100, 971.66
2026/08/07 13:09:35.609, 3, 69562, 100, 982.22
2026/08/07 13:09:35.609, 4, 0, 0, 134.15
2026/08/07 13:09:35.609, 5, 0, 0, 133.39
2026/08/07 13:09:35.609, 6, 0, 0, 132.29
2026/08/07 13:09:35.609, 7, 0, 0, 134.33
2026/08/07 13:09:36.109, 0, 69568, 99, 979.75
2026/08/07 13:09:36.109, 1, 69572, 100, 1000.29
2026/08/07 13:09:36.109, 2, 69572, 100, 970.39
2026/08/07 13:09:36.109, 3, 69562, 100, 982.07
2026/08/07 13:09:36.109, 4, 0, 0, 134.08
2026/08/07 13:09:36.109, 5, 0, 0, 133.33
2026/08/07 13:09:36.109, 6, 0, 0, 132.33
2026/08/07 13:09:36.109, 7, 0, 0, 134.33
2026/08/07 13:09:36.609, 0, 69568, 100, 982.87
2026/08/07 13:09:36.610, 1, 69572, 100, 1004.86
2026/08/07 13:09:36.610, 2, 69572, 100, 973.79
2026/08/07 13:09:36.610, 3, 69562, 100, 985.45
2026/08/07 13:09:36.610, 4, 0, 0, 134.06
2026/08/07 13:09:36.610, 5, 0, 0, 133.60
2026/08/07 13:09:36.610, 6, 0, 0, 132.29
2026/08/07 13:09:36.610, 7, 0, 0, 134.40
2026/08/07 13:09:37.110, 0, 69568, 100, 988.31
2026/08/07 13:09:37.110, 1, 69572, 99, 1002.70
2026/08/07 13:09:37.110, 2, 69572, 100, 978.56
2026/08/07 13:09:37.110, 3, 69562, 100, 988.50
2026/08/07 13:09:37.110, 4, 0, 0, 134.13
2026/08/07 13:09:37.110, 5, 0, 0, 133.62
2026/08/07 13:09:37.110, 6, 0, 0, 132.26
2026/08/07 13:09:37.110, 7, 0, 0, 134.39
2026/08/07 13:09:37.610, 0, 69568, 100, 981.84
2026/08/07 13:09:37.610, 1, 69572, 100, 998.47
2026/08/07 13:09:37.610, 2, 69572, 100, 971.24
2026/08/07 13:09:37.610, 3, 69562, 100, 987.16
2026/08/07 13:09:37.610, 4, 0, 0, 134.13
2026/08/07 13:09:37.610, 5, 0, 0, 133.54
2026/08/07 13:09:37.610, 6, 0, 0, 132.27
2026/08/07 13:09:37.610, 7, 0, 0, 134.32
2026/08/07 13:09:38.110, 0, 69568, 100, 980.41
2026/08/07 13:09:38.110, 1, 69572, 100, 1003.22
2026/08/07 13:09:38.110, 2, 69572, 100, 970.96
2026/08/07 13:09:38.110, 3, 69562, 100, 985.66
2026/08/07 13:09:38.110, 4, 0, 0, 134.09
2026/08/07 13:09:38.110, 5, 0, 0, 133.74
2026/08/07 13:09:38.110, 6, 0, 0, 132.26
2026/08/07 13:09:38.110, 7, 0, 0, 134.33
2026/08/07 13:09:38.610, 0, 69568, 100, 977.80
2026/08/07 13:09:38.610, 1, 69572, 100, 999.97
2026/08/07 13:09:38.610, 2, 69572, 100, 973.58
2026/08/07 13:09:38.610, 3, 69562, 100, 983.66
2026/08/07 13:09:38.610, 4, 0, 0, 134.17
2026/08/07 13:09:38.610, 5, 0, 0, 133.82
2026/08/07 13:09:38.610, 6, 0, 0, 132.37
2026/08/07 13:09:38.610, 7, 0, 0, 134.33
2026/08/07 13:09:39.110, 0, 69568, 100, 978.98
2026/08/07 13:09:39.110, 1, 69572, 100, 1003.40
2026/08/07 13:09:39.110, 2, 69572, 100, 972.89
2026/08/07 13:09:39.110, 3, 69562, 100, 986.07
2026/08/07 13:09:39.110, 4, 0, 0, 134.21
2026/08/07 13:09:39.110, 5, 0, 0, 133.79
2026/08/07 13:09:39.110, 6, 0, 0, 132.37
2026/08/07 13:09:39.110, 7, 0, 0, 134.33
2026/08/07 13:09:39.611, 0, 69568, 100, 980.15
2026/08/07 13:09:39.611, 1, 69572, 100, 1000.40
2026/08/07 13:09:39.611, 2, 69572, 100, 968.36
2026/08/07 13:09:39.611, 3, 69562, 100, 985.26
2026/08/07 13:09:39.611, 4, 0, 0, 134.09
2026/08/07 13:09:39.611, 5, 0, 0, 133.58
2026/08/07 13:09:39.611, 6, 0, 0, 132.26
2026/08/07 13:09:39.611, 7, 0, 0, 134.33
2026/08/07 13:09:40.111, 0, 69568, 100, 981.27
2026/08/07 13:09:40.111, 1, 69572, 100, 999.85
2026/08/07 13:09:40.111, 2, 69572, 100, 972.54
2026/08/07 13:09:40.111, 3, 69562, 100, 988.10
2026/08/07 13:09:40.111, 4, 0, 0, 134.09
2026/08/07 13:09:40.111, 5, 0, 0, 133.48
2026/08/07 13:09:40.111, 6, 0, 0, 132.27
2026/08/07 13:09:40.111, 7, 0, 0, 134.33
2026/08/07 13:09:40.611, 0, 69568, 99, 981.35
2026/08/07 13:09:40.611, 1, 69572, 100, 998.68
2026/08/07 13:09:40.611, 2, 69572, 100, 973.97
2026/08/07 13:09:40.611, 3, 69562, 100, 984.12
2026/08/07 13:09:40.611, 4, 0, 0, 134.08
2026/08/07 13:09:40.611, 5, 0, 0, 133.45
2026/08/07 13:09:40.611, 6, 0, 0, 132.26
2026/08/07 13:09:40.611, 7, 0, 0, 134.33
2026/08/07 13:09:41.111, 0, 69568, 100, 981.92
2026/08/07 13:09:41.111, 1, 69572, 100, 1002.42
2026/08/07 13:09:41.111, 2, 69572, 100, 974.65
2026/08/07 13:09:41.111, 3, 69562, 100, 986.49
2026/08/07 13:09:41.111, 4, 0, 0, 134.01
2026/08/07 13:09:41.111, 5, 0, 0, 133.39
2026/08/07 13:09:41.111, 6, 0, 0, 132.26
2026/08/07 13:09:41.111, 7, 0, 0, 134.33
2026/08/07 13:09:41.611, 0, 69568, 100, 981.62
2026/08/07 13:09:41.612, 1, 69572, 99, 1002.99
2026/08/07 13:09:41.612, 2, 69572, 98, 972.89
2026/08/07 13:09:41.612, 3, 69562, 99, 987.66
2026/08/07 13:09:41.612, 4, 0, 0, 134.04
2026/08/07 13:09:41.612, 5, 0, 0, 133.71
2026/08/07 13:09:41.612, 6, 0, 0, 132.26
2026/08/07 13:09:41.612, 7, 0, 0, 134.45
2026/08/07 13:09:42.112, 0, 69568, 100, 982.67
2026/08/07 13:09:42.112, 1, 69572, 100, 1001.33
2026/08/07 13:09:42.112, 2, 69572, 100, 969.65
2026/08/07 13:09:42.113, 3, 69562, 100, 985.69
2026/08/07 13:09:42.113, 4, 0, 0, 133.88
2026/08/07 13:09:42.113, 5, 0, 0, 133.78
2026/08/07 13:09:42.113, 6, 0, 0, 132.26
2026/08/07 13:09:42.113, 7, 0, 0, 134.45
2026/08/07 13:09:42.613, 0, 69568, 100, 981.84
2026/08/07 13:09:42.613, 1, 69572, 100, 1001.39
2026/08/07 13:09:42.613, 2, 69572, 100, 969.22
2026/08/07 13:09:42.613, 3, 69562, 100, 987.15
2026/08/07 13:09:42.613, 4, 0, 0, 133.85
2026/08/07 13:09:42.613, 5, 0, 0, 133.52
2026/08/07 13:09:42.613, 6, 0, 0, 132.26
2026/08/07 13:09:42.613, 7, 0, 0, 134.32
2026/08/07 13:09:43.113, 0, 69568, 100, 979.41
2026/08/07 13:09:43.113, 1, 69572, 100, 1006.55
2026/08/07 13:09:43.113, 2, 69572, 100, 970.70
2026/08/07 13:09:43.113, 3, 69562, 100, 987.49
2026/08/07 13:09:43.113, 4, 0, 0, 133.89
2026/08/07 13:09:43.113, 5, 0, 0, 133.48
2026/08/07 13:09:43.113, 6, 0, 0, 132.26
2026/08/07 13:09:43.113, 7, 0, 0, 134.32
2026/08/07 13:09:43.613, 0, 69568, 100, 983.93
2026/08/07 13:09:43.613, 1, 69572, 100, 1014.04
2026/08/07 13:09:43.613, 2, 69572, 100, 976.06
2026/08/07 13:09:43.613, 3, 69562, 100, 995.63
2026/08/07 13:09:43.613, 4, 0, 0, 134.04
2026/08/07 13:09:43.613, 5, 0, 0, 133.43
2026/08/07 13:09:43.613, 6, 0, 0, 132.37
2026/08/07 13:09:43.613, 7, 0, 0, 134.32
2026/08/07 13:09:44.114, 0, 69568, 100, 980.87
2026/08/07 13:09:44.114, 1, 69572, 100, 1006.81
2026/08/07 13:09:44.114, 2, 69572, 100, 974.72
2026/08/07 13:09:44.114, 3, 69562, 100, 993.43
2026/08/07 13:09:44.114, 4, 0, 0, 134.00
2026/08/07 13:09:44.114, 5, 0, 0, 133.39
2026/08/07 13:09:44.114, 6, 0, 0, 132.37
2026/08/07 13:09:44.114, 7, 0, 0, 134.32
2026/08/07 13:09:44.614, 0, 69568, 100, 981.01
2026/08/07 13:09:44.614, 1, 69572, 100, 1003.03
2026/08/07 13:09:44.614, 2, 69572, 100, 972.57
2026/08/07 13:09:44.614, 3, 69562, 100, 987.90
2026/08/07 13:09:44.614, 4, 0, 0, 133.66
2026/08/07 13:09:44.614, 5, 0, 0, 133.25
2026/08/07 13:09:44.614, 6, 0, 0, 132.25
2026/08/07 13:09:44.614, 7, 0, 0, 134.33
2026/08/07 13:09:45.115, 0, 69568, 100, 981.30
2026/08/07 13:09:45.115, 1, 69572, 100, 998.18
2026/08/07 13:09:45.115, 2, 69572, 100, 969.33
2026/08/07 13:09:45.115, 3, 69562, 100, 987.27
2026/08/07 13:09:45.115, 4, 0, 0, 133.79
2026/08/07 13:09:45.115, 5, 0, 0, 132.96
2026/08/07 13:09:45.115, 6, 0, 0, 132.26
2026/08/07 13:09:45.115, 7, 0, 0, 134.33
2026/08/07 13:09:45.615, 0, 69568, 100, 981.47
2026/08/07 13:09:45.615, 1, 69572, 100, 1002.42
2026/08/07 13:09:45.615, 2, 69572, 100, 974.00
2026/08/07 13:09:45.615, 3, 69562, 100, 989.69
2026/08/07 13:09:45.615, 4, 0, 0, 133.83
2026/08/07 13:09:45.615, 5, 0, 0, 132.96
2026/08/07 13:09:45.615, 6, 0, 0, 132.27
2026/08/07 13:09:45.615, 7, 0, 0, 134.32
2026/08/07 13:09:46.116, 0, 69568, 100, 979.34
2026/08/07 13:09:46.116, 1, 69572, 100, 1004.21
2026/08/07 13:09:46.116, 2, 69572, 98, 972.79
2026/08/07 13:09:46.116, 3, 69562, 99, 989.11
2026/08/07 13:09:46.116, 4, 0, 0, 133.76
2026/08/07 13:09:46.116, 5, 0, 0, 133.12
2026/08/07 13:09:46.116, 6, 0, 0, 132.27
2026/08/07 13:09:46.116, 7, 0, 0, 134.32
2026/08/07 13:09:46.616, 0, 69568, 100, 980.09
2026/08/07 13:09:46.616, 1, 69572, 100, 1005.02
2026/08/07 13:09:46.616, 2, 69572, 100, 970.38
2026/08/07 13:09:46.616, 3, 69562, 100, 990.77
2026/08/07 13:09:46.616, 4, 0, 0, 133.81
2026/08/07 13:09:46.616, 5, 0, 0, 133.20
2026/08/07 13:09:46.616, 6, 0, 0, 132.27
2026/08/07 13:09:46.616, 7, 0, 0, 134.40
2026/08/07 13:09:47.116, 0, 69568, 98, 977.99
2026/08/07 13:09:47.116, 1, 69572, 100, 1001.84
2026/08/07 13:09:47.116, 2, 69572, 100, 970.41
2026/08/07 13:09:47.116, 3, 69562, 100, 988.46
2026/08/07 13:09:47.116, 4, 0, 0, 133.69
2026/08/07 13:09:47.116, 5, 0, 0, 133.06
2026/08/07 13:09:47.116, 6, 0, 0, 132.27
2026/08/07 13:09:47.116, 7, 0, 0, 134.41
2026/08/07 13:09:47.617, 0, 69568, 100, 977.73
2026/08/07 13:09:47.617, 1, 69572, 100, 998.91
2026/08/07 13:09:47.617, 2, 69572, 100, 969.70
2026/08/07 13:09:47.617, 3, 69562, 100, 988.83
2026/08/07 13:09:47.617, 4, 0, 0, 133.49
2026/08/07 13:09:47.617, 5, 0, 0, 132.80
2026/08/07 13:09:47.617, 6, 0, 0, 132.27
2026/08/07 13:09:47.617, 7, 0, 0, 134.29
2026/08/07 13:09:48.117, 0, 69568, 100, 979.76
2026/08/07 13:09:48.117, 1, 69572, 99, 999.79
2026/08/07 13:09:48.117, 2, 69572, 100, 973.47
2026/08/07 13:09:48.117, 3, 69562, 100, 989.99
2026/08/07 13:09:48.117, 4, 0, 0, 133.29
2026/08/07 13:09:48.117, 5, 0, 0, 132.73
2026/08/07 13:09:48.117, 6, 0, 0, 132.28
2026/08/07 13:09:48.117, 7, 0, 0, 134.24
2026/08/07 13:09:48.617, 0, 69568, 100, 976.46
2026/08/07 13:09:48.617, 1, 69572, 100, 997.50
2026/08/07 13:09:48.617, 2, 69572, 100, 968.54
2026/08/07 13:09:48.617, 3, 69562, 100, 988.45
2026/08/07 13:09:48.617, 4, 0, 0, 133.49
2026/08/07 13:09:48.617, 5, 0, 0, 132.61
2026/08/07 13:09:48.617, 6, 0, 0, 132.35
2026/08/07 13:09:48.617, 7, 0, 0, 134.29
2026/08/07 13:09:49.117, 0, 69568, 100, 980.10
2026/08/07 13:09:49.118, 1, 69572, 100, 1001.48
2026/08/07 13:09:49.119, 2, 69572, 100, 969.47
2026/08/07 13:09:49.120, 3, 69562, 100, 991.96
2026/08/07 13:09:49.122, 4, 0, 0, 133.65
2026/08/07 13:09:49.123, 5, 0, 0, 132.64
2026/08/07 13:09:49.124, 6, 0, 0, 132.34
2026/08/07 13:09:49.126, 7, 0, 0, 134.33
2026/08/07 13:09:49.626, 0, 69568, 100, 977.35
2026/08/07 13:09:49.626, 1, 69572, 100, 1001.15
2026/08/07 13:09:49.626, 2, 69572, 100, 969.30
2026/08/07 13:09:49.626, 3, 69562, 100, 988.36
2026/08/07 13:09:49.626, 4, 0, 0, 133.56
2026/08/07 13:09:49.626, 5, 0, 0, 132.72
2026/08/07 13:09:49.626, 6, 0, 0, 132.27
2026/08/07 13:09:49.626, 7, 0, 0, 134.34
2026/08/07 13:09:50.126, 0, 69568, 100, 979.80
2026/08/07 13:09:50.126, 1, 69572, 100, 1002.75
2026/08/07 13:09:50.126, 2, 69572, 100, 970.84
2026/08/07 13:09:50.126, 3, 69562, 100, 989.30
2026/08/07 13:09:50.126, 4, 0, 0, 133.41
2026/08/07 13:09:50.126, 5, 0, 0, 132.57
2026/08/07 13:09:50.126, 6, 0, 0, 132.27
2026/08/07 13:09:50.126, 7, 0, 0, 134.33
2026/08/07 13:09:50.626, 0, 69568, 100, 975.71
2026/08/07 13:09:50.626, 1, 69572, 100, 1000.43
2026/08/07 13:09:50.627, 2, 69572, 100, 969.24
2026/08/07 13:09:50.628, 3, 69562, 100, 987.12
2026/08/07 13:09:50.630, 4, 0, 0, 133.35
2026/08/07 13:09:50.630, 5, 0, 0, 132.46
2026/08/07 13:09:50.632, 6, 0, 0, 132.27
2026/08/07 13:09:50.632, 7, 0, 0, 134.29
2026/08/07 13:09:51.133, 0, 69568, 100, 976.94
2026/08/07 13:09:51.133, 1, 69572, 100, 999.65
2026/08/07 13:09:51.133, 2, 69572, 100, 969.30
2026/08/07 13:09:51.133, 3, 69562, 100, 987.08
2026/08/07 13:09:51.133, 4, 0, 0, 133.17
2026/08/07 13:09:51.133, 5, 0, 0, 132.46
2026/08/07 13:09:51.133, 6, 0, 0, 132.26
2026/08/07 13:09:51.133, 7, 0, 0, 134.29
2026/08/07 13:09:51.633, 0, 69568, 98, 977.51
2026/08/07 13:09:51.633, 1, 69572, 100, 998.72
2026/08/07 13:09:51.634, 2, 69572, 100, 969.22
2026/08/07 13:09:51.636, 3, 69562, 100, 986.51
2026/08/07 13:09:51.637, 4, 0, 0, 133.06
2026/08/07 13:09:51.638, 5, 0, 0, 132.72
2026/08/07 13:09:51.640, 6, 0, 0, 132.26
2026/08/07 13:09:51.641, 7, 0, 0, 134.40
2026/08/07 13:09:52.142, 0, 69568, 100, 981.27
2026/08/07 13:09:52.142, 1, 69572, 100, 1003.14
2026/08/07 13:09:52.142, 2, 69572, 100, 974.52
2026/08/07 13:09:52.142, 3, 69562, 100, 991.33
2026/08/07 13:09:52.142, 4, 0, 0, 133.16
2026/08/07 13:09:52.142, 5, 0, 0, 132.68
2026/08/07 13:09:52.142, 6, 0, 0, 132.26
2026/08/07 13:09:52.142, 7, 0, 0, 134.21
2026/08/07 13:09:52.642, 0, 69568, 100, 978.45
2026/08/07 13:09:52.642, 1, 69572, 99, 1004.75
2026/08/07 13:09:52.642, 2, 69572, 98, 974.48
2026/08/07 13:09:52.642, 3, 69562, 98, 990.84
2026/08/07 13:09:52.642, 4, 0, 0, 133.19
2026/08/07 13:09:52.642, 5, 0, 0, 132.57
2026/08/07 13:09:52.642, 6, 0, 0, 132.26
2026/08/07 13:09:52.642, 7, 0, 0, 134.10
2026/08/07 13:09:53.142, 0, 69568, 100, 976.18
2026/08/07 13:09:53.142, 1, 69572, 100, 1001.59
2026/08/07 13:09:53.142, 2, 69572, 100, 970.74
2026/08/07 13:09:53.142, 3, 69562, 100, 987.01
2026/08/07 13:09:53.142, 4, 0, 0, 133.27
2026/08/07 13:09:53.142, 5, 0, 0, 132.54
2026/08/07 13:09:53.142, 6, 0, 0, 132.26
2026/08/07 13:09:53.142, 7, 0, 0, 134.25
2026/08/07 13:09:53.643, 0, 69568, 100, 976.13
2026/08/07 13:09:53.643, 1, 69572, 100, 999.51
2026/08/07 13:09:53.643, 2, 69572, 100, 969.11
2026/08/07 13:09:53.643, 3, 69562, 100, 987.72
2026/08/07 13:09:53.643, 4, 0, 0, 133.40
2026/08/07 13:09:53.643, 5, 0, 0, 132.49
2026/08/07 13:09:53.643, 6, 0, 0, 132.35
2026/08/07 13:09:53.643, 7, 0, 0, 134.25
2026/08/07 13:09:54.143, 0, 69568, 100, 973.70
2026/08/07 13:09:54.143, 1, 69572, 100, 998.00
2026/08/07 13:09:54.143, 2, 69572, 100, 969.37
2026/08/07 13:09:54.143, 3, 69562, 100, 986.01
2026/08/07 13:09:54.143, 4, 0, 0, 133.43
2026/08/07 13:09:54.143, 5, 0, 0, 132.49
2026/08/07 13:09:54.143, 6, 0, 0, 132.35
2026/08/07 13:09:54.143, 7, 0, 0, 134.17
2026/08/07 13:09:54.643, 0, 69568, 100, 975.58
2026/08/07 13:09:54.643, 1, 69572, 100, 1001.35
2026/08/07 13:09:54.643, 2, 69572, 100, 972.45
2026/08/07 13:09:54.643, 3, 69562, 100, 988.77
2026/08/07 13:09:54.643, 4, 0, 0, 132.99
2026/08/07 13:09:54.643, 5, 0, 0, 132.34
2026/08/07 13:09:54.643, 6, 0, 0, 132.26
2026/08/07 13:09:54.643, 7, 0, 0, 134.18
2026/08/07 13:09:55.143, 0, 69568, 100, 970.92
2026/08/07 13:09:55.143, 1, 69572, 100, 995.37
2026/08/07 13:09:55.143, 2, 69572, 100, 967.07
2026/08/07 13:09:55.143, 3, 69562, 100, 987.79
2026/08/07 13:09:55.143, 4, 0, 0, 132.84
2026/08/07 13:09:55.143, 5, 0, 0, 132.30
2026/08/07 13:09:55.143, 6, 0, 0, 132.26
2026/08/07 13:09:55.143, 7, 0, 0, 134.26
2026/08/07 13:09:55.643, 0, 69568, 100, 972.24
2026/08/07 13:09:55.643, 1, 69572, 100, 997.11
2026/08/07 13:09:55.643, 2, 69572, 100, 965.46
2026/08/07 13:09:55.643, 3, 69562, 100, 988.20
2026/08/07 13:09:55.643, 4, 0, 0, 132.96
2026/08/07 13:09:55.643, 5, 0, 0, 132.38
2026/08/07 13:09:55.643, 6, 0, 0, 132.26
2026/08/07 13:09:55.643, 7, 0, 0, 134.14
2026/08/07 13:09:56.144, 0, 69568, 100, 973.80
2026/08/07 13:09:56.144, 1, 69572, 100, 995.13
2026/08/07 13:09:56.144, 2, 69572, 100, 964.52
2026/08/07 13:09:56.144, 3, 69562, 100, 983.00
2026/08/07 13:09:56.144, 4, 0, 0, 132.80
2026/08/07 13:09:56.144, 5, 0, 0, 132.42
2026/08/07 13:09:56.144, 6, 0, 0, 132.27
2026/08/07 13:09:56.144, 7, 0, 0, 134.07
2026/08/07 13:09:56.644, 0, 69568, 100, 974.08
2026/08/07 13:09:56.644, 1, 69572, 100, 995.64
2026/08/07 13:09:56.644, 2, 69572, 100, 966.40
2026/08/07 13:09:56.644, 3, 69562, 100, 982.75
2026/08/07 13:09:56.644, 4, 0, 0, 132.75
2026/08/07 13:09:56.644, 5, 0, 0, 132.46
2026/08/07 13:09:56.644, 6, 0, 0, 132.27
2026/08/07 13:09:56.644, 7, 0, 0, 134.26
2026/08/07 13:09:57.144, 0, 69568, 100, 976.84
2026/08/07 13:09:57.144, 1, 69572, 100, 1000.53
2026/08/07 13:09:57.144, 2, 69572, 100, 968.79
2026/08/07 13:09:57.144, 3, 69562, 99, 981.22
2026/08/07 13:09:57.144, 4, 0, 0, 132.76
2026/08/07 13:09:57.144, 5, 0, 0, 132.50
2026/08/07 13:09:57.144, 6, 0, 0, 132.22
2026/08/07 13:09:57.144, 7, 0, 0, 134.26
2026/08/07 13:09:57.644, 0, 69568, 100, 979.66
2026/08/07 13:09:57.644, 1, 69572, 100, 1006.44
2026/08/07 13:09:57.644, 2, 69572, 100, 973.18
2026/08/07 13:09:57.644, 3, 69562, 100, 981.44
2026/08/07 13:09:57.644, 4, 0, 0, 132.94
2026/08/07 13:09:57.644, 5, 0, 0, 132.38
2026/08/07 13:09:57.644, 6, 0, 0, 132.21
2026/08/07 13:09:57.644, 7, 0, 0, 134.13
2026/08/07 13:09:58.144, 0, 69568, 99, 975.34
2026/08/07 13:09:58.144, 1, 69572, 100, 1002.48
2026/08/07 13:09:58.144, 2, 69572, 100, 968.32
2026/08/07 13:09:58.144, 3, 69562, 100, 985.39
2026/08/07 13:09:58.144, 4, 0, 0, 132.89
2026/08/07 13:09:58.145, 5, 0, 0, 132.30
2026/08/07 13:09:58.145, 6, 0, 0, 132.27
2026/08/07 13:09:58.145, 7, 0, 0, 134.21
2026/08/07 13:09:58.645, 0, 69568, 100, 972.30
2026/08/07 13:09:58.645, 1, 69572, 100, 997.04
2026/08/07 13:09:58.645, 2, 69572, 100, 965.39
2026/08/07 13:09:58.645, 3, 69562, 100, 986.59
2026/08/07 13:09:58.645, 4, 0, 0, 132.98
2026/08/07 13:09:58.645, 5, 0, 0, 132.30
2026/08/07 13:09:58.645, 6, 0, 0, 132.35
2026/08/07 13:09:58.645, 7, 0, 0, 134.22
2026/08/07 13:09:59.145, 0, 69568, 100, 975.05
2026/08/07 13:09:59.146, 1, 69572, 99, 994.35
2026/08/07 13:09:59.148, 2, 69572, 98, 961.15
2026/08/07 13:09:59.149, 3, 69562, 100, 981.82
2026/08/07 13:09:59.149, 4, 0, 0, 133.05
2026/08/07 13:09:59.150, 5, 0, 0, 132.30
2026/08/07 13:09:59.151, 6, 0, 0, 132.30
2026/08/07 13:09:59.151, 7, 0, 0, 134.18
2026/08/07 13:09:59.651, 0, 69568, 100, 972.91
2026/08/07 13:09:59.651, 1, 69572, 100, 994.87
2026/08/07 13:09:59.651, 2, 69572, 100, 962.03
2026/08/07 13:09:59.651, 3, 69562, 100, 980.47
2026/08/07 13:09:59.651, 4, 0, 0, 132.94
2026/08/07 13:09:59.651, 5, 0, 0, 132.34
2026/08/07 13:09:59.651, 6, 0, 0, 132.23
2026/08/07 13:09:59.651, 7, 0, 0, 134.21
2026/08/07 13:10:00.151, 0, 69568, 100, 975.33
2026/08/07 13:10:00.151, 1, 69572, 100, 1002.55
2026/08/07 13:10:00.151, 2, 69572, 100, 969.29
2026/08/07 13:10:00.151, 3, 69562, 100, 982.06
2026/08/07 13:10:00.152, 4, 0, 0, 132.91
2026/08/07 13:10:00.152, 5, 0, 0, 132.34
2026/08/07 13:10:00.152, 6, 0, 0, 132.27
2026/08/07 13:10:00.152, 7, 0, 0, 134.15
2026/08/07 13:10:00.652, 0, 69568, 100, 924.38
2026/08/07 13:10:00.652, 1, 69572, 100, 938.42
2026/08/07 13:10:00.652, 2, 69572, 100, 904.92
2026/08/07 13:10:00.652, 3, 69562, 100, 931.92
2026/08/07 13:10:00.652, 4, 0, 0, 132.71
2026/08/07 13:10:00.652, 5, 0, 0, 132.30
2026/08/07 13:10:00.652, 6, 0, 0, 132.28
2026/08/07 13:10:00.652, 7, 0, 0, 134.10
2026/08/07 13:10:01.152, 0, 69568, 100, 853.22
2026/08/07 13:10:01.152, 1, 69572, 100, 865.83
2026/08/07 13:10:01.152, 2, 69572, 100, 837.14
2026/08/07 13:10:01.152, 3, 69562, 100, 865.11
2026/08/07 13:10:01.152, 4, 0, 0, 132.68
2026/08/07 13:10:01.152, 5, 0, 0, 132.34
2026/08/07 13:10:01.152, 6, 0, 0, 132.28
2026/08/07 13:10:01.152, 7, 0, 0, 134.14
2026/08/07 13:10:01.652, 0, 69568, 99, 760.91
2026/08/07 13:10:01.652, 1, 71038, 60, 754.83
2026/08/07 13:10:01.652, 2, 71038, 34, 717.52
2026/08/07 13:10:01.652, 3, 71028, 70, 772.77
2026/08/07 13:10:01.652, 4, 0, 0, 132.71
2026/08/07 13:10:01.652, 5, 0, 0, 132.46
2026/08/07 13:10:01.652, 6, 0, 0, 132.26
2026/08/07 13:10:01.652, 7, 0, 0, 134.20
2026/08/07 13:10:02.152, 0, 69568, 0, 450.17
2026/08/07 13:10:02.152, 1, 71038, 0, 444.10
2026/08/07 13:10:02.152, 2, 71038, 0, 399.12
2026/08/07 13:10:02.152, 3, 71028, 0, 459.48
2026/08/07 13:10:02.152, 4, 0, 0, 132.81
2026/08/07 13:10:02.152, 5, 0, 0, 132.45
2026/08/07 13:10:02.152, 6, 0, 0, 132.23
2026/08/07 13:10:02.152, 7, 0, 0, 134.23
2026/08/07 13:10:02.653, 0, 69568, 0, 207.22
2026/08/07 13:10:02.653, 1, 71038, 0, 216.46
2026/08/07 13:10:02.653, 2, 71038, 0, 200.79
2026/08/07 13:10:02.653, 3, 71028, 0, 224.12
2026/08/07 13:10:02.653, 4, 0, 0, 132.85
2026/08/07 13:10:02.653, 5, 0, 0, 132.30
2026/08/07 13:10:02.653, 6, 0, 0, 132.23
2026/08/07 13:10:02.653, 7, 0, 0, 134.08
2026/08/07 13:10:03.153, 0, 69568, 0, 205.81
2026/08/07 13:10:03.153, 1, 71038, 0, 214.48
2026/08/07 13:10:03.153, 2, 71038, 0, 199.97
2026/08/07 13:10:03.153, 3, 71028, 0, 221.98
2026/08/07 13:10:03.153, 4, 0, 0, 132.75
2026/08/07 13:10:03.153, 5, 0, 0, 132.30
2026/08/07 13:10:03.153, 6, 0, 0, 132.23
2026/08/07 13:10:03.153, 7, 0, 0, 134.00
2026/08/07 13:10:03.653, 0, 69568, 0, 204.96
2026/08/07 13:10:03.653, 1, 71038, 0, 213.74
2026/08/07 13:10:03.653, 2, 71038, 0, 199.52
2026/08/07 13:10:03.653, 3, 71028, 0, 221.07
2026/08/07 13:10:03.653, 4, 0, 0, 132.83
2026/08/07 13:10:03.653, 5, 0, 0, 132.38
2026/08/07 13:10:03.653, 6, 0, 0, 132.30
2026/08/07 13:10:03.653, 7, 0, 0, 133.99
2026/08/07 13:10:04.153, 0, 69568, 0, 204.25
2026/08/07 13:10:04.153, 1, 71038, 0, 213.47
2026/08/07 13:10:04.153, 2, 71038, 0, 198.99
2026/08/07 13:10:04.153, 3, 71028, 0, 220.23
2026/08/07 13:10:04.153, 4, 0, 0, 132.76
2026/08/07 13:10:04.153, 5, 0, 0, 132.38
2026/08/07 13:10:04.153, 6, 0, 0, 132.27
2026/08/07 13:10:04.153, 7, 0, 0, 133.96
