2026-08-29T07:26:35.859Z,2, 630, 275040, 0, 192.53, 33;3, 630, 275040, 0, 198.06, 35
2026-08-29T07:26:36.957Z,2, 630, 275040, 0, 192.60, 33;3, 630, 275040, 0, 198.17, 35
2026-08-29T07:26:38.056Z,2, 630, 275040, 0, 192.57, 33;3, 630, 275040, 0, 198.14, 35
2026-08-29T07:26:39.166Z,2, 630, 275040, 0, 192.57, 33;3, 630, 275040, 0, 198.06, 35
2026-08-29T07:26:40.242Z,2, 630, 275040, 0, 192.56, 33;3, 630, 275040, 0, 198.21, 35
2026-08-29T07:26:41.350Z,2, 630, 275040, 0, 192.49, 33;3, 630, 275040, 0, 198.06, 35
2026-08-29T07:26:42.430Z,2, 630, 275040, 0, 192.57, 33;3, 630, 275040, 0, 198.18, 35
2026-08-29T07:26:43.564Z,2, 630, 275040, 0, 192.64, 33;3, 630, 275040, 0, 198.10, 35
2026-08-29T07:26:44.656Z,2, 630, 275040, 0, 192.49, 33;3, 630, 275040, 0, 198.14, 35
2026-08-29T07:26:45.748Z,2, 630, 275040, 0, 192.60, 33;3, 630, 275040, 0, 198.25, 35
2026-08-29T07:26:46.835Z,2, 630, 275040, 0, 192.49, 33;3, 630, 275040, 0, 198.10, 35
2026-08-29T07:26:47.941Z,2, 630, 275040, 0, 192.49, 33;3, 630, 275040, 0, 198.14, 35
2026-08-29T07:26:49.043Z,2, 630, 275040, 0, 192.64, 33;3, 630, 275040, 0, 198.14, 35
2026-08-29T07:26:50.140Z,2, 630, 275040, 0, 192.57, 33;3, 630, 275040, 0, 198.21, 35
2026-08-29T07:26:51.240Z,2, 630, 275040, 0, 192.56, 33;3, 630, 275040, 0, 198.10, 35
2026-08-29T07:26:52.389Z,2, 630, 275040, 0, 192.53, 33;3, 630, 275040, 0, 198.17, 35
2026-08-29T07:26:53.461Z,2, 630, 275040, 0, 192.68, 33;3, 630, 275040, 0, 198.06, 35
2026-08-29T07:26:54.558Z,2, 630, 275040, 0, 192.49, 33;3, 630, 275040, 0, 198.10, 35
2026-08-29T07:26:55.654Z,2, 630, 275040, 0, 192.57, 33;3, 630, 275040, 0, 198.21, 35
2026-08-29T07:26:56.732Z,2, 630, 275040, 0, 192.49, 33;3, 630, 275040, 0, 198.21, 35
2026-08-29T07:26:57.841Z,2, 630, 275040, 0, 192.60, 33;3, 630, 275040, 0, 198.22, 35
2026-08-29T07:26:58.935Z,2, 630, 275040, 0, 192.60, 33;3, 630, 275040, 0, 198.06, 35
2026-08-29T07:27:00.018Z,2, 1358, 275040, 0, 192.83, 33;3, 630, 275040, 0, 198.21, 35
2026-08-29T07:27:01.120Z,2, 64830, 275040, 0, 192.21, 33;3, 630, 275040, 0, 198.17, 35
2026-08-29T07:27:02.207Z,2, 113988, 275040, 0, 192.75, 33;3, 630, 275040, 0, 198.10, 35
2026-08-29T07:27:03.333Z,2, 113988, 275040, 0, 192.56, 33;3, 630, 275040, 0, 198.14, 35
2026-08-29T07:27:04.417Z,2, 113988, 275040, 0, 192.45, 33;3, 630, 275040, 0, 198.06, 35
2026-08-29T07:27:05.512Z,2, 113988, 275040, 0, 192.37, 33;3, 630, 275040, 0, 198.21, 35
2026-08-29T07:27:06.615Z,2, 113988, 275040, 0, 192.45, 33;3, 630, 275040, 0, 198.18, 35
2026-08-29T07:27:07.723Z,2, 113988, 275040, 0, 192.41, 33;3, 630, 275040, 0, 198.13, 35
2026-08-29T07:27:08.799Z,2, 113988, 275040, 0, 192.52, 33;3, 630, 275040, 0, 198.18, 35
2026-08-29T07:27:09.921Z,2, 113988, 275040, 0, 192.34, 33;3, 630, 275040, 0, 198.21, 35
2026-08-29T07:27:10.998Z,2, 113988, 275040, 0, 192.26, 33;3, 630, 275040, 0, 198.14, 35
2026-08-29T07:27:12.118Z,2, 113988, 275040, 0, 192.49, 33;3, 630, 275040, 0, 198.17, 35
2026-08-29T07:27:13.215Z,2, 113988, 275040, 0, 192.26, 33;3, 630, 275040, 0, 198.10, 35
2026-08-29T07:27:14.331Z,2, 113988, 275040, 0, 192.41, 33;3, 630, 275040, 0, 198.10, 35
2026-08-29T07:27:15.430Z,2, 113988, 275040, 0, 192.41, 33;3, 630, 275040, 0, 198.36, 35
2026-08-29T07:27:16.528Z,2, 113988, 275040, 0, 192.41, 33;3, 630, 275040, 0, 198.18, 35
2026-08-29T07:27:17.635Z,2, 113988, 275040, 0, 192.41, 33;3, 630, 275040, 0, 198.17, 35
2026-08-29T07:27:18.744Z,2, 113988, 275040, 0, 192.41, 33;3, 630, 275040, 0, 198.10, 35
2026-08-29T07:27:19.828Z,2, 113988, 275040, 0, 192.37, 33;3, 630, 275040, 0, 198.21, 35
2026-08-29T07:27:20.946Z,2, 113988, 275040, 0, 192.37, 33;3, 630, 275040, 0, 198.06, 35
2026-08-29T07:27:22.059Z,2, 113988, 275040, 0, 192.34, 33;3, 630, 275040, 0, 198.06, 35
2026-08-29T07:27:23.162Z,2, 113988, 275040, 0, 192.45, 33;3, 630, 275040, 0, 198.10, 35
2026-08-29T07:27:24.313Z,2, 113988, 275040, 0, 192.25, 33;3, 630, 275040, 0, 198.06, 35
2026-08-29T07:27:25.509Z,2, 113988, 275040, 0, 192.37, 33;3, 630, 275040, 0, 198.25, 35
2026-08-29T07:27:26.671Z,2, 113988, 275040, 0, 192.37, 33;3, 630, 275040, 0, 198.10, 35
2026-08-29T07:27:27.760Z,2, 116926, 275040, 5, 193.07, 33;3, 630, 275040, 0, 198.21, 35
2026-08-29T07:27:28.937Z,2, 120624, 275040, 7, 193.50, 33;3, 630, 275040, 0, 198.14, 35
2026-08-29T07:27:30.110Z,2, 123906, 275040, 6, 192.88, 33;3, 630, 275040, 0, 198.17, 35
2026-08-29T07:27:31.224Z,2, 124020, 275040, 0, 192.41, 33;3, 630, 275040, 0, 198.13, 35
2026-08-29T07:27:32.372Z,2, 124020, 275040, 0, 192.49, 33;3, 630, 275040, 0, 198.10, 35
2026-08-29T07:27:33.567Z,2, 124020, 275040, 0, 192.43, 33;3, 630, 275040, 0, 198.10, 35
2026-08-29T07:27:34.758Z,2, 124020, 275040, 0, 192.45, 33;3, 630, 275040, 0, 198.14, 35
2026-08-29T07:27:35.924Z,2, 124020, 275040, 0, 192.49, 33;3, 630, 275040, 0, 198.06, 35
2026-08-29T07:27:37.082Z,2, 124020, 275040, 0, 192.49, 33;3, 630, 275040, 0, 198.10, 35
2026-08-29T07:27:38.316Z,2, 124020, 275040, 0, 192.59, 33;3, 630, 275040, 0, 198.06, 35
2026-08-29T07:27:39.445Z,2, 124036, 275040, 1, 192.30, 33;3, 630, 275040, 0, 198.06, 35
2026-08-29T07:27:40.655Z,2, 124048, 275040, 16, 193.15, 33;3, 630, 275040, 0, 198.25, 35
2026-08-29T07:27:41.743Z,2, 124048, 275040, 24, 193.78, 33;3, 630, 275040, 0, 198.06, 35
2026-08-29T07:27:42.864Z,2, 124048, 275040, 8, 193.81, 33;3, 630, 275040, 0, 198.14, 35
2026-08-29T07:27:43.998Z,2, 124048, 275040, 3, 193.59, 33;3, 630, 275040, 0, 198.10, 35
2026-08-29T07:27:45.082Z,2, 124048, 275040, 5, 193.44, 33;3, 630, 275040, 0, 198.21, 35
2026-08-29T07:27:46.166Z,2, 124048, 275040, 10, 193.55, 33;3, 630, 275040, 0, 198.06, 35
2026-08-29T07:27:47.265Z,2, 124048, 275040, 5, 193.26, 33;3, 630, 275040, 0, 198.10, 35
2026-08-29T07:27:48.344Z,2, 124048, 275040, 13, 193.89, 33;3, 630, 275040, 0, 198.06, 35
2026-08-29T07:27:49.510Z,2, 124048, 275040, 10, 193.61, 33;3, 630, 275040, 0, 198.25, 35
2026-08-29T07:27:51.179Z,2, 124048, 275040, 6, 193.79, 33;3, 630, 275040, 0, 198.36, 35
2026-08-29T07:27:52.330Z,2, 124048, 275040, 26, 194.31, 33;3, 630, 275040, 0, 198.10, 35
2026-08-29T07:27:53.410Z,2, 124048, 275040, 11, 195.19, 33;3, 630, 275040, 0, 198.10, 35
2026-08-29T07:27:54.485Z,2, 124048, 275040, 26, 195.50, 33;3, 630, 275040, 0, 198.06, 35
2026-08-29T07:27:55.576Z,2, 124048, 275040, 21, 195.33, 33;3, 630, 275040, 0, 198.14, 35
2026-08-29T07:27:56.650Z,2, 124048, 275040, 8, 194.66, 33;3, 630, 275040, 0, 198.14, 35
2026-08-29T07:27:57.785Z,2, 120240, 275040, 0, 192.56, 33;3, 630, 275040, 0, 198.06, 35
2026-08-29T07:27:58.878Z,2, 120308, 275040, 0, 192.06, 33;3, 630, 275040, 0, 198.06, 35
2026-08-29T07:27:59.965Z,2, 120308, 275040, 0, 192.10, 33;3, 630, 275040, 0, 198.21, 35
2026-08-29T07:28:01.047Z,2, 120308, 275040, 0, 191.57, 33;3, 630, 275040, 0, 198.06, 35
2026-08-29T07:28:02.121Z,2, 120308, 275040, 0, 191.48, 33;3, 630, 275040, 0, 198.10, 35
2026-08-29T07:28:03.206Z,2, 120308, 275040, 0, 191.90, 33;3, 630, 275040, 0, 198.14, 35
2026-08-29T07:28:04.281Z,2, 120308, 275040, 0, 191.59, 33;3, 630, 275040, 0, 198.10, 35
2026-08-29T07:28:05.385Z,2, 120308, 275040, 0, 192.18, 33;3, 630, 275040, 0, 198.29, 35
2026-08-29T07:28:06.476Z,2, 120308, 275040, 0, 191.84, 33;3, 630, 275040, 0, 198.10, 35
2026-08-29T07:28:07.554Z,2, 120308, 275040, 0, 191.83, 33;3, 630, 275040, 0, 198.06, 35
2026-08-29T07:28:08.662Z,2, 120308, 275040, 0, 192.02, 33;3, 630, 275040, 0, 198.10, 35
2026-08-29T07:28:09.738Z,2, 120308, 275040, 0, 191.50, 33;3, 630, 275040, 0, 198.06, 35
2026-08-29T07:28:10.848Z,2, 120308, 275040, 0, 191.83, 33;3, 630, 275040, 0, 198.10, 35
2026-08-29T07:28:11.944Z,2, 120308, 275040, 0, 191.55, 33;3, 630, 275040, 0, 198.06, 35
2026-08-29T07:28:13.053Z,2, 120308, 275040, 0, 191.73, 33;3, 630, 275040, 0, 198.18, 35
2026-08-29T07:28:14.198Z,2, 120308, 275040, 0, 191.92, 33;3, 654, 275040, 0, 198.41, 35
2026-08-29T07:28:15.360Z,2, 120308, 275040, 0, 191.65, 33;3, 1356, 275040, 0, 197.94, 35
2026-08-29T07:28:16.476Z,2, 120308, 275040, 0, 191.76, 33;3, 1356, 275040, 0, 197.98, 35
2026-08-29T07:28:17.582Z,2, 120308, 275040, 0, 191.59, 33;3, 1358, 275040, 0, 198.14, 35
2026-08-29T07:28:18.772Z,2, 120308, 275040, 0, 191.98, 33;3, 1412, 275040, 0, 198.25, 35
2026-08-29T07:28:19.899Z,2, 120308, 275040, 0, 191.84, 33;3, 45028, 275040, 12, 199.57, 35
2026-08-29T07:28:20.996Z,2, 120308, 275040, 0, 191.63, 33;3, 53358, 275040, 9, 199.81, 35
2026-08-29T07:28:22.103Z,2, 120308, 275040, 0, 191.79, 33;3, 59952, 275040, 16, 199.70, 35
2026-08-29T07:28:23.184Z,2, 120308, 275040, 0, 191.86, 33;3, 67098, 275040, 10, 199.65, 35
2026-08-29T07:28:24.285Z,2, 120308, 275040, 0, 191.75, 33;3, 71268, 275040, 0, 199.07, 35
2026-08-29T07:28:25.370Z,2, 120308, 275040, 0, 191.79, 33;3, 71268, 275040, 0, 198.10, 35
2026-08-29T07:28:26.472Z,2, 120308, 275040, 0, 191.79, 33;3, 71290, 275040, 0, 197.98, 35
2026-08-29T07:28:27.556Z,2, 120308, 275040, 0, 191.92, 33;3, 71300, 275040, 21, 199.12, 35
2026-08-29T07:28:28.666Z,2, 120308, 275040, 0, 191.71, 33;3, 71300, 275040, 19, 199.85, 35
2026-08-29T07:28:29.748Z,2, 120308, 275040, 0, 191.67, 33;3, 71300, 275040, 21, 199.77, 35
2026-08-29T07:28:30.903Z,2, 120308, 275040, 0, 191.76, 33;3, 71300, 275040, 22, 199.89, 35
2026-08-29T07:28:31.982Z,2, 120308, 275040, 0, 191.53, 33;3, 71350, 275040, 0, 199.42, 35
2026-08-29T07:28:33.085Z,2, 120308, 275040, 0, 191.83, 33;3, 76620, 275040, 18, 199.51, 35
2026-08-29T07:28:34.173Z,2, 120308, 275040, 0, 191.79, 33;3, 79144, 275040, 0, 198.45, 35
2026-08-29T07:28:35.270Z,2, 120308, 275040, 0, 191.76, 33;3, 79144, 275040, 0, 198.21, 35
2026-08-29T07:28:36.388Z,2, 120308, 275040, 0, 191.76, 33;3, 84046, 275040, 0, 310.86, 37
2026-08-29T07:28:37.553Z,2, 120308, 275040, 0, 191.61, 33;3, 84052, 275040, 0, 198.78, 35
2026-08-29T07:28:38.656Z,2, 120308, 275040, 0, 191.92, 33;3, 84072, 275040, 0, 225.82, 36
2026-08-29T07:28:39.779Z,2, 120308, 275040, 0, 191.75, 33;3, 84072, 275040, 0, 198.86, 35
2026-08-29T07:28:40.883Z,2, 120308, 275040, 0, 191.48, 33;3, 84072, 275040, 0, 198.29, 35
2026-08-29T07:28:42.001Z,2, 120308, 275040, 0, 191.60, 33;3, 84072, 275040, 0, 203.30, 35
2026-08-29T07:28:43.102Z,2, 120308, 275040, 0, 191.57, 33;3, 85206, 275040, 0, 211.16, 35
2026-08-29T07:28:44.204Z,2, 120308, 275040, 0, 191.73, 33;3, 85206, 275040, 0, 198.21, 35
2026-08-29T07:28:45.330Z,2, 120308, 275040, 0, 191.63, 33;3, 85206, 275040, 0, 299.52, 36
2026-08-29T07:28:46.439Z,2, 120308, 275040, 0, 191.67, 33;3, 85206, 275040, 0, 198.06, 35
2026-08-29T07:28:47.563Z,2, 120308, 275040, 0, 191.75, 33;3, 85206, 275040, 0, 198.06, 35
2026-08-29T07:28:48.687Z,2, 120308, 275040, 0, 191.50, 33;3, 85206, 275040, 0, 198.06, 35
2026-08-29T07:28:49.793Z,2, 120308, 275040, 0, 191.69, 33;3, 85206, 275040, 0, 198.14, 35
2026-08-29T07:28:50.921Z,2, 120308, 275040, 0, 191.63, 33;3, 85206, 275040, 0, 198.02, 35
2026-08-29T07:28:52.029Z,2, 120308, 275040, 0, 191.53, 33;3, 85208, 275040, 0, 198.06, 35
2026-08-29T07:28:53.174Z,2, 120308, 275040, 0, 191.87, 33;3, 85208, 275040, 0, 328.96, 36
2026-08-29T07:28:54.303Z,2, 120308, 275040, 0, 191.67, 33;3, 85208, 275040, 49, 411.06, 40
2026-08-29T07:28:55.394Z,2, 120308, 275040, 0, 191.67, 33;3, 85210, 275040, 98, 846.48, 51
2026-08-29T07:28:56.503Z,2, 120308, 275040, 0, 191.52, 33;3, 85210, 275040, 84, 982.14, 43
2026-08-29T07:28:57.620Z,2, 120308, 275040, 0, 191.36, 33;3, 85212, 275040, 0, 229.26, 37
2026-08-29T07:28:58.736Z,2, 120310, 275040, 0, 191.90, 33;3, 85212, 275040, 0, 200.00, 37
2026-08-29T07:29:00.045Z,2, 120310, 275040, 0, 191.84, 33;3, 85212, 275040, 0, 199.89, 36
2026-08-29T07:29:01.202Z,2, 120310, 275040, 0, 191.98, 33;3, 85212, 275040, 0, 199.81, 36
2026-08-29T07:29:02.387Z,2, 120312, 275040, 0, 191.87, 33;3, 85212, 275040, 0, 199.65, 36
2026-08-29T07:29:03.482Z,2, 120312, 275040, 0, 192.07, 33;3, 85212, 275040, 0, 199.46, 36
2026-08-29T07:29:04.646Z,2, 121252, 275040, 3, 192.53, 33;3, 85212, 275040, 0, 199.39, 36
2026-08-29T07:29:05.736Z,2, 121252, 275040, 1, 192.49, 33;3, 85212, 275040, 0, 199.50, 36
2026-08-29T07:29:06.892Z,2, 121252, 275040, 0, 192.41, 33;3, 85212, 275040, 0, 199.51, 36
2026-08-29T07:29:07.992Z,2, 121252, 275040, 0, 192.33, 33;3, 85212, 275040, 0, 198.99, 36
2026-08-29T07:29:09.065Z,2, 121252, 275040, 0, 192.41, 33;3, 85212, 275040, 0, 198.84, 36
2026-08-29T07:29:10.156Z,2, 121316, 275040, 0, 192.37, 33;3, 85212, 275040, 0, 199.16, 36
2026-08-29T07:29:11.244Z,2, 121452, 275040, 0, 192.37, 33;3, 85212, 275040, 0, 198.64, 36
2026-08-29T07:29:12.393Z,2, 121498, 275040, 0, 195.56, 33;3, 85212, 275040, 0, 198.82, 36
2026-08-29T07:29:13.537Z,2, 121498, 275040, 0, 192.72, 33;3, 85212, 275040, 0, 198.64, 36
2026-08-29T07:29:14.597Z,2, 121498, 275040, 0, 192.49, 33;3, 85212, 275040, 0, 198.55, 36
2026-08-29T07:29:15.691Z,2, 121498, 275040, 0, 192.49, 33;3, 85212, 275040, 0, 198.79, 36
2026-08-29T07:29:16.753Z,2, 121498, 275040, 0, 192.53, 33;3, 85212, 275040, 0, 198.63, 36
2026-08-29T07:29:17.819Z,2, 121668, 275040, 0, 231.10, 33;3, 85212, 275040, 0, 198.59, 35
2026-08-29T07:29:18.887Z,2, 122040, 275040, 0, 194.20, 33;3, 85212, 275040, 0, 198.29, 35
2026-08-29T07:29:19.948Z,2, 122040, 275040, 0, 192.15, 33;3, 85212, 275040, 0, 198.56, 35
2026-08-29T07:29:21.008Z,2, 122040, 275040, 0, 192.33, 33;3, 85212, 275040, 0, 198.49, 35
2026-08-29T07:29:22.078Z,2, 122050, 275040, 48, 222.68, 34;3, 85212, 275040, 0, 198.40, 35
2026-08-29T07:29:23.165Z,2, 122402, 275040, 0, 193.25, 33;3, 85212, 275040, 0, 198.32, 35
2026-08-29T07:29:24.240Z,2, 126298, 275040, 20, 308.05, 46;3, 85212, 275040, 0, 198.21, 35
2026-08-29T07:29:25.306Z,2, 126298, 275040, 17, 1015.99, 41;3, 85212, 275040, 0, 198.41, 35
2026-08-29T07:29:26.385Z,2, 126298, 275040, 100, 617.99, 50;3, 85212, 275040, 0, 198.29, 35
2026-08-29T07:29:27.456Z,2, 126298, 275040, 100, 1083.94, 52;3, 85212, 275040, 0, 198.29, 36
2026-08-29T07:29:28.521Z,2, 126298, 275040, 100, 1088.82, 53;3, 85212, 275040, 0, 198.55, 36
2026-08-29T07:29:29.619Z,2, 126310, 275040, 0, 716.22, 38;3, 85212, 275040, 0, 198.59, 36
2026-08-29T07:29:30.679Z,2, 126310, 275040, 0, 194.43, 36;3, 85212, 275040, 0, 198.60, 36
2026-08-29T07:29:31.757Z,2, 126310, 275040, 0, 193.97, 36;3, 85212, 275040, 0, 198.99, 36
2026-08-29T07:29:32.819Z,2, 126310, 275040, 0, 193.30, 35;3, 85212, 275040, 0, 199.05, 36
2026-08-29T07:29:33.881Z,2, 126310, 275040, 0, 193.54, 35;3, 85212, 275040, 0, 199.39, 36
2026-08-29T07:29:34.980Z,2, 126310, 275040, 0, 192.87, 35;3, 85212, 275040, 0, 199.65, 36
2026-08-29T07:29:36.039Z,2, 126310, 275040, 0, 193.19, 36;3, 85212, 275040, 0, 199.77, 36
2026-08-29T07:29:37.115Z,2, 136420, 275040, 10, 207.38, 35;3, 85212, 275040, 0, 199.81, 36
2026-08-29T07:29:38.174Z,2, 136420, 275040, 0, 194.43, 35;3, 85212, 275040, 0, 199.88, 37
2026-08-29T07:29:39.254Z,2, 136420, 275040, 0, 194.51, 35;3, 85212, 275040, 100, 768.41, 52
2026-08-29T07:29:40.352Z,2, 136420, 275040, 0, 194.43, 35;3, 85212, 275040, 100, 1073.36, 55
2026-08-29T07:29:41.416Z,2, 136420, 275040, 0, 194.39, 35;3, 85212, 275040, 0, 368.56, 39
2026-08-29T07:29:42.487Z,2, 136420, 275040, 100, 507.25, 50;3, 85212, 275040, 0, 201.94, 38
2026-08-29T07:29:43.561Z,2, 136420, 275040, 100, 1092.73, 54;3, 85212, 275040, 0, 201.87, 38
2026-08-29T07:29:44.625Z,2, 136420, 275040, 100, 1100.86, 52;3, 85212, 275040, 0, 201.79, 38
2026-08-29T07:29:45.710Z,2, 136420, 275040, 100, 1108.17, 56;3, 85212, 275040, 0, 201.82, 38
2026-08-29T07:29:46.777Z,2, 136420, 275040, 0, 907.82, 43;3, 85212, 275040, 0, 201.71, 38
2026-08-29T07:29:47.856Z,2, 136420, 275040, 0, 197.25, 39;3, 85212, 275040, 0, 201.87, 38
2026-08-29T07:29:48.924Z,2, 136420, 275040, 0, 196.45, 38;3, 85212, 275040, 100, 898.43, 53
2026-08-29T07:29:49.987Z,2, 136420, 275040, 0, 196.10, 38;3, 85212, 275040, 100, 1079.65, 55
2026-08-29T07:29:51.056Z,2, 136420, 275040, 0, 195.84, 38;3, 85212, 275040, 0, 235.96, 41
2026-08-29T07:29:52.118Z,2, 136420, 275040, 100, 602.00, 53;3, 85212, 275040, 0, 203.77, 40
2026-08-29T07:29:53.180Z,2, 136420, 275040, 100, 1088.64, 55;3, 85212, 275040, 0, 203.61, 40
2026-08-29T07:29:54.244Z,2, 136420, 275040, 100, 1091.41, 55;3, 85212, 275040, 0, 203.27, 40
2026-08-29T07:29:55.307Z,2, 136420, 275040, 100, 1094.17, 57;3, 85212, 275040, 0, 203.57, 40
2026-08-29T07:29:56.370Z,2, 136420, 275040, 0, 823.79, 44;3, 85212, 275040, 0, 203.34, 40
2026-08-29T07:29:57.449Z,2, 136420, 275040, 0, 198.35, 40;3, 85212, 275040, 0, 203.50, 40
2026-08-29T07:29:58.529Z,2, 136420, 275040, 0, 197.75, 40;3, 85212, 275040, 100, 939.07, 55
2026-08-29T07:29:59.594Z,2, 136420, 275040, 0, 196.80, 40;3, 85212, 275040, 100, 1058.00, 52
2026-08-29T07:30:00.676Z,2, 136420, 275040, 0, 196.61, 40;3, 85212, 275040, 0, 208.42, 42
2026-08-29T07:30:01.737Z,2, 136420, 275040, 100, 703.35, 56;3, 85212, 275040, 0, 204.56, 42
2026-08-29T07:30:02.804Z,2, 136420, 275040, 100, 1087.02, 58;3, 85212, 275040, 0, 204.11, 42
2026-08-29T07:30:03.868Z,2, 136420, 275040, 100, 1087.42, 58;3, 85212, 275040, 0, 204.07, 42
2026-08-29T07:30:04.943Z,2, 136420, 275040, 100, 1094.35, 56;3, 85212, 275040, 0, 204.19, 42
2026-08-29T07:30:06.025Z,2, 136420, 275040, 0, 699.65, 44;3, 85212, 275040, 0, 204.27, 42
2026-08-29T07:30:07.113Z,2, 136420, 275040, 0, 199.34, 42;3, 85212, 275040, 49, 319.01, 49
2026-08-29T07:30:08.177Z,2, 136420, 275040, 0, 198.40, 42;3, 85212, 275040, 100, 1068.32, 59
2026-08-29T07:30:09.371Z,2, 136420, 275040, 0, 198.32, 41;3, 85212, 275040, 1, 812.61, 47
2026-08-29T07:30:10.453Z,2, 136420, 275040, 0, 198.32, 41;3, 85212, 275040, 0, 207.84, 44
2026-08-29T07:30:11.516Z,2, 136420, 275040, 0, 198.28, 41;3, 85212, 275040, 0, 206.37, 43
2026-08-29T07:30:12.579Z,2, 136420, 275040, 0, 198.13, 41;3, 85212, 275040, 0, 206.14, 43
2026-08-29T07:30:13.640Z,2, 136420, 275040, 0, 198.09, 41;3, 85212, 275040, 0, 205.87, 43
2026-08-29T07:30:14.702Z,2, 630, 275040, 0, 205.17, 41;3, 85212, 275040, 0, 206.06, 43
2026-08-29T07:30:15.778Z,2, 630, 275040, 0, 197.58, 41;3, 85212, 275040, 0, 206.18, 43
2026-08-29T07:30:16.838Z,2, 630, 275040, 0, 197.60, 41;3, 85212, 275040, 0, 206.10, 43
2026-08-29T07:30:17.913Z,2, 630, 275040, 0, 197.46, 40;3, 85212, 275040, 0, 206.29, 43
2026-08-29T07:30:18.973Z,2, 630, 275040, 0, 197.52, 40;3, 85212, 275040, 0, 206.14, 43
2026-08-29T07:30:20.032Z,2, 630, 275040, 0, 197.12, 40;3, 85212, 275040, 0, 206.56, 43
2026-08-29T07:30:21.112Z,2, 630, 275040, 0, 196.92, 40;3, 85212, 275040, 0, 206.37, 44
2026-08-29T07:30:22.170Z,2, 630, 275040, 0, 197.02, 40;3, 630, 275040, 0, 211.09, 44
2026-08-29T07:30:23.227Z,2, 630, 275040, 0, 196.83, 40;3, 630, 275040, 0, 206.87, 44
2026-08-29T07:30:24.300Z,2, 630, 275040, 0, 197.11, 40;3, 630, 275040, 0, 206.82, 44
2026-08-29T07:30:25.355Z,2, 630, 275040, 0, 196.68, 40;3, 630, 275040, 0, 207.20, 44
2026-08-29T07:30:26.410Z,2, 630, 275040, 0, 196.53, 40;3, 630, 275040, 0, 206.85, 44
