2026/08/07 13:35:39.834, 0, 101124, 0, 203.83
2026/08/07 13:35:39.850, 1, 102586, 0, 209.85
2026/08/07 13:35:39.862, 2, 102586, 0, 198.21
2026/08/07 13:35:39.873, 3, 102586, 0, 216.93
2026/08/07 13:35:39.882, 4, 101252, 0, 203.70
2026/08/07 13:35:39.892, 5, 102714, 0, 207.87
2026/08/07 13:35:39.901, 6, 102714, 0, 203.61
2026/08/07 13:35:39.910, 7, 102714, 0, 211.03
2026/08/07 13:35:40.418, 0, 101138, 16, 292.17
2026/08/07 13:35:40.418, 1, 102592, 83, 261.84
2026/08/07 13:35:40.419, 2, 102592, 91, 247.31
2026/08/07 13:35:40.419, 3, 102592, 100, 267.55
2026/08/07 13:35:40.419, 4, 101266, 47, 269.49
2026/08/07 13:35:40.419, 5, 102720, 100, 255.88
2026/08/07 13:35:40.419, 6, 102720, 28, 253.73
2026/08/07 13:35:40.419, 7, 102720, 92, 256.61
2026/08/07 13:35:40.927, 0, 101138, 0, 314.89
2026/08/07 13:35:40.927, 1, 102592, 0, 264.46
2026/08/07 13:35:40.927, 2, 102592, 0, 249.79
2026/08/07 13:35:40.927, 3, 102592, 0, 269.36
2026/08/07 13:35:40.927, 4, 101266, 0, 308.28
2026/08/07 13:35:40.927, 5, 102720, 0, 257.26
2026/08/07 13:35:40.927, 6, 102720, 0, 252.49
2026/08/07 13:35:40.928, 7, 102720, 0, 256.91
2026/08/07 13:35:41.434, 0, 101138, 0, 235.57
2026/08/07 13:35:41.434, 1, 102592, 0, 212.15
2026/08/07 13:35:41.434, 2, 102592, 0, 200.71
2026/08/07 13:35:41.434, 3, 102592, 0, 219.48
2026/08/07 13:35:41.434, 4, 101266, 0, 242.68
2026/08/07 13:35:41.434, 5, 102720, 0, 206.39
2026/08/07 13:35:41.434, 6, 102720, 0, 202.49
2026/08/07 13:35:41.434, 7, 102720, 0, 209.80
2026/08/07 13:35:41.934, 0, 101138, 0, 203.98
2026/08/07 13:35:41.934, 1, 102592, 0, 209.41
2026/08/07 13:35:41.934, 2, 102592, 0, 198.14
2026/08/07 13:35:41.934, 3, 102592, 0, 216.04
2026/08/07 13:35:41.934, 4, 101266, 0, 199.87
2026/08/07 13:35:41.935, 5, 102720, 0, 203.73
2026/08/07 13:35:41.935, 6, 102720, 0, 199.75
2026/08/07 13:35:41.935, 7, 102720, 0, 206.49
2026/08/07 13:35:42.435, 0, 101138, 0, 203.36
2026/08/07 13:35:42.435, 1, 102592, 0, 209.24
2026/08/07 13:35:42.435, 2, 102592, 0, 198.03
2026/08/07 13:35:42.435, 3, 102592, 0, 215.39
2026/08/07 13:35:42.435, 4, 101266, 0, 199.55
2026/08/07 13:35:42.435, 5, 102720, 0, 203.73
2026/08/07 13:35:42.435, 6, 102720, 0, 199.56
2026/08/07 13:35:42.436, 7, 102720, 0, 206.04
2026/08/07 13:35:42.941, 0, 101138, 0, 202.43
2026/08/07 13:35:42.941, 1, 102592, 0, 209.04
2026/08/07 13:35:42.941, 2, 102592, 0, 197.68
2026/08/07 13:35:42.941, 3, 102592, 0, 215.19
2026/08/07 13:35:42.941, 4, 101266, 0, 198.72
2026/08/07 13:35:42.941, 5, 102720, 0, 203.54
2026/08/07 13:35:42.941, 6, 102720, 0, 199.17
2026/08/07 13:35:42.941, 7, 102720, 0, 205.77
2026/08/07 13:35:43.441, 0, 101138, 100, 373.66
2026/08/07 13:35:43.441, 1, 102592, 100, 435.90
2026/08/07 13:35:43.441, 2, 102592, 85, 379.25
2026/08/07 13:35:43.441, 3, 102592, 100, 410.18
2026/08/07 13:35:43.441, 4, 101266, 100, 344.07
2026/08/07 13:35:43.441, 5, 102720, 100, 395.05
2026/08/07 13:35:43.441, 6, 102720, 64, 325.35
2026/08/07 13:35:43.441, 7, 102720, 98, 360.43
2026/08/07 13:35:43.941, 0, 101138, 100, 759.89
2026/08/07 13:35:43.941, 1, 102592, 100, 837.67
2026/08/07 13:35:43.941, 2, 102592, 100, 782.83
2026/08/07 13:35:43.941, 3, 102592, 100, 809.89
2026/08/07 13:35:43.941, 4, 101266, 100, 744.05
2026/08/07 13:35:43.941, 5, 102720, 100, 801.84
2026/08/07 13:35:43.941, 6, 102720, 100, 722.15
2026/08/07 13:35:43.941, 7, 102720, 100, 762.63
2026/08/07 13:35:44.441, 0, 101138, 100, 1008.28
2026/08/07 13:35:44.448, 1, 102592, 100, 1021.35
2026/08/07 13:35:44.448, 2, 102592, 100, 1009.65
2026/08/07 13:35:44.448, 3, 102592, 100, 1006.79
2026/08/07 13:35:44.448, 4, 101266, 100, 990.12
2026/08/07 13:35:44.448, 5, 102720, 100, 1006.57
2026/08/07 13:35:44.449, 6, 102720, 100, 992.37
2026/08/07 13:35:44.449, 7, 102720, 100, 1024.54
2026/08/07 13:35:44.949, 0, 101138, 100, 1014.02
2026/08/07 13:35:44.949, 1, 102592, 100, 1023.77
2026/08/07 13:35:44.949, 2, 102592, 100, 1008.53
2026/08/07 13:35:44.949, 3, 102592, 100, 1003.59
2026/08/07 13:35:44.949, 4, 101266, 100, 980.47
2026/08/07 13:35:44.949, 5, 102720, 100, 998.99
2026/08/07 13:35:44.949, 6, 102720, 100, 993.56
2026/08/07 13:35:44.949, 7, 102720, 100, 1020.36
2026/08/07 13:35:45.449, 0, 101138, 100, 1012.65
2026/08/07 13:35:45.449, 1, 102592, 100, 1021.46
2026/08/07 13:35:45.449, 2, 102592, 100, 1008.77
2026/08/07 13:35:45.449, 3, 102592, 100, 1011.20
2026/08/07 13:35:45.449, 4, 101266, 100, 990.80
2026/08/07 13:35:45.449, 5, 102720, 100, 1012.10
2026/08/07 13:35:45.449, 6, 102720, 100, 998.06
2026/08/07 13:35:45.449, 7, 102720, 100, 1019.80
2026/08/07 13:35:45.949, 0, 101138, 100, 1005.59
2026/08/07 13:35:45.949, 1, 102592, 100, 1022.34
2026/08/07 13:35:45.949, 2, 102592, 99, 1003.09
2026/08/07 13:35:45.949, 3, 102592, 99, 1011.17
2026/08/07 13:35:45.949, 4, 101266, 100, 996.26
2026/08/07 13:35:45.949, 5, 102720, 100, 1010.29
2026/08/07 13:35:45.949, 6, 102720, 100, 1000.58
2026/08/07 13:35:45.949, 7, 102720, 99, 1007.57
2026/08/07 13:35:46.449, 0, 101138, 100, 993.74
2026/08/07 13:35:46.449, 1, 102592, 100, 1020.57
2026/08/07 13:35:46.449, 2, 102592, 100, 991.40
2026/08/07 13:35:46.449, 3, 102592, 100, 1011.51
2026/08/07 13:35:46.449, 4, 101266, 100, 985.64
2026/08/07 13:35:46.449, 5, 102720, 100, 1003.38
2026/08/07 13:35:46.449, 6, 102720, 100, 1000.10
2026/08/07 13:35:46.449, 7, 102720, 100, 1017.03
2026/08/07 13:35:46.949, 0, 101138, 100, 1002.11
2026/08/07 13:35:46.949, 1, 102592, 100, 1021.26
2026/08/07 13:35:46.949, 2, 102592, 100, 994.99
2026/08/07 13:35:46.949, 3, 102592, 100, 1005.93
2026/08/07 13:35:46.949, 4, 101266, 100, 989.48
2026/08/07 13:35:46.949, 5, 102720, 100, 1008.79
2026/08/07 13:35:46.949, 6, 102720, 100, 1001.03
2026/08/07 13:35:46.949, 7, 102720, 100, 1023.70
2026/08/07 13:35:47.450, 0, 101138, 100, 1007.46
2026/08/07 13:35:47.450, 1, 102592, 100, 1017.64
2026/08/07 13:35:47.450, 2, 102592, 99, 998.36
2026/08/07 13:35:47.450, 3, 102592, 100, 1001.12
2026/08/07 13:35:47.450, 4, 101266, 100, 993.56
2026/08/07 13:35:47.450, 5, 102720, 100, 1009.24
2026/08/07 13:35:47.450, 6, 102720, 100, 995.22
2026/08/07 13:35:47.450, 7, 102720, 99, 1012.90
2026/08/07 13:35:47.950, 0, 101138, 100, 1008.54
2026/08/07 13:35:47.950, 1, 102592, 100, 1025.12
2026/08/07 13:35:47.950, 2, 102592, 100, 1002.06
2026/08/07 13:35:47.950, 3, 102592, 100, 1006.76
2026/08/07 13:35:47.950, 4, 101266, 100, 992.56
2026/08/07 13:35:47.950, 5, 102720, 100, 1014.31
2026/08/07 13:35:47.950, 6, 102720, 100, 998.74
2026/08/07 13:35:47.950, 7, 102720, 100, 1022.08
2026/08/07 13:35:48.450, 0, 101138, 100, 1009.52
2026/08/07 13:35:48.450, 1, 102592, 100, 1021.57
2026/08/07 13:35:48.450, 2, 102592, 100, 1007.27
2026/08/07 13:35:48.450, 3, 102592, 100, 1014.22
2026/08/07 13:35:48.450, 4, 101266, 100, 1000.34
2026/08/07 13:35:48.450, 5, 102720, 100, 1021.61
2026/08/07 13:35:48.450, 6, 102720, 100, 998.11
2026/08/07 13:35:48.450, 7, 102720, 100, 1020.19
2026/08/07 13:35:48.950, 0, 101138, 100, 1004.89
2026/08/07 13:35:48.950, 1, 102592, 100, 1016.29
2026/08/07 13:35:48.950, 2, 102592, 100, 1002.98
2026/08/07 13:35:48.950, 3, 102592, 100, 1017.42
2026/08/07 13:35:48.950, 4, 101266, 100, 994.26
2026/08/07 13:35:48.950, 5, 102720, 100, 1014.38
2026/08/07 13:35:48.950, 6, 102720, 100, 988.52
2026/08/07 13:35:48.950, 7, 102720, 100, 1012.54
2026/08/07 13:35:49.450, 0, 101138, 100, 1008.00
2026/08/07 13:35:49.451, 1, 102592, 100, 1023.92
2026/08/07 13:35:49.451, 2, 102592, 100, 1008.77
2026/08/07 13:35:49.451, 3, 102592, 100, 1016.25
2026/08/07 13:35:49.452, 4, 101266, 100, 992.70
2026/08/07 13:35:49.452, 5, 102720, 99, 1012.54
2026/08/07 13:35:49.453, 6, 102720, 100, 991.88
2026/08/07 13:35:49.453, 7, 102720, 100, 1020.89
2026/08/07 13:35:49.954, 0, 101138, 100, 1004.18
2026/08/07 13:35:49.954, 1, 102592, 100, 1020.45
2026/08/07 13:35:49.954, 2, 102592, 99, 1004.41
2026/08/07 13:35:49.954, 3, 102592, 99, 1013.96
2026/08/07 13:35:49.954, 4, 101266, 100, 991.35
2026/08/07 13:35:49.954, 5, 102720, 100, 1009.82
2026/08/07 13:35:49.954, 6, 102720, 100, 992.27
2026/08/07 13:35:49.954, 7, 102720, 100, 1026.70
2026/08/07 13:35:50.454, 0, 101138, 100, 997.29
2026/08/07 13:35:50.454, 1, 102592, 100, 1013.09
2026/08/07 13:35:50.454, 2, 102592, 100, 993.17
2026/08/07 13:35:50.454, 3, 102592, 100, 1018.42
2026/08/07 13:35:50.454, 4, 101266, 100, 986.33
2026/08/07 13:35:50.454, 5, 102720, 100, 1008.11
2026/08/07 13:35:50.454, 6, 102720, 100, 999.77
2026/08/07 13:35:50.454, 7, 102720, 100, 1033.41
2026/08/07 13:35:50.954, 0, 101138, 100, 1002.18
2026/08/07 13:35:50.954, 1, 102592, 100, 1015.56
2026/08/07 13:35:50.954, 2, 102592, 100, 989.84
2026/08/07 13:35:50.954, 3, 102592, 100, 1017.47
2026/08/07 13:35:50.954, 4, 101266, 100, 993.95
2026/08/07 13:35:50.954, 5, 102720, 100, 1012.89
2026/08/07 13:35:50.954, 6, 102720, 100, 1007.36
2026/08/07 13:35:50.954, 7, 102720, 100, 1024.43
2026/08/07 13:35:51.454, 0, 101138, 100, 999.75
2026/08/07 13:35:51.455, 1, 102592, 100, 1015.63
2026/08/07 13:35:51.455, 2, 102592, 99, 994.17
2026/08/07 13:35:51.455, 3, 102592, 100, 1013.44
2026/08/07 13:35:51.455, 4, 101266, 100, 991.52
2026/08/07 13:35:51.455, 5, 102720, 100, 1008.33
2026/08/07 13:35:51.455, 6, 102720, 100, 996.80
2026/08/07 13:35:51.455, 7, 102720, 99, 1009.84
2026/08/07 13:35:51.955, 0, 101138, 100, 1009.84
2026/08/07 13:35:51.955, 1, 102592, 100, 1023.02
2026/08/07 13:35:51.956, 2, 102592, 100, 1008.29
2026/08/07 13:35:51.957, 3, 102592, 100, 1019.24
2026/08/07 13:35:51.958, 4, 101266, 100, 986.42
2026/08/07 13:35:51.959, 5, 102720, 100, 1004.98
2026/08/07 13:35:51.960, 6, 102720, 100, 1002.53
2026/08/07 13:35:51.961, 7, 102720, 100, 1023.33
2026/08/07 13:35:52.462, 0, 101138, 100, 1011.65
2026/08/07 13:35:52.462, 1, 102592, 100, 1017.41
2026/08/07 13:35:52.462, 2, 102592, 100, 1004.53
2026/08/07 13:35:52.462, 3, 102592, 100, 1017.86
2026/08/07 13:35:52.462, 4, 101266, 100, 982.31
2026/08/07 13:35:52.462, 5, 102720, 100, 995.70
2026/08/07 13:35:52.462, 6, 102720, 100, 1007.75
2026/08/07 13:35:52.462, 7, 102720, 100, 1031.49
2026/08/07 13:35:52.962, 0, 101138, 100, 999.81
2026/08/07 13:35:52.962, 1, 102592, 100, 1012.37
2026/08/07 13:35:52.962, 2, 102592, 100, 995.45
2026/08/07 13:35:52.962, 3, 102592, 100, 1019.21
2026/08/07 13:35:52.962, 4, 101266, 100, 985.70
2026/08/07 13:35:52.962, 5, 102720, 100, 1003.45
2026/08/07 13:35:52.962, 6, 102720, 100, 993.65
2026/08/07 13:35:52.962, 7, 102720, 100, 1028.40
2026/08/07 13:35:53.462, 0, 101138, 100, 1011.26
2026/08/07 13:35:53.462, 1, 102592, 100, 1033.55
2026/08/07 13:35:53.462, 2, 102592, 100, 1011.04
2026/08/07 13:35:53.462, 3, 102592, 100, 1019.34
2026/08/07 13:35:53.462, 4, 101266, 100, 986.88
2026/08/07 13:35:53.462, 5, 102720, 100, 1006.43
2026/08/07 13:35:53.462, 6, 102720, 100, 998.48
2026/08/07 13:35:53.462, 7, 102720, 100, 1030.54
2026/08/07 13:35:53.962, 0, 101138, 100, 1013.47
2026/08/07 13:35:53.962, 1, 102592, 100, 1029.50
2026/08/07 13:35:53.962, 2, 102592, 100, 1008.17
2026/08/07 13:35:53.962, 3, 102592, 99, 1011.31
2026/08/07 13:35:53.962, 4, 101266, 99, 980.65
2026/08/07 13:35:53.962, 5, 102720, 100, 996.21
2026/08/07 13:35:53.962, 6, 102720, 100, 1001.01
2026/08/07 13:35:53.962, 7, 102720, 100, 1022.67
2026/08/07 13:35:54.462, 0, 101138, 100, 997.26
2026/08/07 13:35:54.462, 1, 102592, 100, 1018.81
2026/08/07 13:35:54.462, 2, 102592, 100, 991.86
2026/08/07 13:35:54.462, 3, 102592, 100, 1019.59
2026/08/07 13:35:54.462, 4, 101266, 100, 986.67
2026/08/07 13:35:54.462, 5, 102720, 100, 1006.67
2026/08/07 13:35:54.462, 6, 102720, 100, 999.83
2026/08/07 13:35:54.462, 7, 102720, 100, 1027.85
2026/08/07 13:35:54.962, 0, 101138, 100, 990.80
2026/08/07 13:35:54.963, 1, 102592, 100, 1014.38
2026/08/07 13:35:54.963, 2, 102592, 100, 994.19
2026/08/07 13:35:54.963, 3, 102592, 100, 1029.92
2026/08/07 13:35:54.963, 4, 101266, 100, 995.75
2026/08/07 13:35:54.963, 5, 102720, 100, 1017.31
2026/08/07 13:35:54.963, 6, 102720, 100, 1002.60
2026/08/07 13:35:54.963, 7, 102720, 100, 1024.77
2026/08/07 13:35:55.463, 0, 101138, 100, 994.11
2026/08/07 13:35:55.463, 1, 102592, 100, 1011.24
2026/08/07 13:35:55.463, 2, 102592, 99, 989.19
2026/08/07 13:35:55.463, 3, 102592, 100, 1019.51
2026/08/07 13:35:55.463, 4, 101266, 100, 995.81
2026/08/07 13:35:55.463, 5, 102720, 100, 1014.85
2026/08/07 13:35:55.463, 6, 102720, 100, 993.56
2026/08/07 13:35:55.463, 7, 102720, 99, 1010.93
2026/08/07 13:35:55.963, 0, 101138, 100, 1011.67
2026/08/07 13:35:55.963, 1, 102592, 100, 1026.78
2026/08/07 13:35:55.963, 2, 102592, 100, 1000.25
2026/08/07 13:35:55.963, 3, 102592, 100, 1013.10
2026/08/07 13:35:55.963, 4, 101266, 100, 992.54
2026/08/07 13:35:55.963, 5, 102720, 100, 1010.59
2026/08/07 13:35:55.963, 6, 102720, 100, 996.35
2026/08/07 13:35:55.963, 7, 102720, 100, 1026.39
2026/08/07 13:35:56.463, 0, 101138, 100, 1022.79
2026/08/07 13:35:56.463, 1, 102592, 100, 1037.38
2026/08/07 13:35:56.463, 2, 102592, 100, 1013.09
2026/08/07 13:35:56.463, 3, 102592, 100, 1000.56
2026/08/07 13:35:56.463, 4, 101266, 100, 986.47
2026/08/07 13:35:56.463, 5, 102720, 100, 1004.35
2026/08/07 13:35:56.463, 6, 102720, 100, 1004.86
2026/08/07 13:35:56.463, 7, 102720, 100, 1031.40
2026/08/07 13:35:56.963, 0, 101138, 100, 1006.22
2026/08/07 13:35:56.963, 1, 102592, 100, 1030.53
2026/08/07 13:35:56.963, 2, 102592, 100, 1001.70
2026/08/07 13:35:56.963, 3, 102592, 100, 1000.21
2026/08/07 13:35:56.963, 4, 101266, 100, 986.08
2026/08/07 13:35:56.963, 5, 102720, 100, 1008.86
2026/08/07 13:35:56.963, 6, 102720, 100, 1003.90
2026/08/07 13:35:56.963, 7, 102720, 100, 1026.05
2026/08/07 13:35:57.463, 0, 101138, 100, 1006.34
2026/08/07 13:35:57.463, 1, 102592, 100, 1027.71
2026/08/07 13:35:57.463, 2, 102592, 100, 1008.05
2026/08/07 13:35:57.463, 3, 102592, 100, 1018.54
2026/08/07 13:35:57.464, 4, 101266, 100, 987.84
2026/08/07 13:35:57.464, 5, 102720, 100, 1013.80
2026/08/07 13:35:57.464, 6, 102720, 100, 1008.47
2026/08/07 13:35:57.464, 7, 102720, 100, 1034.48
2026/08/07 13:35:57.964, 0, 101138, 100, 1007.95
2026/08/07 13:35:57.964, 1, 102592, 100, 1022.90
2026/08/07 13:35:57.964, 2, 102592, 100, 1003.12
2026/08/07 13:35:57.964, 3, 102592, 99, 1023.80
2026/08/07 13:35:57.964, 4, 101266, 99, 983.90
2026/08/07 13:35:57.964, 5, 102720, 100, 1003.49
2026/08/07 13:35:57.964, 6, 102720, 100, 1006.07
2026/08/07 13:35:57.964, 7, 102720, 100, 1029.93
2026/08/07 13:35:58.464, 0, 101138, 100, 1005.68
2026/08/07 13:35:58.464, 1, 102592, 100, 1020.50
2026/08/07 13:35:58.464, 2, 102592, 100, 997.12
2026/08/07 13:35:58.464, 3, 102592, 100, 1027.46
2026/08/07 13:35:58.464, 4, 101266, 100, 991.92
2026/08/07 13:35:58.464, 5, 102720, 100, 1015.97
2026/08/07 13:35:58.464, 6, 102720, 100, 991.67
2026/08/07 13:35:58.464, 7, 102720, 100, 1017.63
2026/08/07 13:35:58.964, 0, 101138, 100, 1000.75
2026/08/07 13:35:58.964, 1, 102592, 100, 1018.16
2026/08/07 13:35:58.964, 2, 102592, 100, 1000.10
2026/08/07 13:35:58.964, 3, 102592, 100, 1031.54
2026/08/07 13:35:58.964, 4, 101266, 100, 997.32
2026/08/07 13:35:58.964, 5, 102720, 100, 1020.11
2026/08/07 13:35:58.964, 6, 102720, 100, 994.36
2026/08/07 13:35:58.964, 7, 102720, 100, 1009.69
2026/08/07 13:35:59.464, 0, 101138, 100, 996.71
2026/08/07 13:35:59.464, 1, 102592, 100, 1017.02
2026/08/07 13:35:59.464, 2, 102592, 99, 999.16
2026/08/07 13:35:59.464, 3, 102592, 99, 1024.97
2026/08/07 13:35:59.464, 4, 101266, 98, 987.46
2026/08/07 13:35:59.464, 5, 102720, 100, 1003.89
2026/08/07 13:35:59.464, 6, 102720, 100, 1000.93
2026/08/07 13:35:59.464, 7, 102720, 99, 1013.95
2026/08/07 13:35:59.964, 0, 101138, 100, 1002.91
2026/08/07 13:35:59.964, 1, 102592, 100, 1024.90
2026/08/07 13:35:59.964, 2, 102592, 100, 1005.07
2026/08/07 13:35:59.964, 3, 102592, 100, 1026.38
2026/08/07 13:35:59.964, 4, 101266, 100, 994.53
2026/08/07 13:35:59.964, 5, 102720, 100, 1009.69
2026/08/07 13:35:59.965, 6, 102720, 100, 1000.62
2026/08/07 13:35:59.965, 7, 102720, 100, 1012.72
2026/08/07 13:36:00.465, 0, 101138, 100, 1000.74
2026/08/07 13:36:00.465, 1, 102592, 100, 1023.47
2026/08/07 13:36:00.465, 2, 102592, 100, 1001.68
2026/08/07 13:36:00.465, 3, 102592, 100, 1029.40
2026/08/07 13:36:00.465, 4, 101266, 100, 995.21
2026/08/07 13:36:00.465, 5, 102720, 100, 1014.97
2026/08/07 13:36:00.465, 6, 102720, 100, 1011.33
2026/08/07 13:36:00.465, 7, 102720, 100, 1012.29
2026/08/07 13:36:00.965, 0, 101138, 100, 1003.53
2026/08/07 13:36:00.965, 1, 102592, 100, 1027.95
2026/08/07 13:36:00.965, 2, 102592, 100, 1002.29
2026/08/07 13:36:00.965, 3, 102592, 100, 1014.27
2026/08/07 13:36:00.965, 4, 101266, 100, 987.29
2026/08/07 13:36:00.965, 5, 102720, 100, 1008.90
2026/08/07 13:36:00.965, 6, 102720, 100, 1003.70
2026/08/07 13:36:00.965, 7, 102720, 100, 1011.76
2026/08/07 13:36:01.465, 0, 101138, 100, 1021.29
2026/08/07 13:36:01.465, 1, 102592, 100, 1038.31
2026/08/07 13:36:01.465, 2, 102592, 100, 1016.36
2026/08/07 13:36:01.465, 3, 102592, 100, 1010.11
2026/08/07 13:36:01.465, 4, 101266, 100, 996.84
2026/08/07 13:36:01.465, 5, 102720, 100, 1015.98
2026/08/07 13:36:01.465, 6, 102720, 100, 996.57
2026/08/07 13:36:01.465, 7, 102720, 100, 1008.73
2026/08/07 13:36:01.965, 0, 101138, 100, 1020.57
2026/08/07 13:36:01.968, 1, 102592, 99, 1034.43
2026/08/07 13:36:01.969, 2, 102592, 100, 1017.69
2026/08/07 13:36:01.973, 3, 102592, 99, 1012.03
2026/08/07 13:36:01.973, 4, 101266, 99, 993.23
2026/08/07 13:36:01.976, 5, 102720, 100, 1008.76
2026/08/07 13:36:01.977, 6, 102720, 100, 1004.93
2026/08/07 13:36:01.977, 7, 102720, 100, 1014.93
2026/08/07 13:36:02.477, 0, 101138, 100, 1004.91
2026/08/07 13:36:02.478, 1, 102592, 100, 1025.57
2026/08/07 13:36:02.479, 2, 102592, 100, 1004.30
2026/08/07 13:36:02.479, 3, 102592, 100, 1019.03
2026/08/07 13:36:02.479, 4, 101266, 100, 989.06
2026/08/07 13:36:02.479, 5, 102720, 99, 1006.81
2026/08/07 13:36:02.479, 6, 102720, 100, 1010.40
2026/08/07 13:36:02.479, 7, 102720, 100, 1032.40
2026/08/07 13:36:02.980, 0, 101138, 100, 1000.15
2026/08/07 13:36:02.980, 1, 102592, 100, 1018.98
2026/08/07 13:36:02.980, 2, 102592, 100, 1002.66
2026/08/07 13:36:02.980, 3, 102592, 100, 1027.22
2026/08/07 13:36:02.980, 4, 101266, 100, 998.06
2026/08/07 13:36:02.980, 5, 102720, 100, 1010.25
2026/08/07 13:36:02.980, 6, 102720, 100, 1016.95
2026/08/07 13:36:02.980, 7, 102720, 100, 1030.66
2026/08/07 13:36:03.480, 0, 101138, 100, 1003.36
2026/08/07 13:36:03.480, 1, 102592, 99, 1017.81
2026/08/07 13:36:03.480, 2, 102592, 100, 1001.07
2026/08/07 13:36:03.480, 3, 102592, 99, 1022.21
2026/08/07 13:36:03.480, 4, 101266, 99, 995.99
2026/08/07 13:36:03.480, 5, 102720, 99, 1010.88
2026/08/07 13:36:03.480, 6, 102720, 100, 1009.30
2026/08/07 13:36:03.480, 7, 102720, 100, 1018.20
2026/08/07 13:36:03.980, 0, 101138, 100, 1007.64
2026/08/07 13:36:03.980, 1, 102592, 100, 1029.05
2026/08/07 13:36:03.980, 2, 102592, 100, 1004.02
2026/08/07 13:36:03.980, 3, 102592, 100, 1027.44
2026/08/07 13:36:03.980, 4, 101266, 100, 994.49
2026/08/07 13:36:03.980, 5, 102720, 100, 1020.29
2026/08/07 13:36:03.980, 6, 102720, 100, 1000.77
2026/08/07 13:36:03.980, 7, 102720, 100, 1030.80
2026/08/07 13:36:04.480, 0, 101138, 100, 1012.58
2026/08/07 13:36:04.480, 1, 102592, 100, 1036.77
2026/08/07 13:36:04.480, 2, 102592, 100, 1006.87
2026/08/07 13:36:04.480, 3, 102592, 100, 1027.64
2026/08/07 13:36:04.480, 4, 101266, 100, 990.98
2026/08/07 13:36:04.480, 5, 102720, 100, 1012.48
2026/08/07 13:36:04.480, 6, 102720, 100, 1010.65
2026/08/07 13:36:04.480, 7, 102720, 100, 1041.88
2026/08/07 13:36:04.980, 0, 101138, 100, 1010.38
2026/08/07 13:36:04.981, 1, 102592, 100, 1033.37
2026/08/07 13:36:04.982, 2, 102592, 100, 1002.55
2026/08/07 13:36:04.983, 3, 102592, 100, 1019.86
2026/08/07 13:36:04.984, 4, 101266, 100, 990.99
2026/08/07 13:36:04.985, 5, 102720, 100, 1009.43
2026/08/07 13:36:04.985, 6, 102720, 100, 1002.15
2026/08/07 13:36:04.986, 7, 102720, 100, 1025.13
2026/08/07 13:36:05.487, 0, 101138, 100, 1003.77
2026/08/07 13:36:05.487, 1, 102592, 100, 1026.49
2026/08/07 13:36:05.487, 2, 102592, 100, 1000.56
2026/08/07 13:36:05.487, 3, 102592, 100, 1026.09
2026/08/07 13:36:05.487, 4, 101266, 100, 1000.37
2026/08/07 13:36:05.487, 5, 102720, 100, 1020.20
2026/08/07 13:36:05.487, 6, 102720, 100, 1006.57
2026/08/07 13:36:05.487, 7, 102720, 100, 1012.59
2026/08/07 13:36:05.987, 0, 101138, 98, 1001.34
2026/08/07 13:36:05.987, 1, 102592, 99, 1019.21
2026/08/07 13:36:05.987, 2, 102592, 100, 997.32
2026/08/07 13:36:05.987, 3, 102592, 100, 1029.02
2026/08/07 13:36:05.987, 4, 101266, 100, 997.11
2026/08/07 13:36:05.987, 5, 102720, 100, 1010.87
2026/08/07 13:36:05.987, 6, 102720, 100, 1009.75
2026/08/07 13:36:05.987, 7, 102720, 100, 1018.07
2026/08/07 13:36:06.487, 0, 101138, 100, 1012.69
2026/08/07 13:36:06.488, 1, 102592, 100, 1024.58
2026/08/07 13:36:06.488, 2, 102592, 100, 1005.50
2026/08/07 13:36:06.488, 3, 102592, 100, 1024.41
2026/08/07 13:36:06.488, 4, 101266, 100, 993.05
2026/08/07 13:36:06.488, 5, 102720, 100, 1011.13
2026/08/07 13:36:06.488, 6, 102720, 100, 998.98
2026/08/07 13:36:06.488, 7, 102720, 100, 1020.59
2026/08/07 13:36:06.988, 0, 101138, 100, 1015.64
2026/08/07 13:36:06.988, 1, 102592, 100, 1028.76
2026/08/07 13:36:06.988, 2, 102592, 100, 1010.83
2026/08/07 13:36:06.988, 3, 102592, 100, 1026.91
2026/08/07 13:36:06.988, 4, 101266, 100, 995.40
2026/08/07 13:36:06.988, 5, 102720, 100, 1019.09
2026/08/07 13:36:06.988, 6, 102720, 100, 1005.19
2026/08/07 13:36:06.988, 7, 102720, 100, 1019.61
2026/08/07 13:36:07.488, 0, 101138, 100, 1002.59
2026/08/07 13:36:07.492, 1, 102592, 99, 1024.57
2026/08/07 13:36:07.492, 2, 102592, 100, 1006.14
2026/08/07 13:36:07.492, 3, 102592, 99, 1031.39
2026/08/07 13:36:07.493, 4, 101266, 99, 988.64
2026/08/07 13:36:07.493, 5, 102720, 99, 1010.09
2026/08/07 13:36:07.493, 6, 102720, 99, 1003.76
2026/08/07 13:36:07.493, 7, 102720, 99, 1028.53
2026/08/07 13:36:07.993, 0, 101138, 100, 1009.51
2026/08/07 13:36:07.993, 1, 102592, 100, 1028.20
2026/08/07 13:36:07.993, 2, 102592, 100, 1009.95
2026/08/07 13:36:07.993, 3, 102592, 100, 1031.04
2026/08/07 13:36:07.993, 4, 101266, 100, 993.17
2026/08/07 13:36:07.993, 5, 102720, 100, 1017.48
2026/08/07 13:36:07.993, 6, 102720, 100, 1000.66
2026/08/07 13:36:07.993, 7, 102720, 100, 1023.12
2026/08/07 13:36:08.493, 0, 101138, 100, 1009.06
2026/08/07 13:36:08.493, 1, 102592, 100, 1019.54
2026/08/07 13:36:08.493, 2, 102592, 100, 1005.82
2026/08/07 13:36:08.493, 3, 102592, 100, 1032.91
2026/08/07 13:36:08.493, 4, 101266, 100, 993.84
2026/08/07 13:36:08.493, 5, 102720, 100, 1017.67
2026/08/07 13:36:08.493, 6, 102720, 100, 1003.55
2026/08/07 13:36:08.493, 7, 102720, 100, 1021.40
2026/08/07 13:36:08.993, 0, 101138, 100, 1008.37
2026/08/07 13:36:08.993, 1, 102592, 100, 1026.27
2026/08/07 13:36:08.993, 2, 102592, 100, 1006.24
2026/08/07 13:36:08.993, 3, 102592, 100, 1025.61
2026/08/07 13:36:08.993, 4, 101266, 100, 986.61
2026/08/07 13:36:08.993, 5, 102720, 99, 1010.23
2026/08/07 13:36:08.993, 6, 102720, 100, 997.39
2026/08/07 13:36:08.993, 7, 102720, 100, 1030.41
2026/08/07 13:36:09.493, 0, 101138, 100, 1008.43
2026/08/07 13:36:09.493, 1, 102592, 100, 1031.45
2026/08/07 13:36:09.493, 2, 102592, 100, 1009.06
2026/08/07 13:36:09.493, 3, 102592, 100, 1036.90
2026/08/07 13:36:09.493, 4, 101266, 100, 988.31
2026/08/07 13:36:09.493, 5, 102720, 100, 1014.61
2026/08/07 13:36:09.493, 6, 102720, 100, 1000.14
2026/08/07 13:36:09.494, 7, 102720, 100, 1025.93
2026/08/07 13:36:09.994, 0, 101138, 99, 995.67
2026/08/07 13:36:09.994, 1, 102592, 100, 1018.59
2026/08/07 13:36:09.995, 2, 102592, 100, 1001.39
2026/08/07 13:36:09.996, 3, 102592, 100, 1047.18
2026/08/07 13:36:09.997, 4, 101266, 100, 987.35
2026/08/07 13:36:09.998, 5, 102720, 100, 1013.69
2026/08/07 13:36:10.000, 6, 102720, 100, 999.86
2026/08/07 13:36:10.001, 7, 102720, 100, 1032.30
2026/08/07 13:36:10.502, 0, 101138, 100, 1008.64
2026/08/07 13:36:10.502, 1, 102592, 100, 1031.92
2026/08/07 13:36:10.503, 2, 102592, 100, 1009.79
2026/08/07 13:36:10.504, 3, 102592, 100, 1031.35
2026/08/07 13:36:10.505, 4, 101266, 100, 991.54
2026/08/07 13:36:10.506, 5, 102720, 100, 1015.09
2026/08/07 13:36:10.507, 6, 102720, 100, 1002.85
2026/08/07 13:36:10.507, 7, 102720, 100, 1030.83
2026/08/07 13:36:11.008, 0, 101138, 100, 1015.70
2026/08/07 13:36:11.008, 1, 102592, 100, 1032.44
2026/08/07 13:36:11.008, 2, 102592, 100, 1015.59
2026/08/07 13:36:11.008, 3, 102592, 100, 1032.40
2026/08/07 13:36:11.008, 4, 101266, 100, 992.87
2026/08/07 13:36:11.008, 5, 102720, 100, 1015.43
2026/08/07 13:36:11.008, 6, 102720, 100, 1011.42
2026/08/07 13:36:11.008, 7, 102720, 100, 1020.56
2026/08/07 13:36:11.508, 0, 101138, 100, 1004.89
2026/08/07 13:36:11.508, 1, 102592, 99, 1021.68
2026/08/07 13:36:11.508, 2, 102592, 100, 1009.45
2026/08/07 13:36:11.508, 3, 102592, 99, 1033.61
2026/08/07 13:36:11.508, 4, 101266, 100, 983.92
2026/08/07 13:36:11.508, 5, 102720, 100, 1007.90
2026/08/07 13:36:11.508, 6, 102720, 99, 1005.07
2026/08/07 13:36:11.508, 7, 102720, 99, 1028.00
2026/08/07 13:36:12.008, 0, 101138, 100, 1021.61
2026/08/07 13:36:12.008, 1, 102592, 100, 1042.45
2026/08/07 13:36:12.009, 2, 102592, 100, 1018.60
2026/08/07 13:36:12.009, 3, 102592, 100, 1017.77
2026/08/07 13:36:12.009, 4, 101266, 100, 994.71
2026/08/07 13:36:12.009, 5, 102720, 100, 1013.07
2026/08/07 13:36:12.009, 6, 102720, 100, 1002.61
2026/08/07 13:36:12.009, 7, 102720, 100, 1026.53
2026/08/07 13:36:12.509, 0, 101138, 100, 1024.89
2026/08/07 13:36:12.509, 1, 102592, 100, 1037.41
2026/08/07 13:36:12.509, 2, 102592, 100, 1020.96
2026/08/07 13:36:12.509, 3, 102592, 100, 1025.66
2026/08/07 13:36:12.509, 4, 101266, 100, 996.92
2026/08/07 13:36:12.509, 5, 102720, 100, 1017.24
2026/08/07 13:36:12.509, 6, 102720, 100, 1005.77
2026/08/07 13:36:12.509, 7, 102720, 100, 1029.90
2026/08/07 13:36:13.009, 0, 101138, 100, 1008.01
2026/08/07 13:36:13.009, 1, 102592, 100, 1020.01
2026/08/07 13:36:13.009, 2, 102592, 100, 1005.13
2026/08/07 13:36:13.009, 3, 102592, 100, 1038.34
2026/08/07 13:36:13.009, 4, 101266, 100, 990.30
2026/08/07 13:36:13.009, 5, 102720, 99, 1014.06
2026/08/07 13:36:13.009, 6, 102720, 99, 995.87
2026/08/07 13:36:13.009, 7, 102720, 100, 1037.62
2026/08/07 13:36:13.509, 0, 101138, 100, 1004.93
2026/08/07 13:36:13.509, 1, 102592, 100, 1021.12
2026/08/07 13:36:13.509, 2, 102592, 100, 1002.17
2026/08/07 13:36:13.509, 3, 102592, 100, 1040.76
2026/08/07 13:36:13.509, 4, 101266, 100, 998.94
2026/08/07 13:36:13.509, 5, 102720, 100, 1018.88
2026/08/07 13:36:13.509, 6, 102720, 100, 997.81
2026/08/07 13:36:13.509, 7, 102720, 100, 1027.52
2026/08/07 13:36:14.009, 0, 101138, 98, 1008.71
2026/08/07 13:36:14.009, 1, 102592, 100, 1022.01
2026/08/07 13:36:14.009, 2, 102592, 100, 1000.78
2026/08/07 13:36:14.009, 3, 102592, 100, 1030.94
2026/08/07 13:36:14.009, 4, 101266, 100, 992.67
2026/08/07 13:36:14.009, 5, 102720, 100, 1012.97
2026/08/07 13:36:14.009, 6, 102720, 100, 1002.35
2026/08/07 13:36:14.009, 7, 102720, 100, 1031.70
2026/08/07 13:36:14.509, 0, 101138, 100, 1022.92
2026/08/07 13:36:14.509, 1, 102592, 100, 1035.72
2026/08/07 13:36:14.509, 2, 102592, 100, 1006.91
2026/08/07 13:36:14.509, 3, 102592, 100, 1014.28
2026/08/07 13:36:14.509, 4, 101266, 100, 989.88
2026/08/07 13:36:14.509, 5, 102720, 100, 1016.58
2026/08/07 13:36:14.509, 6, 102720, 100, 998.05
2026/08/07 13:36:14.510, 7, 102720, 100, 1028.23
2026/08/07 13:36:15.010, 0, 101138, 100, 1023.22
2026/08/07 13:36:15.011, 1, 102592, 100, 1038.34
2026/08/07 13:36:15.011, 2, 102592, 100, 1016.65
2026/08/07 13:36:15.011, 3, 102592, 100, 1024.58
2026/08/07 13:36:15.011, 4, 101266, 100, 993.38
2026/08/07 13:36:15.011, 5, 102720, 100, 1014.87
2026/08/07 13:36:15.011, 6, 102720, 100, 1002.83
2026/08/07 13:36:15.011, 7, 102720, 100, 1020.19
2026/08/07 13:36:15.511, 0, 101138, 99, 1011.66
2026/08/07 13:36:15.511, 1, 102592, 99, 1025.30
2026/08/07 13:36:15.511, 2, 102592, 100, 1009.32
2026/08/07 13:36:15.511, 3, 102592, 99, 1031.19
2026/08/07 13:36:15.511, 4, 101266, 100, 987.91
2026/08/07 13:36:15.511, 5, 102720, 100, 1005.27
2026/08/07 13:36:15.511, 6, 102720, 100, 1003.66
2026/08/07 13:36:15.511, 7, 102720, 100, 1029.95
2026/08/07 13:36:16.011, 0, 101138, 100, 1023.60
2026/08/07 13:36:16.011, 1, 102592, 100, 1037.66
2026/08/07 13:36:16.011, 2, 102592, 100, 1014.94
2026/08/07 13:36:16.011, 3, 102592, 100, 1024.84
2026/08/07 13:36:16.011, 4, 101266, 100, 988.96
2026/08/07 13:36:16.011, 5, 102720, 100, 1008.28
2026/08/07 13:36:16.011, 6, 102720, 100, 1002.54
2026/08/07 13:36:16.011, 7, 102720, 100, 1029.29
2026/08/07 13:36:16.511, 0, 101138, 100, 1025.88
2026/08/07 13:36:16.511, 1, 102592, 100, 1038.28
2026/08/07 13:36:16.511, 2, 102592, 100, 1019.67
2026/08/07 13:36:16.512, 3, 102592, 100, 1031.00
2026/08/07 13:36:16.512, 4, 101266, 100, 989.09
2026/08/07 13:36:16.512, 5, 102720, 100, 1013.45
2026/08/07 13:36:16.512, 6, 102720, 100, 1013.53
2026/08/07 13:36:16.512, 7, 102720, 100, 1034.35
2026/08/07 13:36:17.012, 0, 101138, 100, 1011.74
2026/08/07 13:36:17.012, 1, 102592, 100, 1031.54
2026/08/07 13:36:17.012, 2, 102592, 100, 1008.68
2026/08/07 13:36:17.012, 3, 102592, 100, 1034.25
2026/08/07 13:36:17.012, 4, 101266, 100, 985.18
2026/08/07 13:36:17.012, 5, 102720, 99, 1015.17
2026/08/07 13:36:17.012, 6, 102720, 99, 1008.25
2026/08/07 13:36:17.012, 7, 102720, 100, 1038.34
2026/08/07 13:36:17.512, 0, 101138, 100, 1003.20
2026/08/07 13:36:17.512, 1, 102592, 100, 1027.30
2026/08/07 13:36:17.512, 2, 102592, 100, 1002.46
2026/08/07 13:36:17.512, 3, 102592, 100, 1032.87
2026/08/07 13:36:17.512, 4, 101266, 100, 990.59
2026/08/07 13:36:17.512, 5, 102720, 100, 1010.57
2026/08/07 13:36:17.512, 6, 102720, 100, 1005.07
2026/08/07 13:36:17.512, 7, 102720, 100, 1029.01
2026/08/07 13:36:18.012, 0, 101138, 100, 1010.41
2026/08/07 13:36:18.012, 1, 102592, 100, 1028.11
2026/08/07 13:36:18.012, 2, 102592, 100, 1007.50
2026/08/07 13:36:18.012, 3, 102592, 100, 1033.82
2026/08/07 13:36:18.012, 4, 101266, 100, 991.19
2026/08/07 13:36:18.012, 5, 102720, 100, 1011.60
2026/08/07 13:36:18.012, 6, 102720, 100, 1004.86
2026/08/07 13:36:18.012, 7, 102720, 100, 1033.11
2026/08/07 13:36:18.519, 0, 101138, 100, 1013.82
2026/08/07 13:36:18.519, 1, 102592, 100, 1029.95
2026/08/07 13:36:18.519, 2, 102592, 100, 1008.26
2026/08/07 13:36:18.519, 3, 102592, 100, 1036.59
2026/08/07 13:36:18.519, 4, 101266, 100, 988.14
2026/08/07 13:36:18.519, 5, 102720, 100, 1011.76
2026/08/07 13:36:18.519, 6, 102720, 100, 1002.16
2026/08/07 13:36:18.519, 7, 102720, 100, 1036.50
2026/08/07 13:36:19.019, 0, 101138, 100, 1001.90
2026/08/07 13:36:19.019, 1, 102592, 100, 1025.53
2026/08/07 13:36:19.019, 2, 102592, 100, 1003.75
2026/08/07 13:36:19.019, 3, 102592, 100, 1044.16
2026/08/07 13:36:19.019, 4, 101266, 100, 987.96
2026/08/07 13:36:19.019, 5, 102720, 100, 1008.17
2026/08/07 13:36:19.019, 6, 102720, 100, 1011.23
2026/08/07 13:36:19.019, 7, 102720, 100, 1038.96
2026/08/07 13:36:19.519, 0, 101138, 99, 1002.30
2026/08/07 13:36:19.519, 1, 102592, 100, 1020.93
2026/08/07 13:36:19.519, 2, 102592, 99, 999.15
2026/08/07 13:36:19.519, 3, 102592, 100, 1038.76
2026/08/07 13:36:19.519, 4, 101266, 100, 983.41
2026/08/07 13:36:19.519, 5, 102720, 100, 1007.33
2026/08/07 13:36:19.519, 6, 102720, 100, 1009.49
2026/08/07 13:36:19.519, 7, 102720, 100, 1043.45
2026/08/07 13:36:20.019, 0, 101138, 100, 1005.71
2026/08/07 13:36:20.019, 1, 102592, 100, 1024.09
2026/08/07 13:36:20.019, 2, 102592, 100, 1002.42
2026/08/07 13:36:20.019, 3, 102592, 100, 1038.88
2026/08/07 13:36:20.019, 4, 101266, 100, 984.73
2026/08/07 13:36:20.019, 5, 102720, 100, 1008.72
2026/08/07 13:36:20.019, 6, 102720, 100, 1004.63
2026/08/07 13:36:20.019, 7, 102720, 100, 1039.03
2026/08/07 13:36:20.519, 0, 101138, 100, 1016.23
2026/08/07 13:36:20.519, 1, 102592, 100, 1035.83
2026/08/07 13:36:20.519, 2, 102592, 100, 1008.30
2026/08/07 13:36:20.519, 3, 102592, 100, 1019.08
2026/08/07 13:36:20.519, 4, 101266, 100, 988.36
2026/08/07 13:36:20.519, 5, 102720, 100, 1007.35
2026/08/07 13:36:20.519, 6, 102720, 100, 1011.70
2026/08/07 13:36:20.519, 7, 102720, 100, 1038.30
2026/08/07 13:36:21.019, 0, 101138, 100, 1011.16
2026/08/07 13:36:21.020, 1, 102592, 100, 1034.52
2026/08/07 13:36:21.020, 2, 102592, 100, 1005.88
2026/08/07 13:36:21.020, 3, 102592, 100, 1016.52
2026/08/07 13:36:21.020, 4, 101266, 100, 987.01
2026/08/07 13:36:21.020, 5, 102720, 100, 1011.43
2026/08/07 13:36:21.020, 6, 102720, 99, 1002.78
2026/08/07 13:36:21.020, 7, 102720, 100, 1043.60
2026/08/07 13:36:21.520, 0, 101138, 100, 1019.43
2026/08/07 13:36:21.523, 1, 102592, 100, 1043.86
2026/08/07 13:36:21.523, 2, 102592, 100, 1011.88
2026/08/07 13:36:21.523, 3, 102592, 100, 1019.89
2026/08/07 13:36:21.523, 4, 101266, 100, 991.17
2026/08/07 13:36:21.523, 5, 102720, 100, 1017.36
2026/08/07 13:36:21.523, 6, 102720, 100, 1001.55
2026/08/07 13:36:21.523, 7, 102720, 100, 1034.92
2026/08/07 13:36:22.023, 0, 101138, 100, 1033.41
2026/08/07 13:36:22.023, 1, 102592, 100, 1051.81
2026/08/07 13:36:22.023, 2, 102592, 100, 1021.72
2026/08/07 13:36:22.023, 3, 102592, 100, 1017.67
2026/08/07 13:36:22.023, 4, 101266, 100, 991.89
2026/08/07 13:36:22.023, 5, 102720, 100, 1015.70
2026/08/07 13:36:22.023, 6, 102720, 100, 1006.40
2026/08/07 13:36:22.023, 7, 102720, 100, 1035.78
2026/08/07 13:36:22.523, 0, 101138, 100, 1012.80
2026/08/07 13:36:22.523, 1, 102592, 100, 1033.06
2026/08/07 13:36:22.523, 2, 102592, 100, 1007.82
2026/08/07 13:36:22.523, 3, 102592, 100, 1036.36
2026/08/07 13:36:22.523, 4, 101266, 100, 986.91
2026/08/07 13:36:22.523, 5, 102720, 100, 1009.91
2026/08/07 13:36:22.523, 6, 102720, 100, 1002.87
2026/08/07 13:36:22.523, 7, 102720, 100, 1036.17
2026/08/07 13:36:23.023, 0, 101138, 100, 998.45
2026/08/07 13:36:23.023, 1, 102592, 100, 1019.38
2026/08/07 13:36:23.023, 2, 102592, 100, 1000.85
2026/08/07 13:36:23.023, 3, 102592, 100, 1040.64
2026/08/07 13:36:23.023, 4, 101266, 100, 985.34
2026/08/07 13:36:23.023, 5, 102720, 100, 1009.22
2026/08/07 13:36:23.023, 6, 102720, 100, 1007.72
2026/08/07 13:36:23.024, 7, 102720, 100, 1034.81
2026/08/07 13:36:23.524, 0, 101138, 98, 1005.45
2026/08/07 13:36:23.524, 1, 102592, 100, 1022.19
2026/08/07 13:36:23.524, 2, 102592, 100, 1004.28
2026/08/07 13:36:23.524, 3, 102592, 100, 1032.07
2026/08/07 13:36:23.524, 4, 101266, 100, 986.50
2026/08/07 13:36:23.524, 5, 102720, 100, 1017.08
2026/08/07 13:36:23.524, 6, 102720, 100, 1001.78
2026/08/07 13:36:23.524, 7, 102720, 100, 1042.67
2026/08/07 13:36:24.024, 0, 101138, 100, 1002.90
2026/08/07 13:36:24.024, 1, 102592, 100, 1026.94
2026/08/07 13:36:24.024, 2, 102592, 100, 1005.28
2026/08/07 13:36:24.024, 3, 102592, 100, 1033.96
2026/08/07 13:36:24.024, 4, 101266, 100, 997.81
2026/08/07 13:36:24.024, 5, 102720, 100, 1024.85
2026/08/07 13:36:24.024, 6, 102720, 100, 998.95
2026/08/07 13:36:24.024, 7, 102720, 100, 1031.58
2026/08/07 13:36:24.524, 0, 101138, 100, 1000.95
2026/08/07 13:36:24.524, 1, 102592, 100, 1019.89
2026/08/07 13:36:24.524, 2, 102592, 100, 1007.25
2026/08/07 13:36:24.524, 3, 102592, 100, 1043.43
2026/08/07 13:36:24.524, 4, 101266, 100, 1012.07
2026/08/07 13:36:24.524, 5, 102720, 100, 1035.28
2026/08/07 13:36:24.524, 6, 102720, 100, 1000.63
2026/08/07 13:36:24.524, 7, 102720, 100, 1026.60
2026/08/07 13:36:25.024, 0, 101138, 100, 1002.65
2026/08/07 13:36:25.024, 1, 102592, 100, 1016.41
2026/08/07 13:36:25.024, 2, 102592, 100, 1001.61
2026/08/07 13:36:25.024, 3, 102592, 100, 1038.34
2026/08/07 13:36:25.024, 4, 101266, 100, 1005.71
2026/08/07 13:36:25.024, 5, 102720, 100, 1039.58
2026/08/07 13:36:25.024, 6, 102720, 100, 992.25
2026/08/07 13:36:25.024, 7, 102720, 100, 1032.96
2026/08/07 13:36:25.524, 0, 101138, 100, 1000.56
2026/08/07 13:36:25.524, 1, 102592, 100, 1021.75
2026/08/07 13:36:25.524, 2, 102592, 100, 995.84
2026/08/07 13:36:25.524, 3, 102592, 100, 1038.23
2026/08/07 13:36:25.524, 4, 101266, 100, 995.62
2026/08/07 13:36:25.524, 5, 102720, 100, 1022.18
2026/08/07 13:36:25.524, 6, 102720, 100, 1006.55
2026/08/07 13:36:25.524, 7, 102720, 100, 1027.65
2026/08/07 13:36:26.024, 0, 101138, 100, 1004.62
2026/08/07 13:36:26.025, 1, 102592, 100, 1021.97
2026/08/07 13:36:26.026, 2, 102592, 100, 1004.43
2026/08/07 13:36:26.027, 3, 102592, 100, 1036.73
2026/08/07 13:36:26.028, 4, 101266, 100, 990.27
2026/08/07 13:36:26.028, 5, 102720, 100, 1013.88
2026/08/07 13:36:26.029, 6, 102720, 100, 1011.90
2026/08/07 13:36:26.030, 7, 102720, 100, 1032.88
2026/08/07 13:36:26.531, 0, 101138, 100, 1001.82
2026/08/07 13:36:26.531, 1, 102592, 100, 1020.92
2026/08/07 13:36:26.531, 2, 102592, 100, 1004.26
2026/08/07 13:36:26.531, 3, 102592, 100, 1033.01
2026/08/07 13:36:26.531, 4, 101266, 100, 981.93
2026/08/07 13:36:26.531, 5, 102720, 100, 1010.98
2026/08/07 13:36:26.531, 6, 102720, 100, 995.23
2026/08/07 13:36:26.531, 7, 102720, 100, 1035.43
2026/08/07 13:36:27.031, 0, 101138, 100, 996.54
2026/08/07 13:36:27.031, 1, 102592, 100, 1027.20
2026/08/07 13:36:27.031, 2, 102592, 100, 1000.22
2026/08/07 13:36:27.031, 3, 102592, 100, 1037.41
2026/08/07 13:36:27.031, 4, 101266, 100, 983.92
2026/08/07 13:36:27.031, 5, 102720, 100, 1009.14
2026/08/07 13:36:27.031, 6, 102720, 100, 995.37
2026/08/07 13:36:27.031, 7, 102720, 100, 1031.96
2026/08/07 13:36:27.531, 0, 101138, 100, 996.22
2026/08/07 13:36:27.531, 1, 102592, 100, 1020.69
2026/08/07 13:36:27.531, 2, 102592, 100, 996.66
2026/08/07 13:36:27.531, 3, 102592, 99, 1038.19
2026/08/07 13:36:27.532, 4, 101266, 100, 986.62
2026/08/07 13:36:27.532, 5, 102720, 100, 1002.55
2026/08/07 13:36:27.532, 6, 102720, 100, 996.84
2026/08/07 13:36:27.532, 7, 102720, 100, 1033.25
2026/08/07 13:36:28.032, 0, 101138, 100, 1012.11
2026/08/07 13:36:28.032, 1, 102592, 100, 1033.00
2026/08/07 13:36:28.033, 2, 102592, 100, 1000.32
2026/08/07 13:36:28.034, 3, 102592, 100, 1024.35
2026/08/07 13:36:28.034, 4, 101266, 100, 984.94
2026/08/07 13:36:28.035, 5, 102720, 100, 1007.35
2026/08/07 13:36:28.036, 6, 102720, 100, 998.11
2026/08/07 13:36:28.037, 7, 102720, 100, 1025.62
2026/08/07 13:36:28.538, 0, 101138, 100, 1015.51
2026/08/07 13:36:28.538, 1, 102592, 100, 1041.23
2026/08/07 13:36:28.538, 2, 102592, 100, 1005.66
2026/08/07 13:36:28.538, 3, 102592, 100, 1022.38
2026/08/07 13:36:28.538, 4, 101266, 100, 984.18
2026/08/07 13:36:28.538, 5, 102720, 100, 1007.85
2026/08/07 13:36:28.538, 6, 102720, 100, 1002.28
2026/08/07 13:36:28.538, 7, 102720, 100, 1025.19
2026/08/07 13:36:29.038, 0, 101138, 100, 1002.04
2026/08/07 13:36:29.038, 1, 102592, 100, 1025.05
2026/08/07 13:36:29.038, 2, 102592, 100, 1003.16
2026/08/07 13:36:29.038, 3, 102592, 100, 1023.93
2026/08/07 13:36:29.038, 4, 101266, 99, 983.79
2026/08/07 13:36:29.038, 5, 102720, 98, 1007.11
2026/08/07 13:36:29.038, 6, 102720, 100, 998.85
2026/08/07 13:36:29.038, 7, 102720, 100, 1032.61
2026/08/07 13:36:29.538, 0, 101138, 100, 1012.12
2026/08/07 13:36:29.538, 1, 102592, 100, 1035.03
2026/08/07 13:36:29.538, 2, 102592, 100, 1012.09
2026/08/07 13:36:29.538, 3, 102592, 100, 1031.72
2026/08/07 13:36:29.539, 4, 101266, 100, 994.30
2026/08/07 13:36:29.539, 5, 102720, 100, 1027.55
2026/08/07 13:36:29.539, 6, 102720, 100, 997.31
2026/08/07 13:36:29.539, 7, 102720, 100, 1031.39
2026/08/07 13:36:30.039, 0, 101138, 100, 1007.58
2026/08/07 13:36:30.039, 1, 102592, 100, 1030.37
2026/08/07 13:36:30.039, 2, 102592, 100, 1006.82
2026/08/07 13:36:30.039, 3, 102592, 100, 1040.80
2026/08/07 13:36:30.039, 4, 101266, 100, 1009.80
2026/08/07 13:36:30.039, 5, 102720, 100, 1039.95
2026/08/07 13:36:30.039, 6, 102720, 100, 994.80
2026/08/07 13:36:30.039, 7, 102720, 100, 1027.76
2026/08/07 13:36:30.539, 0, 101138, 100, 1002.45
2026/08/07 13:36:30.539, 1, 102592, 100, 1022.92
2026/08/07 13:36:30.539, 2, 102592, 100, 999.07
2026/08/07 13:36:30.539, 3, 102592, 100, 1030.58
2026/08/07 13:36:30.539, 4, 101266, 100, 1002.20
2026/08/07 13:36:30.539, 5, 102720, 100, 1033.35
2026/08/07 13:36:30.539, 6, 102720, 100, 984.49
2026/08/07 13:36:30.539, 7, 102720, 100, 1020.88
2026/08/07 13:36:31.039, 0, 101138, 100, 1013.54
2026/08/07 13:36:31.039, 1, 102592, 100, 1034.38
2026/08/07 13:36:31.040, 2, 102592, 100, 1012.17
2026/08/07 13:36:31.041, 3, 102592, 100, 1026.65
2026/08/07 13:36:31.042, 4, 101266, 100, 990.04
2026/08/07 13:36:31.043, 5, 102720, 100, 1023.61
2026/08/07 13:36:31.044, 6, 102720, 100, 992.88
2026/08/07 13:36:31.045, 7, 102720, 100, 1034.60
2026/08/07 13:36:31.546, 0, 101138, 100, 1003.22
2026/08/07 13:36:31.546, 1, 102592, 100, 1022.72
2026/08/07 13:36:31.546, 2, 102592, 100, 1007.65
2026/08/07 13:36:31.546, 3, 102592, 99, 1026.27
2026/08/07 13:36:31.546, 4, 101266, 100, 982.41
2026/08/07 13:36:31.546, 5, 102720, 100, 1009.86
2026/08/07 13:36:31.546, 6, 102720, 100, 1010.09
2026/08/07 13:36:31.546, 7, 102720, 100, 1048.04
2026/08/07 13:36:32.046, 0, 101138, 100, 1007.93
2026/08/07 13:36:32.046, 1, 102592, 100, 1025.88
2026/08/07 13:36:32.046, 2, 102592, 100, 1007.03
2026/08/07 13:36:32.046, 3, 102592, 100, 1026.32
2026/08/07 13:36:32.046, 4, 101266, 100, 986.13
2026/08/07 13:36:32.047, 5, 102720, 100, 1008.36
2026/08/07 13:36:32.047, 6, 102720, 100, 1004.44
2026/08/07 13:36:32.047, 7, 102720, 100, 1024.03
2026/08/07 13:36:32.547, 0, 101138, 100, 1008.76
2026/08/07 13:36:32.547, 1, 102592, 100, 1023.62
2026/08/07 13:36:32.547, 2, 102592, 100, 1009.26
2026/08/07 13:36:32.547, 3, 102592, 100, 1036.30
2026/08/07 13:36:32.547, 4, 101266, 100, 993.50
2026/08/07 13:36:32.547, 5, 102720, 100, 1008.80
2026/08/07 13:36:32.547, 6, 102720, 100, 1000.83
2026/08/07 13:36:32.547, 7, 102720, 100, 1017.57
2026/08/07 13:36:33.047, 0, 101138, 100, 994.92
2026/08/07 13:36:33.047, 1, 102592, 100, 1009.30
2026/08/07 13:36:33.047, 2, 102592, 100, 993.07
2026/08/07 13:36:33.047, 3, 102592, 100, 1032.68
2026/08/07 13:36:33.047, 4, 101266, 99, 986.33
2026/08/07 13:36:33.047, 5, 102720, 99, 1002.65
2026/08/07 13:36:33.047, 6, 102720, 100, 998.74
2026/08/07 13:36:33.047, 7, 102720, 99, 1022.36
2026/08/07 13:36:33.547, 0, 101138, 100, 1009.59
2026/08/07 13:36:33.547, 1, 102592, 100, 1030.41
2026/08/07 13:36:33.547, 2, 102592, 100, 1002.33
2026/08/07 13:36:33.547, 3, 102592, 100, 1022.13
2026/08/07 13:36:33.547, 4, 101266, 100, 991.35
2026/08/07 13:36:33.547, 5, 102720, 100, 1015.48
2026/08/07 13:36:33.547, 6, 102720, 100, 989.48
2026/08/07 13:36:33.547, 7, 102720, 100, 1022.36
2026/08/07 13:36:34.047, 0, 101138, 100, 1019.93
2026/08/07 13:36:34.047, 1, 102592, 100, 1048.14
2026/08/07 13:36:34.047, 2, 102592, 100, 1021.73
2026/08/07 13:36:34.047, 3, 102592, 100, 1014.95
2026/08/07 13:36:34.047, 4, 101266, 100, 1002.20
2026/08/07 13:36:34.047, 5, 102720, 100, 1020.45
2026/08/07 13:36:34.047, 6, 102720, 100, 995.97
2026/08/07 13:36:34.047, 7, 102720, 100, 1019.42
2026/08/07 13:36:34.547, 0, 101138, 100, 1008.02
2026/08/07 13:36:34.547, 1, 102592, 100, 1034.41
2026/08/07 13:36:34.547, 2, 102592, 100, 1006.13
2026/08/07 13:36:34.547, 3, 102592, 100, 1014.70
2026/08/07 13:36:34.547, 4, 101266, 100, 987.64
2026/08/07 13:36:34.547, 5, 102720, 100, 1013.37
2026/08/07 13:36:34.547, 6, 102720, 100, 998.03
2026/08/07 13:36:34.547, 7, 102720, 100, 1023.09
2026/08/07 13:36:35.047, 0, 101138, 100, 1015.65
2026/08/07 13:36:35.047, 1, 102592, 100, 1036.73
2026/08/07 13:36:35.048, 2, 102592, 100, 1008.43
2026/08/07 13:36:35.048, 3, 102592, 100, 1017.55
2026/08/07 13:36:35.048, 4, 101266, 100, 992.05
2026/08/07 13:36:35.048, 5, 102720, 100, 1017.10
2026/08/07 13:36:35.048, 6, 102720, 100, 1003.03
2026/08/07 13:36:35.048, 7, 102720, 100, 1027.99
2026/08/07 13:36:35.548, 0, 101138, 100, 1015.57
2026/08/07 13:36:35.548, 1, 102592, 100, 1035.53
2026/08/07 13:36:35.548, 2, 102592, 100, 1013.86
2026/08/07 13:36:35.548, 3, 102592, 99, 1017.40
2026/08/07 13:36:35.548, 4, 101266, 100, 998.28
2026/08/07 13:36:35.548, 5, 102720, 100, 1015.27
2026/08/07 13:36:35.548, 6, 102720, 100, 1009.15
2026/08/07 13:36:35.548, 7, 102720, 100, 1017.25
2026/08/07 13:36:36.048, 0, 101138, 100, 1010.64
2026/08/07 13:36:36.048, 1, 102592, 100, 1030.08
2026/08/07 13:36:36.048, 2, 102592, 100, 1010.06
2026/08/07 13:36:36.048, 3, 102592, 100, 1022.62
2026/08/07 13:36:36.048, 4, 101266, 100, 987.88
2026/08/07 13:36:36.048, 5, 102720, 100, 1010.73
2026/08/07 13:36:36.048, 6, 102720, 100, 997.59
2026/08/07 13:36:36.048, 7, 102720, 100, 1021.87
2026/08/07 13:36:36.548, 0, 101138, 100, 1009.85
2026/08/07 13:36:36.549, 1, 102592, 100, 1022.91
2026/08/07 13:36:36.549, 2, 102592, 100, 1005.63
2026/08/07 13:36:36.549, 3, 102592, 100, 1033.25
2026/08/07 13:36:36.549, 4, 101266, 100, 984.28
2026/08/07 13:36:36.549, 5, 102720, 100, 1006.91
2026/08/07 13:36:36.549, 6, 102720, 100, 1006.91
2026/08/07 13:36:36.549, 7, 102720, 100, 1031.67
2026/08/07 13:36:37.049, 0, 101138, 100, 998.08
2026/08/07 13:36:37.049, 1, 102592, 100, 1014.70
2026/08/07 13:36:37.049, 2, 102592, 100, 997.42
2026/08/07 13:36:37.049, 3, 102592, 100, 1030.06
2026/08/07 13:36:37.049, 4, 101266, 99, 984.25
2026/08/07 13:36:37.049, 5, 102720, 99, 1002.39
2026/08/07 13:36:37.049, 6, 102720, 100, 1007.85
2026/08/07 13:36:37.049, 7, 102720, 99, 1024.80
2026/08/07 13:36:37.549, 0, 101138, 100, 998.79
2026/08/07 13:36:37.549, 1, 102592, 100, 1026.76
2026/08/07 13:36:37.549, 2, 102592, 100, 1003.38
2026/08/07 13:36:37.549, 3, 102592, 100, 1027.57
2026/08/07 13:36:37.549, 4, 101266, 100, 992.62
2026/08/07 13:36:37.549, 5, 102720, 100, 1023.04
2026/08/07 13:36:37.549, 6, 102720, 100, 993.67
2026/08/07 13:36:37.549, 7, 102720, 100, 1026.48
2026/08/07 13:36:38.049, 0, 101138, 100, 995.61
2026/08/07 13:36:38.049, 1, 102592, 100, 1017.56
2026/08/07 13:36:38.049, 2, 102592, 100, 1002.00
2026/08/07 13:36:38.049, 3, 102592, 100, 1036.95
2026/08/07 13:36:38.049, 4, 101266, 100, 1000.13
2026/08/07 13:36:38.049, 5, 102720, 100, 1034.53
2026/08/07 13:36:38.049, 6, 102720, 100, 984.53
2026/08/07 13:36:38.049, 7, 102720, 100, 1036.81
2026/08/07 13:36:38.549, 0, 101138, 100, 998.85
2026/08/07 13:36:38.549, 1, 102592, 100, 1014.22
2026/08/07 13:36:38.549, 2, 102592, 100, 996.32
2026/08/07 13:36:38.549, 3, 102592, 100, 1028.25
2026/08/07 13:36:38.549, 4, 101266, 99, 992.16
2026/08/07 13:36:38.549, 5, 102720, 99, 1023.77
2026/08/07 13:36:38.549, 6, 102720, 100, 981.43
2026/08/07 13:36:38.549, 7, 102720, 100, 1037.48
2026/08/07 13:36:39.050, 0, 101138, 100, 1013.20
2026/08/07 13:36:39.052, 1, 102592, 100, 1033.40
2026/08/07 13:36:39.053, 2, 102592, 100, 1006.12
2026/08/07 13:36:39.057, 3, 102592, 100, 1022.62
2026/08/07 13:36:39.061, 4, 101266, 100, 994.05
2026/08/07 13:36:39.062, 5, 102720, 100, 1021.70
2026/08/07 13:36:39.066, 6, 102720, 100, 995.39
2026/08/07 13:36:39.066, 7, 102720, 100, 1033.73
2026/08/07 13:36:39.566, 0, 101138, 100, 1000.65
2026/08/07 13:36:39.566, 1, 102592, 99, 1022.14
2026/08/07 13:36:39.566, 2, 102592, 100, 1002.15
2026/08/07 13:36:39.566, 3, 102592, 99, 1022.56
2026/08/07 13:36:39.566, 4, 101266, 100, 995.68
2026/08/07 13:36:39.566, 5, 102720, 100, 1021.45
2026/08/07 13:36:39.566, 6, 102720, 100, 1005.84
2026/08/07 13:36:39.566, 7, 102720, 100, 1022.14
2026/08/07 13:36:40.066, 0, 101138, 100, 996.10
2026/08/07 13:36:40.066, 1, 102592, 100, 1021.42
2026/08/07 13:36:40.066, 2, 102592, 100, 1002.06
2026/08/07 13:36:40.066, 3, 102592, 100, 1027.55
2026/08/07 13:36:40.066, 4, 101266, 100, 991.49
2026/08/07 13:36:40.066, 5, 102720, 100, 1017.19
2026/08/07 13:36:40.066, 6, 102720, 100, 997.43
2026/08/07 13:36:40.066, 7, 102720, 100, 1016.66
2026/08/07 13:36:40.567, 0, 101138, 100, 1000.43
2026/08/07 13:36:40.567, 1, 102592, 100, 1027.10
2026/08/07 13:36:40.567, 2, 102592, 100, 1005.30
2026/08/07 13:36:40.567, 3, 102592, 100, 1021.77
2026/08/07 13:36:40.567, 4, 101266, 100, 990.15
2026/08/07 13:36:40.567, 5, 102720, 100, 1010.94
2026/08/07 13:36:40.567, 6, 102720, 100, 1007.73
2026/08/07 13:36:40.567, 7, 102720, 100, 1018.97
2026/08/07 13:36:41.067, 0, 101138, 100, 995.21
2026/08/07 13:36:41.067, 1, 102592, 99, 1016.69
2026/08/07 13:36:41.067, 2, 102592, 100, 995.97
2026/08/07 13:36:41.067, 3, 102592, 99, 1017.14
2026/08/07 13:36:41.067, 4, 101266, 99, 986.74
2026/08/07 13:36:41.067, 5, 102720, 100, 1006.12
2026/08/07 13:36:41.067, 6, 102720, 100, 1009.09
2026/08/07 13:36:41.067, 7, 102720, 99, 1010.72
2026/08/07 13:36:41.567, 0, 101138, 100, 998.77
2026/08/07 13:36:41.567, 1, 102592, 100, 1019.54
2026/08/07 13:36:41.569, 2, 102592, 100, 999.63
2026/08/07 13:36:41.570, 3, 102592, 100, 1023.84
2026/08/07 13:36:41.571, 4, 101266, 100, 991.84
2026/08/07 13:36:41.572, 5, 102720, 100, 1011.95
2026/08/07 13:36:41.573, 6, 102720, 100, 998.97
2026/08/07 13:36:41.574, 7, 102720, 100, 1014.49
2026/08/07 13:36:42.075, 0, 101138, 100, 1006.68
2026/08/07 13:36:42.075, 1, 102592, 100, 1025.50
2026/08/07 13:36:42.076, 2, 102592, 100, 1004.08
2026/08/07 13:36:42.076, 3, 102592, 100, 1014.30
2026/08/07 13:36:42.076, 4, 101266, 100, 997.04
2026/08/07 13:36:42.076, 5, 102720, 100, 1018.17
2026/08/07 13:36:42.076, 6, 102720, 100, 998.79
2026/08/07 13:36:42.076, 7, 102720, 100, 1016.13
2026/08/07 13:36:42.576, 0, 101138, 100, 1004.73
2026/08/07 13:36:42.576, 1, 102592, 100, 1022.93
2026/08/07 13:36:42.576, 2, 102592, 100, 999.10
2026/08/07 13:36:42.576, 3, 102592, 100, 1008.22
2026/08/07 13:36:42.576, 4, 101266, 99, 991.69
2026/08/07 13:36:42.576, 5, 102720, 100, 1013.13
2026/08/07 13:36:42.576, 6, 102720, 100, 994.86
2026/08/07 13:36:42.576, 7, 102720, 99, 1011.68
2026/08/07 13:36:43.076, 0, 101138, 100, 997.82
2026/08/07 13:36:43.076, 1, 102592, 100, 1023.79
2026/08/07 13:36:43.076, 2, 102592, 100, 996.05
2026/08/07 13:36:43.076, 3, 102592, 100, 1016.98
2026/08/07 13:36:43.076, 4, 101266, 100, 988.30
2026/08/07 13:36:43.076, 5, 102720, 100, 1003.04
2026/08/07 13:36:43.076, 6, 102720, 100, 1001.98
2026/08/07 13:36:43.076, 7, 102720, 100, 1014.74
2026/08/07 13:36:43.576, 0, 101138, 100, 994.51
2026/08/07 13:36:43.576, 1, 102592, 99, 1022.27
2026/08/07 13:36:43.576, 2, 102592, 100, 992.89
2026/08/07 13:36:43.576, 3, 102592, 99, 1015.61
2026/08/07 13:36:43.576, 4, 101266, 100, 987.91
2026/08/07 13:36:43.576, 5, 102720, 100, 996.79
2026/08/07 13:36:43.576, 6, 102720, 100, 1010.62
2026/08/07 13:36:43.576, 7, 102720, 100, 1014.76
2026/08/07 13:36:44.076, 0, 101138, 100, 996.09
2026/08/07 13:36:44.076, 1, 102592, 100, 1021.49
2026/08/07 13:36:44.076, 2, 102592, 100, 993.78
2026/08/07 13:36:44.076, 3, 102592, 100, 1016.20
2026/08/07 13:36:44.076, 4, 101266, 100, 983.01
2026/08/07 13:36:44.076, 5, 102720, 100, 1001.23
2026/08/07 13:36:44.076, 6, 102720, 100, 1000.84
2026/08/07 13:36:44.076, 7, 102720, 100, 1025.78
2026/08/07 13:36:44.576, 0, 101138, 100, 1012.26
2026/08/07 13:36:44.576, 1, 102592, 100, 1031.37
2026/08/07 13:36:44.576, 2, 102592, 100, 1007.69
2026/08/07 13:36:44.576, 3, 102592, 100, 1019.57
2026/08/07 13:36:44.576, 4, 101266, 100, 982.06
2026/08/07 13:36:44.576, 5, 102720, 100, 1004.64
2026/08/07 13:36:44.576, 6, 102720, 100, 1003.56
2026/08/07 13:36:44.577, 7, 102720, 100, 1024.94
2026/08/07 13:36:45.077, 0, 101138, 100, 1009.27
2026/08/07 13:36:45.077, 1, 102592, 99, 1026.86
2026/08/07 13:36:45.077, 2, 102592, 100, 1008.40
2026/08/07 13:36:45.077, 3, 102592, 99, 1014.96
2026/08/07 13:36:45.077, 4, 101266, 100, 976.44
2026/08/07 13:36:45.077, 5, 102720, 99, 999.47
2026/08/07 13:36:45.077, 6, 102720, 99, 993.66
2026/08/07 13:36:45.077, 7, 102720, 99, 1012.32
2026/08/07 13:36:45.577, 0, 101138, 100, 1009.11
2026/08/07 13:36:45.577, 1, 102592, 100, 1025.45
2026/08/07 13:36:45.577, 2, 102592, 100, 1007.29
2026/08/07 13:36:45.577, 3, 102592, 100, 1018.49
2026/08/07 13:36:45.577, 4, 101266, 100, 982.30
2026/08/07 13:36:45.577, 5, 102720, 100, 1007.54
2026/08/07 13:36:45.577, 6, 102720, 100, 987.31
2026/08/07 13:36:45.577, 7, 102720, 100, 1025.61
2026/08/07 13:36:46.077, 0, 101138, 100, 1010.95
2026/08/07 13:36:46.077, 1, 102592, 100, 1023.45
2026/08/07 13:36:46.077, 2, 102592, 100, 1008.04
2026/08/07 13:36:46.077, 3, 102592, 100, 1025.51
2026/08/07 13:36:46.077, 4, 101266, 100, 986.95
2026/08/07 13:36:46.077, 5, 102720, 100, 1007.91
2026/08/07 13:36:46.077, 6, 102720, 100, 996.47
2026/08/07 13:36:46.077, 7, 102720, 100, 1029.22
2026/08/07 13:36:46.577, 0, 101138, 100, 1005.48
2026/08/07 13:36:46.577, 1, 102592, 100, 1022.42
2026/08/07 13:36:46.577, 2, 102592, 100, 997.75
2026/08/07 13:36:46.577, 3, 102592, 100, 1022.81
2026/08/07 13:36:46.577, 4, 101266, 99, 977.98
2026/08/07 13:36:46.577, 5, 102720, 100, 1000.73
2026/08/07 13:36:46.577, 6, 102720, 99, 988.33
2026/08/07 13:36:46.577, 7, 102720, 99, 1018.51
2026/08/07 13:36:47.077, 0, 101138, 100, 1011.71
2026/08/07 13:36:47.077, 1, 102592, 100, 1030.80
2026/08/07 13:36:47.077, 2, 102592, 100, 1001.96
2026/08/07 13:36:47.077, 3, 102592, 100, 1019.82
2026/08/07 13:36:47.077, 4, 101266, 100, 980.83
2026/08/07 13:36:47.077, 5, 102720, 100, 1002.18
2026/08/07 13:36:47.077, 6, 102720, 100, 991.30
2026/08/07 13:36:47.077, 7, 102720, 100, 1022.85
2026/08/07 13:36:47.577, 0, 101138, 100, 1009.30
2026/08/07 13:36:47.578, 1, 102592, 99, 1022.23
2026/08/07 13:36:47.579, 2, 102592, 100, 1008.89
2026/08/07 13:36:47.580, 3, 102592, 99, 1017.24
2026/08/07 13:36:47.581, 4, 101266, 100, 982.06
2026/08/07 13:36:47.583, 5, 102720, 100, 997.38
2026/08/07 13:36:47.584, 6, 102720, 100, 1001.70
2026/08/07 13:36:47.585, 7, 102720, 100, 1020.72
2026/08/07 13:36:48.086, 0, 101138, 100, 1007.60
2026/08/07 13:36:48.086, 1, 102592, 100, 1027.23
2026/08/07 13:36:48.086, 2, 102592, 100, 1005.50
2026/08/07 13:36:48.086, 3, 102592, 100, 1017.94
2026/08/07 13:36:48.086, 4, 101266, 100, 982.73
2026/08/07 13:36:48.086, 5, 102720, 100, 1003.74
2026/08/07 13:36:48.086, 6, 102720, 100, 990.66
2026/08/07 13:36:48.086, 7, 102720, 100, 1019.12
2026/08/07 13:36:48.586, 0, 101138, 100, 1010.76
2026/08/07 13:36:48.586, 1, 102592, 100, 1026.79
2026/08/07 13:36:48.586, 2, 102592, 100, 1000.75
2026/08/07 13:36:48.586, 3, 102592, 100, 1019.67
2026/08/07 13:36:48.586, 4, 101266, 100, 988.96
2026/08/07 13:36:48.586, 5, 102720, 100, 1007.24
2026/08/07 13:36:48.586, 6, 102720, 100, 990.07
2026/08/07 13:36:48.586, 7, 102720, 100, 1021.59
2026/08/07 13:36:49.086, 0, 102638, 100, 984.88
2026/08/07 13:36:49.086, 1, 104092, 99, 985.57
2026/08/07 13:36:49.086, 2, 104092, 100, 976.81
2026/08/07 13:36:49.086, 3, 104092, 99, 979.16
2026/08/07 13:36:49.086, 4, 101266, 100, 969.42
2026/08/07 13:36:49.086, 5, 102720, 99, 992.00
2026/08/07 13:36:49.086, 6, 102720, 98, 983.28
2026/08/07 13:36:49.086, 7, 102720, 100, 1012.70
2026/08/07 13:36:49.586, 0, 102638, 100, 895.75
2026/08/07 13:36:49.587, 1, 104092, 100, 897.69
2026/08/07 13:36:49.588, 2, 104092, 100, 893.12
2026/08/07 13:36:49.589, 3, 104092, 100, 899.39
2026/08/07 13:36:49.589, 4, 102766, 100, 883.92
2026/08/07 13:36:49.590, 5, 104220, 100, 910.49
2026/08/07 13:36:49.591, 6, 104220, 100, 895.10
2026/08/07 13:36:49.592, 7, 104220, 100, 934.78
2026/08/07 13:36:50.092, 0, 105638, 100, 831.94
2026/08/07 13:36:50.092, 1, 107092, 100, 845.82
2026/08/07 13:36:50.092, 2, 107092, 100, 828.07
2026/08/07 13:36:50.092, 3, 107092, 100, 852.33
2026/08/07 13:36:50.092, 4, 102766, 100, 815.64
2026/08/07 13:36:50.092, 5, 104220, 100, 839.66
2026/08/07 13:36:50.092, 6, 104220, 100, 815.71
2026/08/07 13:36:50.092, 7, 104220, 100, 853.91
2026/08/07 13:36:50.592, 0, 105638, 0, 534.99
2026/08/07 13:36:50.592, 1, 107092, 0, 561.42
2026/08/07 13:36:50.592, 2, 107092, 0, 525.47
2026/08/07 13:36:50.592, 3, 107092, 0, 580.61
2026/08/07 13:36:50.593, 4, 105766, 0, 621.01
2026/08/07 13:36:50.593, 5, 107220, 0, 665.41
2026/08/07 13:36:50.593, 6, 107220, 0, 618.80
2026/08/07 13:36:50.593, 7, 107220, 10, 702.00
2026/08/07 13:36:51.093, 0, 105638, 0, 224.70
2026/08/07 13:36:51.093, 1, 107092, 0, 250.97
2026/08/07 13:36:51.093, 2, 107092, 0, 222.12
2026/08/07 13:36:51.093, 3, 107092, 0, 266.29
2026/08/07 13:36:51.093, 4, 105766, 0, 314.83
2026/08/07 13:36:51.093, 5, 107220, 0, 357.49
2026/08/07 13:36:51.093, 6, 107220, 0, 323.48
2026/08/07 13:36:51.093, 7, 107220, 0, 382.45
2026/08/07 13:36:51.594, 0, 105638, 0, 203.78
2026/08/07 13:36:51.594, 1, 107092, 0, 210.56
2026/08/07 13:36:51.594, 2, 107092, 0, 198.37
2026/08/07 13:36:51.594, 3, 107092, 0, 219.11
2026/08/07 13:36:51.594, 4, 105766, 0, 200.39
2026/08/07 13:36:51.594, 5, 107220, 0, 206.31
2026/08/07 13:36:51.594, 6, 107220, 0, 200.57
2026/08/07 13:36:51.594, 7, 107220, 0, 208.27
2026/08/07 13:36:52.094, 0, 105638, 0, 203.27
2026/08/07 13:36:52.095, 1, 107092, 0, 209.72
2026/08/07 13:36:52.095, 2, 107092, 0, 198.06
2026/08/07 13:36:52.096, 3, 107092, 0, 217.70
2026/08/07 13:36:52.096, 4, 105766, 0, 199.86
2026/08/07 13:36:52.096, 5, 107220, 0, 205.44
2026/08/07 13:36:52.096, 6, 107220, 0, 199.87
2026/08/07 13:36:52.096, 7, 107220, 0, 207.69
2026/08/07 13:36:52.596, 0, 105638, 0, 202.57
2026/08/07 13:36:52.596, 1, 107092, 0, 209.24
2026/08/07 13:36:52.596, 2, 107092, 0, 197.95
2026/08/07 13:36:52.596, 3, 107092, 0, 216.93
2026/08/07 13:36:52.596, 4, 105766, 0, 199.51
2026/08/07 13:36:52.596, 5, 107220, 0, 204.87
2026/08/07 13:36:52.596, 6, 107220, 0, 199.72
2026/08/07 13:36:52.596, 7, 107220, 0, 207.31
