2026/08/07 13:34:35.974, 0, 101124, 15, 226.74
2026/08/07 13:34:36.061, 1, 101120, 81, 242.00
2026/08/07 13:34:36.246, 2, 101120, 0, 231.98
2026/08/07 13:34:36.375, 3, 101120, 0, 250.43
2026/08/07 13:34:36.472, 4, 101252, 0, 212.20
2026/08/07 13:34:36.585, 5, 101248, 0, 212.43
2026/08/07 13:34:36.691, 6, 101248, 0, 196.06
2026/08/07 13:34:36.803, 7, 101248, 0, 202.86
2026/08/07 13:34:37.477, 0, 101124, 0, 200.21
2026/08/07 13:34:37.477, 1, 101120, 0, 203.65
2026/08/07 13:34:37.477, 2, 101120, 0, 194.81
2026/08/07 13:34:37.477, 3, 101120, 0, 209.82
2026/08/07 13:34:37.477, 4, 101252, 96, 386.27
2026/08/07 13:34:37.477, 5, 101248, 92, 365.20
2026/08/07 13:34:37.477, 6, 101248, 77, 369.74
2026/08/07 13:34:37.477, 7, 101248, 89, 395.85
2026/08/07 13:34:37.977, 0, 101124, 100, 480.95
2026/08/07 13:34:37.977, 1, 101120, 100, 461.84
2026/08/07 13:34:37.977, 2, 101120, 100, 494.12
2026/08/07 13:34:37.977, 3, 101120, 100, 442.32
2026/08/07 13:34:37.977, 4, 101252, 100, 749.57
2026/08/07 13:34:37.977, 5, 101248, 100, 715.94
2026/08/07 13:34:37.977, 6, 101248, 100, 713.53
2026/08/07 13:34:37.977, 7, 101248, 100, 771.29
2026/08/07 13:34:38.477, 0, 101124, 100, 887.95
2026/08/07 13:34:38.477, 1, 101120, 100, 852.81
2026/08/07 13:34:38.477, 2, 101120, 100, 894.42
2026/08/07 13:34:38.477, 3, 101120, 100, 825.17
2026/08/07 13:34:38.477, 4, 101252, 100, 952.65
2026/08/07 13:34:38.477, 5, 101248, 100, 964.02
2026/08/07 13:34:38.477, 6, 101248, 100, 940.09
2026/08/07 13:34:38.477, 7, 101248, 99, 973.98
2026/08/07 13:34:38.977, 0, 101124, 100, 999.35
2026/08/07 13:34:38.981, 1, 101120, 98, 1007.23
2026/08/07 13:34:38.982, 2, 101120, 99, 993.10
2026/08/07 13:34:38.982, 3, 101120, 98, 994.97
2026/08/07 13:34:38.983, 4, 101252, 100, 988.93
2026/08/07 13:34:38.990, 5, 101248, 100, 1004.94
2026/08/07 13:34:38.991, 6, 101248, 100, 981.70
2026/08/07 13:34:38.991, 7, 101248, 100, 1009.66
2026/08/07 13:34:39.497, 0, 101124, 100, 1000.60
2026/08/07 13:34:39.498, 1, 101120, 100, 1010.64
2026/08/07 13:34:39.498, 2, 101120, 100, 1004.75
2026/08/07 13:34:39.498, 3, 101120, 100, 997.77
2026/08/07 13:34:39.498, 4, 101252, 100, 991.12
2026/08/07 13:34:39.498, 5, 101248, 100, 1005.76
2026/08/07 13:34:39.498, 6, 101248, 100, 982.76
2026/08/07 13:34:39.498, 7, 101248, 100, 1022.08
2026/08/07 13:34:39.998, 0, 101124, 100, 1004.07
2026/08/07 13:34:39.998, 1, 101120, 100, 1012.96
2026/08/07 13:34:39.998, 2, 101120, 100, 1003.14
2026/08/07 13:34:39.998, 3, 101120, 100, 998.91
2026/08/07 13:34:39.998, 4, 101252, 100, 985.01
2026/08/07 13:34:39.998, 5, 101248, 100, 1003.95
2026/08/07 13:34:39.998, 6, 101248, 100, 982.16
2026/08/07 13:34:39.998, 7, 101248, 100, 1023.56
2026/08/07 13:34:40.498, 0, 101124, 100, 1004.21
2026/08/07 13:34:40.498, 1, 101120, 100, 1000.84
2026/08/07 13:34:40.498, 2, 101120, 100, 998.88
2026/08/07 13:34:40.498, 3, 101120, 100, 996.52
2026/08/07 13:34:40.498, 4, 101252, 100, 990.49
2026/08/07 13:34:40.498, 5, 101248, 100, 1008.77
2026/08/07 13:34:40.498, 6, 101248, 100, 983.38
2026/08/07 13:34:40.498, 7, 101248, 100, 1022.74
2026/08/07 13:34:40.998, 0, 101124, 100, 1002.85
2026/08/07 13:34:40.998, 1, 101120, 100, 1002.21
2026/08/07 13:34:40.998, 2, 101120, 100, 1003.25
2026/08/07 13:34:40.998, 3, 101120, 100, 1002.03
2026/08/07 13:34:40.998, 4, 101252, 98, 989.35
2026/08/07 13:34:40.998, 5, 101248, 100, 1010.11
2026/08/07 13:34:40.998, 6, 101248, 99, 986.82
2026/08/07 13:34:40.998, 7, 101248, 99, 1027.20
2026/08/07 13:34:41.498, 0, 101124, 100, 996.30
2026/08/07 13:34:41.500, 1, 101120, 100, 1004.65
2026/08/07 13:34:41.500, 2, 101120, 100, 996.58
2026/08/07 13:34:41.500, 3, 101120, 100, 999.35
2026/08/07 13:34:41.500, 4, 101252, 100, 991.43
2026/08/07 13:34:41.500, 5, 101248, 100, 1006.63
2026/08/07 13:34:41.500, 6, 101248, 100, 991.94
2026/08/07 13:34:41.500, 7, 101248, 100, 1023.99
2026/08/07 13:34:42.000, 0, 101124, 100, 999.32
2026/08/07 13:34:42.000, 1, 101120, 100, 1004.83
2026/08/07 13:34:42.000, 2, 101120, 100, 992.81
2026/08/07 13:34:42.000, 3, 101120, 100, 992.82
2026/08/07 13:34:42.000, 4, 101252, 100, 986.20
2026/08/07 13:34:42.001, 5, 101248, 98, 1001.79
2026/08/07 13:34:42.001, 6, 101248, 100, 995.10
2026/08/07 13:34:42.001, 7, 101248, 100, 1018.40
2026/08/07 13:34:42.501, 0, 101124, 100, 998.08
2026/08/07 13:34:42.501, 1, 101120, 100, 1005.48
2026/08/07 13:34:42.501, 2, 101120, 100, 993.33
2026/08/07 13:34:42.501, 3, 101120, 100, 989.69
2026/08/07 13:34:42.501, 4, 101252, 100, 985.95
2026/08/07 13:34:42.501, 5, 101248, 100, 1004.55
2026/08/07 13:34:42.501, 6, 101248, 100, 987.14
2026/08/07 13:34:42.501, 7, 101248, 100, 1023.33
2026/08/07 13:34:43.001, 0, 101124, 100, 1002.97
2026/08/07 13:34:43.001, 1, 101120, 100, 1010.65
2026/08/07 13:34:43.001, 2, 101120, 100, 997.37
2026/08/07 13:34:43.001, 3, 101120, 100, 995.92
2026/08/07 13:34:43.001, 4, 101252, 100, 995.31
2026/08/07 13:34:43.001, 5, 101248, 100, 1007.77
2026/08/07 13:34:43.001, 6, 101248, 100, 985.18
2026/08/07 13:34:43.001, 7, 101248, 100, 1025.11
2026/08/07 13:34:43.501, 0, 101124, 100, 1004.98
2026/08/07 13:34:43.501, 1, 101120, 100, 1013.19
2026/08/07 13:34:43.501, 2, 101120, 100, 995.16
2026/08/07 13:34:43.501, 3, 101120, 100, 993.01
2026/08/07 13:34:43.501, 4, 101252, 100, 989.35
2026/08/07 13:34:43.501, 5, 101248, 100, 1003.61
2026/08/07 13:34:43.501, 6, 101248, 100, 983.06
2026/08/07 13:34:43.501, 7, 101248, 100, 1018.22
2026/08/07 13:34:44.001, 0, 101124, 100, 999.05
2026/08/07 13:34:44.001, 1, 101120, 100, 1006.03
2026/08/07 13:34:44.001, 2, 101120, 100, 997.99
2026/08/07 13:34:44.001, 3, 101120, 100, 991.59
2026/08/07 13:34:44.001, 4, 101252, 100, 991.35
2026/08/07 13:34:44.001, 5, 101248, 100, 1001.22
2026/08/07 13:34:44.001, 6, 101248, 100, 982.63
2026/08/07 13:34:44.001, 7, 101248, 100, 1017.42
2026/08/07 13:34:44.502, 0, 101124, 100, 1001.87
2026/08/07 13:34:44.502, 1, 101120, 100, 1012.85
2026/08/07 13:34:44.502, 2, 101120, 100, 1003.76
2026/08/07 13:34:44.502, 3, 101120, 100, 1000.32
2026/08/07 13:34:44.502, 4, 101252, 100, 985.84
2026/08/07 13:34:44.502, 5, 101248, 99, 998.40
2026/08/07 13:34:44.502, 6, 101248, 100, 976.47
2026/08/07 13:34:44.502, 7, 101248, 100, 1015.02
2026/08/07 13:34:45.002, 0, 101124, 100, 1001.56
2026/08/07 13:34:45.002, 1, 101120, 100, 1012.32
2026/08/07 13:34:45.002, 2, 101120, 100, 995.42
2026/08/07 13:34:45.002, 3, 101120, 100, 997.47
2026/08/07 13:34:45.002, 4, 101252, 100, 987.46
2026/08/07 13:34:45.002, 5, 101248, 100, 1001.72
2026/08/07 13:34:45.002, 6, 101248, 100, 977.09
2026/08/07 13:34:45.002, 7, 101248, 100, 1016.76
2026/08/07 13:34:45.502, 0, 101124, 100, 1000.45
2026/08/07 13:34:45.505, 1, 101120, 100, 1007.37
2026/08/07 13:34:45.505, 2, 101120, 100, 991.69
2026/08/07 13:34:45.505, 3, 101120, 100, 992.80
2026/08/07 13:34:45.506, 4, 101252, 100, 989.36
2026/08/07 13:34:45.506, 5, 101248, 100, 1000.75
2026/08/07 13:34:45.506, 6, 101248, 100, 984.31
2026/08/07 13:34:45.506, 7, 101248, 99, 1022.89
2026/08/07 13:34:46.006, 0, 101124, 99, 999.97
2026/08/07 13:34:46.006, 1, 101120, 100, 1007.08
2026/08/07 13:34:46.006, 2, 101120, 99, 992.12
2026/08/07 13:34:46.006, 3, 101120, 99, 993.20
2026/08/07 13:34:46.006, 4, 101252, 100, 980.30
2026/08/07 13:34:46.006, 5, 101248, 100, 1000.70
2026/08/07 13:34:46.006, 6, 101248, 100, 984.57
2026/08/07 13:34:46.006, 7, 101248, 100, 1023.00
2026/08/07 13:34:46.506, 0, 101124, 100, 1003.08
2026/08/07 13:34:46.506, 1, 101120, 100, 1013.70
2026/08/07 13:34:46.506, 2, 101120, 100, 995.43
2026/08/07 13:34:46.506, 3, 101120, 100, 998.95
2026/08/07 13:34:46.506, 4, 101252, 100, 988.00
2026/08/07 13:34:46.506, 5, 101248, 100, 1007.36
2026/08/07 13:34:46.506, 6, 101248, 100, 987.77
2026/08/07 13:34:46.506, 7, 101248, 100, 1022.27
2026/08/07 13:34:47.006, 0, 101124, 100, 1005.81
2026/08/07 13:34:47.006, 1, 101120, 100, 1013.40
2026/08/07 13:34:47.006, 2, 101120, 100, 1001.92
2026/08/07 13:34:47.006, 3, 101120, 100, 1002.33
2026/08/07 13:34:47.006, 4, 101252, 100, 992.17
2026/08/07 13:34:47.006, 5, 101248, 100, 1002.26
2026/08/07 13:34:47.006, 6, 101248, 100, 983.03
2026/08/07 13:34:47.006, 7, 101248, 100, 1011.71
2026/08/07 13:34:47.506, 0, 101124, 100, 1005.84
2026/08/07 13:34:47.507, 1, 101120, 100, 1001.44
2026/08/07 13:34:47.507, 2, 101120, 100, 1001.70
2026/08/07 13:34:47.507, 3, 101120, 100, 1004.02
2026/08/07 13:34:47.507, 4, 101252, 100, 988.54
2026/08/07 13:34:47.507, 5, 101248, 100, 998.46
2026/08/07 13:34:47.507, 6, 101248, 100, 983.45
2026/08/07 13:34:47.507, 7, 101248, 100, 1015.21
2026/08/07 13:34:48.007, 0, 101124, 100, 1006.94
2026/08/07 13:34:48.007, 1, 101120, 100, 1010.38
2026/08/07 13:34:48.007, 2, 101120, 100, 1004.08
2026/08/07 13:34:48.007, 3, 101120, 100, 1010.27
2026/08/07 13:34:48.007, 4, 101252, 98, 984.99
2026/08/07 13:34:48.007, 5, 101248, 100, 998.25
2026/08/07 13:34:48.007, 6, 101248, 100, 981.23
2026/08/07 13:34:48.007, 7, 101248, 98, 1019.68
2026/08/07 13:34:48.507, 0, 101124, 100, 1005.41
2026/08/07 13:34:48.507, 1, 101120, 100, 1011.87
2026/08/07 13:34:48.507, 2, 101120, 100, 1000.23
2026/08/07 13:34:48.507, 3, 101120, 100, 1003.56
2026/08/07 13:34:48.507, 4, 101252, 100, 985.65
2026/08/07 13:34:48.507, 5, 101248, 100, 1004.00
2026/08/07 13:34:48.507, 6, 101248, 100, 985.49
2026/08/07 13:34:48.507, 7, 101248, 100, 1020.17
2026/08/07 13:34:49.007, 0, 101124, 100, 1005.17
2026/08/07 13:34:49.007, 1, 101120, 100, 1007.40
2026/08/07 13:34:49.007, 2, 101120, 100, 999.27
2026/08/07 13:34:49.007, 3, 101120, 100, 996.75
2026/08/07 13:34:49.007, 4, 101252, 100, 986.77
2026/08/07 13:34:49.007, 5, 101248, 100, 1000.61
2026/08/07 13:34:49.007, 6, 101248, 100, 988.78
2026/08/07 13:34:49.007, 7, 101248, 100, 1022.38
2026/08/07 13:34:49.507, 0, 101124, 100, 998.97
2026/08/07 13:34:49.507, 1, 101120, 98, 1006.54
2026/08/07 13:34:49.507, 2, 101120, 100, 999.19
2026/08/07 13:34:49.507, 3, 101120, 100, 995.12
2026/08/07 13:34:49.507, 4, 101252, 100, 985.49
2026/08/07 13:34:49.507, 5, 101248, 100, 1000.29
2026/08/07 13:34:49.507, 6, 101248, 100, 977.39
2026/08/07 13:34:49.507, 7, 101248, 100, 1018.70
2026/08/07 13:34:50.008, 0, 101124, 100, 997.01
2026/08/07 13:34:50.008, 1, 101120, 100, 1012.16
2026/08/07 13:34:50.008, 2, 101120, 100, 1002.07
2026/08/07 13:34:50.008, 3, 101120, 100, 998.62
2026/08/07 13:34:50.008, 4, 101252, 100, 987.45
2026/08/07 13:34:50.008, 5, 101248, 100, 1010.87
2026/08/07 13:34:50.008, 6, 101248, 100, 985.27
2026/08/07 13:34:50.008, 7, 101248, 100, 1019.24
2026/08/07 13:34:50.508, 0, 101124, 100, 1000.73
2026/08/07 13:34:50.508, 1, 101120, 100, 1013.65
2026/08/07 13:34:50.508, 2, 101120, 100, 1001.52
2026/08/07 13:34:50.508, 3, 101120, 100, 998.54
2026/08/07 13:34:50.508, 4, 101252, 99, 984.53
2026/08/07 13:34:50.508, 5, 101248, 100, 1002.24
2026/08/07 13:34:50.508, 6, 101248, 100, 987.32
2026/08/07 13:34:50.508, 7, 101248, 100, 1017.80
2026/08/07 13:34:51.008, 0, 101124, 100, 1000.95
2026/08/07 13:34:51.008, 1, 101120, 100, 1008.02
2026/08/07 13:34:51.008, 2, 101120, 100, 996.65
2026/08/07 13:34:51.008, 3, 101120, 100, 1000.23
2026/08/07 13:34:51.008, 4, 101252, 100, 988.37
2026/08/07 13:34:51.008, 5, 101248, 100, 998.24
2026/08/07 13:34:51.008, 6, 101248, 100, 987.18
2026/08/07 13:34:51.008, 7, 101248, 100, 1017.83
2026/08/07 13:34:51.508, 0, 101124, 100, 1001.82
2026/08/07 13:34:51.508, 1, 101120, 100, 1019.08
2026/08/07 13:34:51.508, 2, 101120, 100, 1002.14
2026/08/07 13:34:51.508, 3, 101120, 100, 1006.31
2026/08/07 13:34:51.508, 4, 101252, 100, 988.73
2026/08/07 13:34:51.508, 5, 101248, 99, 999.55
2026/08/07 13:34:51.508, 6, 101248, 99, 988.58
2026/08/07 13:34:51.508, 7, 101248, 100, 1014.35
2026/08/07 13:34:52.008, 0, 101124, 100, 1001.31
2026/08/07 13:34:52.009, 1, 101120, 100, 1014.43
2026/08/07 13:34:52.009, 2, 101120, 100, 996.57
2026/08/07 13:34:52.009, 3, 101120, 100, 1000.00
2026/08/07 13:34:52.009, 4, 101252, 100, 984.41
2026/08/07 13:34:52.009, 5, 101248, 100, 1003.46
2026/08/07 13:34:52.009, 6, 101248, 100, 990.73
2026/08/07 13:34:52.009, 7, 101248, 100, 1018.53
2026/08/07 13:34:52.512, 0, 101124, 100, 1004.99
2026/08/07 13:34:52.512, 1, 101120, 100, 1009.43
2026/08/07 13:34:52.512, 2, 101120, 100, 997.13
2026/08/07 13:34:52.512, 3, 101120, 100, 999.89
2026/08/07 13:34:52.512, 4, 101252, 99, 982.33
2026/08/07 13:34:52.512, 5, 101248, 100, 1000.07
2026/08/07 13:34:52.512, 6, 101248, 100, 994.21
2026/08/07 13:34:52.512, 7, 101248, 100, 1018.90
2026/08/07 13:34:53.012, 0, 101124, 99, 1001.53
2026/08/07 13:34:53.012, 1, 101120, 100, 1007.52
2026/08/07 13:34:53.012, 2, 101120, 100, 996.97
2026/08/07 13:34:53.012, 3, 101120, 99, 998.05
2026/08/07 13:34:53.013, 4, 101252, 100, 978.71
2026/08/07 13:34:53.013, 5, 101248, 100, 995.74
2026/08/07 13:34:53.013, 6, 101248, 100, 981.44
2026/08/07 13:34:53.013, 7, 101248, 100, 1018.20
2026/08/07 13:34:53.513, 0, 101124, 100, 1001.17
2026/08/07 13:34:53.513, 1, 101120, 100, 1009.16
2026/08/07 13:34:53.513, 2, 101120, 100, 994.39
2026/08/07 13:34:53.513, 3, 101120, 100, 1000.98
2026/08/07 13:34:53.513, 4, 101252, 100, 981.88
2026/08/07 13:34:53.513, 5, 101248, 100, 999.28
2026/08/07 13:34:53.513, 6, 101248, 100, 980.00
2026/08/07 13:34:53.513, 7, 101248, 100, 1021.08
2026/08/07 13:34:54.013, 0, 101124, 100, 1009.06
2026/08/07 13:34:54.013, 1, 101120, 100, 1015.22
2026/08/07 13:34:54.013, 2, 101120, 100, 996.69
2026/08/07 13:34:54.013, 3, 101120, 100, 1003.94
2026/08/07 13:34:54.013, 4, 101252, 100, 985.86
2026/08/07 13:34:54.013, 5, 101248, 100, 1002.37
2026/08/07 13:34:54.013, 6, 101248, 100, 988.13
2026/08/07 13:34:54.013, 7, 101248, 100, 1017.40
2026/08/07 13:34:54.513, 0, 101124, 100, 1006.67
2026/08/07 13:34:54.514, 1, 101120, 100, 1009.27
2026/08/07 13:34:54.514, 2, 101120, 100, 996.51
2026/08/07 13:34:54.514, 3, 101120, 100, 998.65
2026/08/07 13:34:54.514, 4, 101252, 100, 990.62
2026/08/07 13:34:54.514, 5, 101248, 100, 1001.13
2026/08/07 13:34:54.514, 6, 101248, 100, 990.45
2026/08/07 13:34:54.514, 7, 101248, 100, 1017.16
2026/08/07 13:34:55.014, 0, 101124, 100, 1002.95
2026/08/07 13:34:55.014, 1, 101120, 100, 1014.63
2026/08/07 13:34:55.014, 2, 101120, 100, 998.58
2026/08/07 13:34:55.014, 3, 101120, 100, 998.88
2026/08/07 13:34:55.014, 4, 101252, 100, 989.82
2026/08/07 13:34:55.014, 5, 101248, 100, 998.93
2026/08/07 13:34:55.014, 6, 101248, 100, 988.64
2026/08/07 13:34:55.014, 7, 101248, 99, 1011.65
2026/08/07 13:34:55.514, 0, 101124, 99, 998.88
2026/08/07 13:34:55.514, 1, 101120, 100, 1012.91
2026/08/07 13:34:55.514, 2, 101120, 100, 995.81
2026/08/07 13:34:55.514, 3, 101120, 100, 995.96
2026/08/07 13:34:55.514, 4, 101252, 100, 984.57
2026/08/07 13:34:55.514, 5, 101248, 100, 1005.85
2026/08/07 13:34:55.514, 6, 101248, 100, 991.52
2026/08/07 13:34:55.514, 7, 101248, 100, 1016.26
2026/08/07 13:34:56.015, 0, 101124, 100, 1001.95
2026/08/07 13:34:56.015, 1, 101120, 100, 1013.54
2026/08/07 13:34:56.015, 2, 101120, 100, 993.90
2026/08/07 13:34:56.015, 3, 101120, 100, 995.22
2026/08/07 13:34:56.015, 4, 101252, 100, 982.86
2026/08/07 13:34:56.015, 5, 101248, 100, 1007.20
2026/08/07 13:34:56.015, 6, 101248, 100, 1002.48
2026/08/07 13:34:56.015, 7, 101248, 100, 1023.61
2026/08/07 13:34:56.515, 0, 101124, 100, 1006.33
2026/08/07 13:34:56.515, 1, 101120, 99, 1012.42
2026/08/07 13:34:56.515, 2, 101120, 99, 993.86
2026/08/07 13:34:56.515, 3, 101120, 100, 991.66
2026/08/07 13:34:56.515, 4, 101252, 100, 982.91
2026/08/07 13:34:56.515, 5, 101248, 100, 1002.32
2026/08/07 13:34:56.515, 6, 101248, 100, 990.53
2026/08/07 13:34:56.515, 7, 101248, 100, 1019.32
2026/08/07 13:34:57.015, 0, 101124, 100, 1007.62
2026/08/07 13:34:57.015, 1, 101120, 100, 1011.42
2026/08/07 13:34:57.015, 2, 101120, 100, 1002.78
2026/08/07 13:34:57.015, 3, 101120, 100, 999.24
2026/08/07 13:34:57.015, 4, 101252, 100, 985.68
2026/08/07 13:34:57.015, 5, 101248, 100, 1005.67
2026/08/07 13:34:57.015, 6, 101248, 100, 983.11
2026/08/07 13:34:57.015, 7, 101248, 100, 1022.53
2026/08/07 13:34:57.515, 0, 101124, 100, 1007.55
2026/08/07 13:34:57.515, 1, 101120, 100, 1017.35
2026/08/07 13:34:57.515, 2, 101120, 100, 1003.41
2026/08/07 13:34:57.515, 3, 101120, 100, 1003.13
2026/08/07 13:34:57.515, 4, 101252, 98, 979.66
2026/08/07 13:34:57.515, 5, 101248, 100, 1000.30
2026/08/07 13:34:57.515, 6, 101248, 100, 982.43
2026/08/07 13:34:57.515, 7, 101248, 100, 1019.78
2026/08/07 13:34:58.016, 0, 101124, 100, 1002.68
2026/08/07 13:34:58.016, 1, 101120, 100, 1014.53
2026/08/07 13:34:58.016, 2, 101120, 100, 991.37
2026/08/07 13:34:58.016, 3, 101120, 100, 994.56
2026/08/07 13:34:58.016, 4, 101252, 100, 983.65
2026/08/07 13:34:58.016, 5, 101248, 100, 1005.58
2026/08/07 13:34:58.016, 6, 101248, 100, 985.67
2026/08/07 13:34:58.016, 7, 101248, 100, 1018.36
2026/08/07 13:34:58.516, 0, 101124, 100, 1005.13
2026/08/07 13:34:58.516, 1, 101120, 100, 1014.97
2026/08/07 13:34:58.518, 2, 101120, 100, 997.07
2026/08/07 13:34:58.519, 3, 101120, 100, 998.10
2026/08/07 13:34:58.520, 4, 101252, 100, 988.94
2026/08/07 13:34:58.521, 5, 101248, 100, 1010.91
2026/08/07 13:34:58.521, 6, 101248, 99, 988.52
2026/08/07 13:34:58.521, 7, 101248, 99, 1022.51
2026/08/07 13:34:59.021, 0, 101124, 100, 1001.26
2026/08/07 13:34:59.021, 1, 101120, 99, 1011.73
2026/08/07 13:34:59.021, 2, 101120, 100, 996.32
2026/08/07 13:34:59.021, 3, 101120, 100, 999.39
2026/08/07 13:34:59.021, 4, 101252, 100, 988.31
2026/08/07 13:34:59.021, 5, 101248, 100, 1010.02
2026/08/07 13:34:59.021, 6, 101248, 100, 984.22
2026/08/07 13:34:59.021, 7, 101248, 100, 1027.24
2026/08/07 13:34:59.521, 0, 101124, 100, 1002.40
2026/08/07 13:34:59.521, 1, 101120, 100, 1012.20
2026/08/07 13:34:59.521, 2, 101120, 100, 998.36
2026/08/07 13:34:59.521, 3, 101120, 100, 998.66
2026/08/07 13:34:59.521, 4, 101252, 100, 990.31
2026/08/07 13:34:59.521, 5, 101248, 100, 1009.51
2026/08/07 13:34:59.521, 6, 101248, 100, 991.41
2026/08/07 13:34:59.521, 7, 101248, 100, 1025.65
2026/08/07 13:35:00.021, 0, 101124, 100, 1003.83
2026/08/07 13:35:00.021, 1, 101120, 99, 1015.40
2026/08/07 13:35:00.021, 2, 101120, 100, 998.03
2026/08/07 13:35:00.021, 3, 101120, 99, 995.61
2026/08/07 13:35:00.021, 4, 101252, 100, 983.32
2026/08/07 13:35:00.021, 5, 101248, 100, 1007.45
2026/08/07 13:35:00.021, 6, 101248, 100, 990.85
2026/08/07 13:35:00.021, 7, 101248, 100, 1019.05
2026/08/07 13:35:00.521, 0, 101124, 100, 1005.72
2026/08/07 13:35:00.521, 1, 101120, 100, 1017.16
2026/08/07 13:35:00.521, 2, 101120, 100, 994.54
2026/08/07 13:35:00.521, 3, 101120, 100, 998.97
2026/08/07 13:35:00.521, 4, 101252, 100, 990.76
2026/08/07 13:35:00.521, 5, 101248, 100, 1009.59
2026/08/07 13:35:00.521, 6, 101248, 100, 990.77
2026/08/07 13:35:00.521, 7, 101248, 100, 1025.64
2026/08/07 13:35:01.022, 0, 101124, 100, 1010.89
2026/08/07 13:35:01.022, 1, 101120, 100, 1017.24
2026/08/07 13:35:01.022, 2, 101120, 100, 998.38
2026/08/07 13:35:01.022, 3, 101120, 100, 1006.83
2026/08/07 13:35:01.022, 4, 101252, 100, 992.86
2026/08/07 13:35:01.022, 5, 101248, 100, 1009.48
2026/08/07 13:35:01.022, 6, 101248, 99, 986.00
2026/08/07 13:35:01.022, 7, 101248, 100, 1024.92
2026/08/07 13:35:01.522, 0, 101124, 100, 1006.03
2026/08/07 13:35:01.522, 1, 101120, 100, 1011.84
2026/08/07 13:35:01.522, 2, 101120, 100, 992.19
2026/08/07 13:35:01.522, 3, 101120, 100, 1000.02
2026/08/07 13:35:01.522, 4, 101252, 100, 987.47
2026/08/07 13:35:01.522, 5, 101248, 100, 1013.83
2026/08/07 13:35:01.522, 6, 101248, 100, 987.03
2026/08/07 13:35:01.522, 7, 101248, 100, 1023.49
2026/08/07 13:35:02.022, 0, 101124, 100, 1004.66
2026/08/07 13:35:02.022, 1, 101120, 100, 1016.42
2026/08/07 13:35:02.022, 2, 101120, 100, 995.82
2026/08/07 13:35:02.022, 3, 101120, 100, 997.51
2026/08/07 13:35:02.022, 4, 101252, 99, 986.50
2026/08/07 13:35:02.022, 5, 101248, 99, 1005.92
2026/08/07 13:35:02.022, 6, 101248, 100, 984.00
2026/08/07 13:35:02.022, 7, 101248, 100, 1024.45
2026/08/07 13:35:02.522, 0, 101124, 99, 1005.54
2026/08/07 13:35:02.522, 1, 101120, 99, 1012.82
2026/08/07 13:35:02.523, 2, 101120, 100, 997.87
2026/08/07 13:35:02.523, 3, 101120, 100, 996.32
2026/08/07 13:35:02.523, 4, 101252, 100, 985.83
2026/08/07 13:35:02.523, 5, 101248, 100, 1002.27
2026/08/07 13:35:02.523, 6, 101248, 100, 984.91
2026/08/07 13:35:02.523, 7, 101248, 100, 1025.36
2026/08/07 13:35:03.024, 0, 101124, 100, 1011.49
2026/08/07 13:35:03.024, 1, 101120, 100, 1011.31
2026/08/07 13:35:03.024, 2, 101120, 100, 998.47
2026/08/07 13:35:03.024, 3, 101120, 100, 1006.00
2026/08/07 13:35:03.024, 4, 101252, 100, 987.17
2026/08/07 13:35:03.024, 5, 101248, 100, 1010.39
2026/08/07 13:35:03.024, 6, 101248, 100, 992.01
2026/08/07 13:35:03.024, 7, 101248, 100, 1025.86
2026/08/07 13:35:03.524, 0, 101124, 100, 1004.07
2026/08/07 13:35:03.524, 1, 101120, 100, 1016.42
2026/08/07 13:35:03.524, 2, 101120, 99, 997.54
2026/08/07 13:35:03.524, 3, 101120, 99, 1004.88
2026/08/07 13:35:03.524, 4, 101252, 100, 986.18
2026/08/07 13:35:03.524, 5, 101248, 100, 1005.49
2026/08/07 13:35:03.524, 6, 101248, 100, 983.27
2026/08/07 13:35:03.524, 7, 101248, 100, 1024.37
2026/08/07 13:35:04.024, 0, 101124, 100, 1002.96
2026/08/07 13:35:04.024, 1, 101120, 100, 1016.34
2026/08/07 13:35:04.024, 2, 101120, 100, 997.95
2026/08/07 13:35:04.024, 3, 101120, 100, 1000.49
2026/08/07 13:35:04.024, 4, 101252, 100, 993.17
2026/08/07 13:35:04.024, 5, 101248, 100, 1004.91
2026/08/07 13:35:04.024, 6, 101248, 100, 986.91
2026/08/07 13:35:04.024, 7, 101248, 100, 1022.87
2026/08/07 13:35:04.524, 0, 101124, 100, 1007.05
2026/08/07 13:35:04.524, 1, 101120, 100, 1016.22
2026/08/07 13:35:04.524, 2, 101120, 100, 1002.92
2026/08/07 13:35:04.524, 3, 101120, 100, 1005.45
2026/08/07 13:35:04.524, 4, 101252, 100, 988.78
2026/08/07 13:35:04.524, 5, 101248, 100, 1009.05
2026/08/07 13:35:04.524, 6, 101248, 100, 986.02
2026/08/07 13:35:04.524, 7, 101248, 100, 1021.03
2026/08/07 13:35:05.024, 0, 101124, 100, 1001.30
2026/08/07 13:35:05.025, 1, 101120, 100, 1013.17
2026/08/07 13:35:05.026, 2, 101120, 100, 995.60
2026/08/07 13:35:05.026, 3, 101120, 100, 998.96
2026/08/07 13:35:05.027, 4, 101252, 100, 986.38
2026/08/07 13:35:05.028, 5, 101248, 100, 1014.32
2026/08/07 13:35:05.029, 6, 101248, 100, 983.74
2026/08/07 13:35:05.030, 7, 101248, 100, 1024.95
2026/08/07 13:35:05.531, 0, 101124, 100, 1001.44
2026/08/07 13:35:05.531, 1, 101120, 100, 1016.85
2026/08/07 13:35:05.531, 2, 101120, 100, 994.97
2026/08/07 13:35:05.532, 3, 101120, 100, 997.30
2026/08/07 13:35:05.532, 4, 101252, 99, 983.26
2026/08/07 13:35:05.532, 5, 101248, 100, 1005.72
2026/08/07 13:35:05.532, 6, 101248, 100, 987.52
2026/08/07 13:35:05.532, 7, 101248, 99, 1024.27
2026/08/07 13:35:06.032, 0, 101124, 100, 1002.85
2026/08/07 13:35:06.032, 1, 101120, 100, 1014.97
2026/08/07 13:35:06.032, 2, 101120, 98, 994.28
2026/08/07 13:35:06.032, 3, 101120, 100, 997.43
2026/08/07 13:35:06.032, 4, 101252, 100, 987.09
2026/08/07 13:35:06.032, 5, 101248, 100, 1005.84
2026/08/07 13:35:06.032, 6, 101248, 100, 989.72
2026/08/07 13:35:06.032, 7, 101248, 100, 1021.82
2026/08/07 13:35:06.532, 0, 101124, 100, 1005.68
2026/08/07 13:35:06.532, 1, 101120, 100, 1018.54
2026/08/07 13:35:06.532, 2, 101120, 100, 996.80
2026/08/07 13:35:06.532, 3, 101120, 100, 999.55
2026/08/07 13:35:06.532, 4, 101252, 100, 993.08
2026/08/07 13:35:06.532, 5, 101248, 100, 1013.58
2026/08/07 13:35:06.532, 6, 101248, 100, 995.02
2026/08/07 13:35:06.532, 7, 101248, 100, 1025.31
2026/08/07 13:35:07.032, 0, 101124, 100, 1008.29
2026/08/07 13:35:07.032, 1, 101120, 99, 1017.47
2026/08/07 13:35:07.032, 2, 101120, 100, 1004.85
2026/08/07 13:35:07.032, 3, 101120, 100, 1000.64
2026/08/07 13:35:07.032, 4, 101252, 100, 986.27
2026/08/07 13:35:07.032, 5, 101248, 100, 1005.00
2026/08/07 13:35:07.032, 6, 101248, 100, 988.14
2026/08/07 13:35:07.032, 7, 101248, 100, 1017.89
2026/08/07 13:35:07.536, 0, 101124, 100, 1008.86
2026/08/07 13:35:07.536, 1, 101120, 100, 1014.06
2026/08/07 13:35:07.536, 2, 101120, 100, 1005.15
2026/08/07 13:35:07.536, 3, 101120, 100, 1007.79
2026/08/07 13:35:07.536, 4, 101252, 100, 986.80
2026/08/07 13:35:07.536, 5, 101248, 100, 1006.25
2026/08/07 13:35:07.536, 6, 101248, 100, 987.75
2026/08/07 13:35:07.536, 7, 101248, 100, 1012.54
2026/08/07 13:35:08.036, 0, 101124, 100, 1007.86
2026/08/07 13:35:08.036, 1, 101120, 100, 1025.10
2026/08/07 13:35:08.036, 2, 101120, 100, 1004.27
2026/08/07 13:35:08.036, 3, 101120, 100, 1018.24
2026/08/07 13:35:08.036, 4, 101252, 100, 988.88
2026/08/07 13:35:08.036, 5, 101248, 100, 1010.62
2026/08/07 13:35:08.036, 6, 101248, 100, 995.76
2026/08/07 13:35:08.036, 7, 101248, 100, 1016.28
2026/08/07 13:35:08.536, 0, 101124, 100, 1003.15
2026/08/07 13:35:08.536, 1, 101120, 100, 1018.65
2026/08/07 13:35:08.536, 2, 101120, 100, 1000.64
2026/08/07 13:35:08.536, 3, 101120, 100, 1011.16
2026/08/07 13:35:08.536, 4, 101252, 100, 998.18
2026/08/07 13:35:08.536, 5, 101248, 100, 1013.28
2026/08/07 13:35:08.536, 6, 101248, 100, 996.47
2026/08/07 13:35:08.537, 7, 101248, 100, 1021.09
2026/08/07 13:35:09.037, 0, 101124, 100, 1002.24
2026/08/07 13:35:09.037, 1, 101120, 100, 1013.46
2026/08/07 13:35:09.037, 2, 101120, 100, 997.47
2026/08/07 13:35:09.037, 3, 101120, 100, 1003.95
2026/08/07 13:35:09.037, 4, 101252, 99, 997.94
2026/08/07 13:35:09.037, 5, 101248, 99, 1008.28
2026/08/07 13:35:09.037, 6, 101248, 99, 995.12
2026/08/07 13:35:09.037, 7, 101248, 100, 1019.24
2026/08/07 13:35:09.537, 0, 101124, 100, 999.88
2026/08/07 13:35:09.541, 1, 101120, 100, 1016.08
2026/08/07 13:35:09.541, 2, 101120, 100, 996.49
2026/08/07 13:35:09.546, 3, 101120, 100, 997.98
2026/08/07 13:35:09.546, 4, 101252, 100, 993.31
2026/08/07 13:35:09.551, 5, 101248, 100, 1008.95
2026/08/07 13:35:09.551, 6, 101248, 100, 1001.69
2026/08/07 13:35:09.556, 7, 101248, 100, 1027.71
2026/08/07 13:35:10.056, 0, 101124, 100, 1002.53
2026/08/07 13:35:10.059, 1, 101120, 100, 1016.46
2026/08/07 13:35:10.059, 2, 101120, 100, 999.90
2026/08/07 13:35:10.059, 3, 101120, 100, 1005.18
2026/08/07 13:35:10.060, 4, 101252, 100, 994.99
2026/08/07 13:35:10.060, 5, 101248, 100, 1013.60
2026/08/07 13:35:10.060, 6, 101248, 100, 998.05
2026/08/07 13:35:10.060, 7, 101248, 100, 1032.34
2026/08/07 13:35:10.560, 0, 101124, 99, 1000.04
2026/08/07 13:35:10.560, 1, 101120, 100, 1017.05
2026/08/07 13:35:10.560, 2, 101120, 100, 999.45
2026/08/07 13:35:10.560, 3, 101120, 99, 1005.67
2026/08/07 13:35:10.560, 4, 101252, 100, 985.89
2026/08/07 13:35:10.560, 5, 101248, 100, 1009.64
2026/08/07 13:35:10.560, 6, 101248, 100, 988.31
2026/08/07 13:35:10.560, 7, 101248, 100, 1028.88
2026/08/07 13:35:11.060, 0, 101124, 100, 1001.86
2026/08/07 13:35:11.060, 1, 101120, 100, 1015.47
2026/08/07 13:35:11.060, 2, 101120, 100, 994.15
2026/08/07 13:35:11.060, 3, 101120, 100, 1001.47
2026/08/07 13:35:11.060, 4, 101252, 100, 989.80
2026/08/07 13:35:11.060, 5, 101248, 100, 1008.08
2026/08/07 13:35:11.060, 6, 101248, 100, 987.91
2026/08/07 13:35:11.060, 7, 101248, 100, 1026.95
2026/08/07 13:35:11.560, 0, 101124, 100, 1006.93
2026/08/07 13:35:11.560, 1, 101120, 100, 1017.40
2026/08/07 13:35:11.560, 2, 101120, 100, 995.05
2026/08/07 13:35:11.560, 3, 101120, 100, 1004.62
2026/08/07 13:35:11.560, 4, 101252, 100, 991.82
2026/08/07 13:35:11.560, 5, 101248, 100, 1007.53
2026/08/07 13:35:11.560, 6, 101248, 100, 983.76
2026/08/07 13:35:11.560, 7, 101248, 100, 1018.70
2026/08/07 13:35:12.060, 0, 101124, 100, 998.80
2026/08/07 13:35:12.060, 1, 101120, 100, 1016.07
2026/08/07 13:35:12.060, 2, 101120, 100, 998.11
2026/08/07 13:35:12.060, 3, 101120, 100, 1000.45
2026/08/07 13:35:12.061, 4, 101252, 100, 988.08
2026/08/07 13:35:12.061, 5, 101248, 100, 1010.49
2026/08/07 13:35:12.061, 6, 101248, 100, 986.04
2026/08/07 13:35:12.061, 7, 101248, 100, 1019.92
2026/08/07 13:35:12.561, 0, 101124, 100, 1001.79
2026/08/07 13:35:12.561, 1, 101120, 100, 1014.04
2026/08/07 13:35:12.562, 2, 101120, 100, 998.95
2026/08/07 13:35:12.563, 3, 101120, 100, 1003.22
2026/08/07 13:35:12.564, 4, 101252, 100, 989.06
2026/08/07 13:35:12.566, 5, 101248, 100, 1009.46
2026/08/07 13:35:12.567, 6, 101248, 100, 984.81
2026/08/07 13:35:12.568, 7, 101248, 99, 1019.86
2026/08/07 13:35:13.069, 0, 101124, 99, 1005.13
2026/08/07 13:35:13.069, 1, 101120, 100, 1014.43
2026/08/07 13:35:13.069, 2, 101120, 100, 994.76
2026/08/07 13:35:13.069, 3, 101120, 99, 1003.83
2026/08/07 13:35:13.069, 4, 101252, 100, 989.03
2026/08/07 13:35:13.069, 5, 101248, 100, 1007.70
2026/08/07 13:35:13.069, 6, 101248, 100, 989.20
2026/08/07 13:35:13.069, 7, 101248, 100, 1025.12
2026/08/07 13:35:13.569, 0, 101124, 100, 1006.80
2026/08/07 13:35:13.569, 1, 101120, 100, 1017.38
2026/08/07 13:35:13.569, 2, 101120, 100, 1004.10
2026/08/07 13:35:13.569, 3, 101120, 100, 1000.07
2026/08/07 13:35:13.569, 4, 101252, 100, 994.54
2026/08/07 13:35:13.569, 5, 101248, 100, 1015.93
2026/08/07 13:35:13.569, 6, 101248, 100, 992.08
2026/08/07 13:35:13.569, 7, 101248, 100, 1027.33
2026/08/07 13:35:14.069, 0, 101124, 100, 1000.58
2026/08/07 13:35:14.069, 1, 101120, 99, 1014.49
2026/08/07 13:35:14.069, 2, 101120, 99, 1003.15
2026/08/07 13:35:14.069, 3, 101120, 100, 1001.44
2026/08/07 13:35:14.069, 4, 101252, 100, 994.03
2026/08/07 13:35:14.069, 5, 101248, 100, 1010.72
2026/08/07 13:35:14.069, 6, 101248, 100, 982.76
2026/08/07 13:35:14.069, 7, 101248, 100, 1019.56
2026/08/07 13:35:14.569, 0, 101124, 100, 997.74
2026/08/07 13:35:14.569, 1, 101120, 100, 1014.82
2026/08/07 13:35:14.569, 2, 101120, 100, 996.11
2026/08/07 13:35:14.569, 3, 101120, 100, 1009.36
2026/08/07 13:35:14.569, 4, 101252, 100, 990.66
2026/08/07 13:35:14.569, 5, 101248, 100, 1005.85
2026/08/07 13:35:14.569, 6, 101248, 100, 979.18
2026/08/07 13:35:14.569, 7, 101248, 100, 1023.51
2026/08/07 13:35:15.070, 0, 101124, 100, 1005.36
2026/08/07 13:35:15.070, 1, 101120, 100, 1022.50
2026/08/07 13:35:15.070, 2, 101120, 100, 1000.41
2026/08/07 13:35:15.070, 3, 101120, 100, 1007.37
2026/08/07 13:35:15.070, 4, 101252, 100, 990.81
2026/08/07 13:35:15.070, 5, 101248, 100, 1007.56
2026/08/07 13:35:15.070, 6, 101248, 100, 988.77
2026/08/07 13:35:15.070, 7, 101248, 100, 1022.38
2026/08/07 13:35:15.570, 0, 101124, 100, 999.45
2026/08/07 13:35:15.570, 1, 101120, 100, 1014.84
2026/08/07 13:35:15.570, 2, 101120, 100, 999.02
2026/08/07 13:35:15.570, 3, 101120, 100, 999.82
2026/08/07 13:35:15.570, 4, 101252, 100, 994.37
2026/08/07 13:35:15.570, 5, 101248, 100, 1009.24
2026/08/07 13:35:15.570, 6, 101248, 100, 1000.37
2026/08/07 13:35:15.570, 7, 101248, 100, 1021.51
2026/08/07 13:35:16.070, 0, 101124, 100, 997.91
2026/08/07 13:35:16.070, 1, 101120, 100, 1013.00
2026/08/07 13:35:16.071, 2, 101120, 100, 1000.16
2026/08/07 13:35:16.075, 3, 101120, 100, 1003.29
2026/08/07 13:35:16.075, 4, 101252, 98, 993.72
2026/08/07 13:35:16.079, 5, 101248, 99, 1011.32
2026/08/07 13:35:16.080, 6, 101248, 99, 987.32
2026/08/07 13:35:16.080, 7, 101248, 100, 1021.53
2026/08/07 13:35:16.580, 0, 101124, 100, 998.02
2026/08/07 13:35:16.580, 1, 101120, 98, 1014.36
2026/08/07 13:35:16.580, 2, 101120, 99, 997.59
2026/08/07 13:35:16.580, 3, 101120, 100, 1000.83
2026/08/07 13:35:16.580, 4, 101252, 100, 991.39
2026/08/07 13:35:16.580, 5, 101248, 100, 1018.31
2026/08/07 13:35:16.580, 6, 101248, 100, 980.89
2026/08/07 13:35:16.580, 7, 101248, 100, 1025.28
2026/08/07 13:35:17.080, 0, 101124, 100, 1005.82
2026/08/07 13:35:17.080, 1, 101120, 100, 1019.88
2026/08/07 13:35:17.080, 2, 101120, 100, 997.46
2026/08/07 13:35:17.080, 3, 101120, 100, 1002.29
2026/08/07 13:35:17.080, 4, 101252, 100, 994.37
2026/08/07 13:35:17.080, 5, 101248, 100, 1023.75
2026/08/07 13:35:17.080, 6, 101248, 100, 991.13
2026/08/07 13:35:17.080, 7, 101248, 100, 1026.63
2026/08/07 13:35:17.580, 0, 101124, 100, 1009.80
2026/08/07 13:35:17.580, 1, 101120, 100, 1019.03
2026/08/07 13:35:17.580, 2, 101120, 100, 998.48
2026/08/07 13:35:17.580, 3, 101120, 100, 1005.05
2026/08/07 13:35:17.580, 4, 101252, 100, 985.60
2026/08/07 13:35:17.580, 5, 101248, 100, 1010.00
2026/08/07 13:35:17.580, 6, 101248, 100, 995.54
2026/08/07 13:35:17.580, 7, 101248, 100, 1024.51
2026/08/07 13:35:18.080, 0, 101124, 100, 1007.38
2026/08/07 13:35:18.082, 1, 101120, 100, 1018.82
2026/08/07 13:35:18.083, 2, 101120, 100, 1002.51
2026/08/07 13:35:18.083, 3, 101120, 100, 1002.57
2026/08/07 13:35:18.083, 4, 101252, 99, 985.79
2026/08/07 13:35:18.083, 5, 101248, 100, 1008.36
2026/08/07 13:35:18.083, 6, 101248, 100, 1004.41
2026/08/07 13:35:18.085, 7, 101248, 100, 1026.34
2026/08/07 13:35:18.585, 0, 101124, 100, 1010.14
2026/08/07 13:35:18.585, 1, 101120, 100, 1021.69
2026/08/07 13:35:18.585, 2, 101120, 100, 1015.26
2026/08/07 13:35:18.585, 3, 101120, 100, 1007.40
2026/08/07 13:35:18.585, 4, 101252, 100, 988.11
2026/08/07 13:35:18.585, 5, 101248, 99, 1008.76
2026/08/07 13:35:18.585, 6, 101248, 100, 990.46
2026/08/07 13:35:18.585, 7, 101248, 100, 1026.29
2026/08/07 13:35:19.085, 0, 101124, 100, 1005.95
2026/08/07 13:35:19.085, 1, 101120, 100, 1016.65
2026/08/07 13:35:19.085, 2, 101120, 100, 1008.67
2026/08/07 13:35:19.085, 3, 101120, 100, 1005.51
2026/08/07 13:35:19.086, 4, 101252, 100, 984.34
2026/08/07 13:35:19.086, 5, 101248, 100, 1009.18
2026/08/07 13:35:19.086, 6, 101248, 100, 990.12
2026/08/07 13:35:19.086, 7, 101248, 100, 1027.28
2026/08/07 13:35:19.586, 0, 101124, 100, 1006.49
2026/08/07 13:35:19.586, 1, 101120, 100, 1014.86
2026/08/07 13:35:19.586, 2, 101120, 100, 999.88
2026/08/07 13:35:19.586, 3, 101120, 100, 1005.90
2026/08/07 13:35:19.586, 4, 101252, 99, 982.90
2026/08/07 13:35:19.586, 5, 101248, 100, 1006.53
2026/08/07 13:35:19.586, 6, 101248, 100, 998.53
2026/08/07 13:35:19.586, 7, 101248, 99, 1023.73
2026/08/07 13:35:20.086, 0, 101124, 99, 1003.15
2026/08/07 13:35:20.086, 1, 101120, 100, 1015.32
2026/08/07 13:35:20.086, 2, 101120, 100, 998.51
2026/08/07 13:35:20.086, 3, 101120, 99, 1000.89
2026/08/07 13:35:20.086, 4, 101252, 100, 989.73
2026/08/07 13:35:20.086, 5, 101248, 100, 1008.01
2026/08/07 13:35:20.086, 6, 101248, 100, 990.98
2026/08/07 13:35:20.086, 7, 101248, 100, 1023.13
2026/08/07 13:35:20.586, 0, 101124, 100, 1000.93
2026/08/07 13:35:20.586, 1, 101120, 100, 1032.41
2026/08/07 13:35:20.586, 2, 101120, 100, 1004.05
2026/08/07 13:35:20.586, 3, 101120, 100, 1002.47
2026/08/07 13:35:20.586, 4, 101252, 99, 996.36
2026/08/07 13:35:20.586, 5, 101248, 100, 1018.76
2026/08/07 13:35:20.586, 6, 101248, 100, 985.53
2026/08/07 13:35:20.586, 7, 101248, 100, 1029.98
2026/08/07 13:35:21.086, 0, 101124, 100, 1005.93
2026/08/07 13:35:21.086, 1, 101120, 99, 1029.16
2026/08/07 13:35:21.086, 2, 101120, 99, 1002.48
2026/08/07 13:35:21.086, 3, 101120, 100, 1013.40
2026/08/07 13:35:21.086, 4, 101252, 100, 993.85
2026/08/07 13:35:21.086, 5, 101248, 100, 1015.73
2026/08/07 13:35:21.086, 6, 101248, 100, 991.43
2026/08/07 13:35:21.086, 7, 101248, 100, 1031.95
2026/08/07 13:35:21.587, 0, 101124, 100, 1012.48
2026/08/07 13:35:21.587, 1, 101120, 100, 1015.68
2026/08/07 13:35:21.587, 2, 101120, 100, 1003.27
2026/08/07 13:35:21.587, 3, 101120, 100, 1005.58
2026/08/07 13:35:21.587, 4, 101252, 100, 994.55
2026/08/07 13:35:21.587, 5, 101248, 100, 1010.48
2026/08/07 13:35:21.587, 6, 101248, 100, 1001.04
2026/08/07 13:35:21.587, 7, 101248, 100, 1030.14
2026/08/07 13:35:22.087, 0, 101124, 100, 1010.10
2026/08/07 13:35:22.087, 1, 101120, 100, 1021.65
2026/08/07 13:35:22.087, 2, 101120, 100, 1008.10
2026/08/07 13:35:22.087, 3, 101120, 100, 1002.92
2026/08/07 13:35:22.087, 4, 101252, 100, 990.34
2026/08/07 13:35:22.087, 5, 101248, 100, 1007.89
2026/08/07 13:35:22.087, 6, 101248, 100, 994.17
2026/08/07 13:35:22.087, 7, 101248, 100, 1025.02
2026/08/07 13:35:22.587, 0, 101124, 100, 1002.05
2026/08/07 13:35:22.587, 1, 101120, 100, 1021.65
2026/08/07 13:35:22.587, 2, 101120, 100, 1003.24
2026/08/07 13:35:22.587, 3, 101120, 100, 1002.20
2026/08/07 13:35:22.587, 4, 101252, 100, 996.84
2026/08/07 13:35:22.587, 5, 101248, 100, 1014.68
2026/08/07 13:35:22.587, 6, 101248, 100, 994.62
2026/08/07 13:35:22.587, 7, 101248, 100, 1025.39
2026/08/07 13:35:23.087, 0, 101124, 100, 1004.15
2026/08/07 13:35:23.091, 1, 101120, 100, 1016.50
2026/08/07 13:35:23.092, 2, 101120, 100, 1000.74
2026/08/07 13:35:23.097, 3, 101120, 100, 1002.09
2026/08/07 13:35:23.097, 4, 101252, 100, 992.53
2026/08/07 13:35:23.102, 5, 101248, 100, 1009.17
2026/08/07 13:35:23.103, 6, 101248, 99, 992.79
2026/08/07 13:35:23.107, 7, 101248, 99, 1027.14
2026/08/07 13:35:23.609, 0, 101124, 99, 1003.45
2026/08/07 13:35:23.609, 1, 101120, 98, 1017.72
2026/08/07 13:35:23.609, 2, 101120, 99, 1000.42
2026/08/07 13:35:23.609, 3, 101120, 100, 997.30
2026/08/07 13:35:23.609, 4, 101252, 100, 992.84
2026/08/07 13:35:23.609, 5, 101248, 100, 1015.98
2026/08/07 13:35:23.609, 6, 101248, 100, 993.24
2026/08/07 13:35:23.609, 7, 101248, 100, 1028.79
2026/08/07 13:35:24.109, 0, 101124, 100, 1002.14
2026/08/07 13:35:24.109, 1, 101120, 100, 1027.02
2026/08/07 13:35:24.109, 2, 101120, 100, 1000.69
2026/08/07 13:35:24.109, 3, 101120, 100, 1003.01
2026/08/07 13:35:24.109, 4, 101252, 100, 1000.26
2026/08/07 13:35:24.109, 5, 101248, 100, 1027.00
2026/08/07 13:35:24.109, 6, 101248, 100, 995.04
2026/08/07 13:35:24.109, 7, 101248, 100, 1032.61
2026/08/07 13:35:24.609, 0, 101124, 100, 1010.61
2026/08/07 13:35:24.609, 1, 101120, 100, 1025.03
2026/08/07 13:35:24.609, 2, 101120, 100, 1002.41
2026/08/07 13:35:24.609, 3, 101120, 100, 1009.49
2026/08/07 13:35:24.609, 4, 101252, 100, 989.59
2026/08/07 13:35:24.609, 5, 101248, 100, 1019.51
2026/08/07 13:35:24.609, 6, 101248, 100, 994.10
2026/08/07 13:35:24.609, 7, 101248, 100, 1030.36
2026/08/07 13:35:25.110, 0, 101124, 100, 1011.88
2026/08/07 13:35:25.110, 1, 101120, 100, 1016.78
2026/08/07 13:35:25.110, 2, 101120, 100, 1001.34
2026/08/07 13:35:25.110, 3, 101120, 100, 1004.96
2026/08/07 13:35:25.110, 4, 101252, 100, 990.62
2026/08/07 13:35:25.110, 5, 101248, 100, 1017.21
2026/08/07 13:35:25.110, 6, 101248, 100, 992.59
2026/08/07 13:35:25.110, 7, 101248, 100, 1025.62
2026/08/07 13:35:25.610, 0, 101124, 100, 1009.66
2026/08/07 13:35:25.616, 1, 101120, 100, 1020.01
2026/08/07 13:35:25.616, 2, 101120, 100, 999.73
2026/08/07 13:35:25.616, 3, 101120, 100, 1006.34
2026/08/07 13:35:25.616, 4, 101252, 100, 983.62
2026/08/07 13:35:25.616, 5, 101248, 100, 1011.11
2026/08/07 13:35:25.616, 6, 101248, 99, 979.84
2026/08/07 13:35:25.616, 7, 101248, 100, 1025.04
2026/08/07 13:35:26.116, 0, 101124, 100, 1006.52
2026/08/07 13:35:26.116, 1, 101120, 100, 1017.47
2026/08/07 13:35:26.116, 2, 101120, 100, 996.39
2026/08/07 13:35:26.116, 3, 101120, 100, 1008.30
2026/08/07 13:35:26.116, 4, 101252, 100, 983.78
2026/08/07 13:35:26.116, 5, 101248, 100, 1008.65
2026/08/07 13:35:26.116, 6, 101248, 100, 982.74
2026/08/07 13:35:26.116, 7, 101248, 100, 1028.68
2026/08/07 13:35:26.616, 0, 101124, 100, 1010.06
2026/08/07 13:35:26.616, 1, 101120, 100, 1021.72
2026/08/07 13:35:26.616, 2, 101120, 100, 1001.48
2026/08/07 13:35:26.616, 3, 101120, 100, 1012.43
2026/08/07 13:35:26.616, 4, 101252, 99, 989.47
2026/08/07 13:35:26.616, 5, 101248, 99, 1005.78
2026/08/07 13:35:26.616, 6, 101248, 100, 981.52
2026/08/07 13:35:26.616, 7, 101248, 100, 1026.77
2026/08/07 13:35:27.117, 0, 101124, 100, 1010.02
2026/08/07 13:35:27.117, 1, 101120, 100, 1022.59
2026/08/07 13:35:27.117, 2, 101120, 100, 1006.57
2026/08/07 13:35:27.117, 3, 101120, 100, 1007.34
2026/08/07 13:35:27.117, 4, 101252, 100, 990.27
2026/08/07 13:35:27.117, 5, 101248, 100, 1009.66
2026/08/07 13:35:27.117, 6, 101248, 100, 982.53
2026/08/07 13:35:27.117, 7, 101248, 100, 1026.18
2026/08/07 13:35:27.617, 0, 101124, 100, 1015.64
2026/08/07 13:35:27.617, 1, 101120, 100, 1015.98
2026/08/07 13:35:27.617, 2, 101120, 100, 1005.41
2026/08/07 13:35:27.617, 3, 101120, 100, 1009.53
2026/08/07 13:35:27.617, 4, 101252, 100, 994.06
2026/08/07 13:35:27.617, 5, 101248, 100, 1020.96
2026/08/07 13:35:27.617, 6, 101248, 100, 994.82
2026/08/07 13:35:27.617, 7, 101248, 100, 1030.13
2026/08/07 13:35:28.117, 0, 101124, 100, 1011.62
2026/08/07 13:35:28.118, 1, 101120, 100, 1023.77
2026/08/07 13:35:28.119, 2, 101120, 100, 1003.91
2026/08/07 13:35:28.120, 3, 101120, 99, 1011.97
2026/08/07 13:35:28.120, 4, 101252, 100, 987.53
2026/08/07 13:35:28.121, 5, 101248, 100, 1014.83
2026/08/07 13:35:28.122, 6, 101248, 100, 990.02
2026/08/07 13:35:28.123, 7, 101248, 100, 1023.15
2026/08/07 13:35:28.624, 0, 101124, 100, 1002.64
2026/08/07 13:35:28.624, 1, 101120, 100, 1021.51
2026/08/07 13:35:28.624, 2, 101120, 100, 1006.15
2026/08/07 13:35:28.624, 3, 101120, 100, 1011.47
2026/08/07 13:35:28.624, 4, 101252, 100, 990.43
2026/08/07 13:35:28.624, 5, 101248, 100, 1010.66
2026/08/07 13:35:28.624, 6, 101248, 100, 991.80
2026/08/07 13:35:28.624, 7, 101248, 100, 1019.68
2026/08/07 13:35:29.124, 0, 101124, 100, 1014.48
2026/08/07 13:35:29.127, 1, 101120, 100, 1018.42
2026/08/07 13:35:29.127, 2, 101120, 100, 1011.67
2026/08/07 13:35:29.131, 3, 101120, 100, 1018.35
2026/08/07 13:35:29.131, 4, 101252, 100, 989.29
2026/08/07 13:35:29.131, 5, 101248, 100, 1008.74
2026/08/07 13:35:29.135, 6, 101248, 100, 990.39
2026/08/07 13:35:29.135, 7, 101248, 100, 1018.15
2026/08/07 13:35:29.639, 0, 101124, 100, 1014.02
2026/08/07 13:35:29.639, 1, 101120, 100, 1021.20
2026/08/07 13:35:29.639, 2, 101120, 100, 1004.23
2026/08/07 13:35:29.639, 3, 101120, 100, 1012.95
2026/08/07 13:35:29.639, 4, 101252, 100, 988.35
2026/08/07 13:35:29.639, 5, 101248, 100, 1015.61
2026/08/07 13:35:29.639, 6, 101248, 100, 989.57
2026/08/07 13:35:29.639, 7, 101248, 100, 1023.02
2026/08/07 13:35:30.139, 0, 101124, 100, 1006.34
2026/08/07 13:35:30.139, 1, 101120, 100, 1022.69
2026/08/07 13:35:30.139, 2, 101120, 100, 996.16
2026/08/07 13:35:30.139, 3, 101120, 100, 1005.81
2026/08/07 13:35:30.139, 4, 101252, 100, 988.47
2026/08/07 13:35:30.139, 5, 101248, 100, 1013.81
2026/08/07 13:35:30.139, 6, 101248, 100, 987.50
2026/08/07 13:35:30.139, 7, 101248, 99, 1025.58
2026/08/07 13:35:30.639, 0, 101124, 99, 1002.08
2026/08/07 13:35:30.640, 1, 101120, 100, 1020.37
2026/08/07 13:35:30.640, 2, 101120, 99, 995.19
2026/08/07 13:35:30.640, 3, 101120, 99, 1002.90
2026/08/07 13:35:30.640, 4, 101252, 100, 988.15
2026/08/07 13:35:30.640, 5, 101248, 100, 1009.46
2026/08/07 13:35:30.640, 6, 101248, 100, 982.52
2026/08/07 13:35:30.640, 7, 101248, 100, 1024.22
2026/08/07 13:35:31.140, 0, 101124, 100, 1013.79
2026/08/07 13:35:31.140, 1, 101120, 100, 1018.95
2026/08/07 13:35:31.140, 2, 101120, 100, 1004.26
2026/08/07 13:35:31.140, 3, 101120, 100, 1013.72
2026/08/07 13:35:31.140, 4, 101252, 100, 991.53
2026/08/07 13:35:31.140, 5, 101248, 100, 1021.77
2026/08/07 13:35:31.140, 6, 101248, 100, 989.72
2026/08/07 13:35:31.140, 7, 101248, 100, 1024.85
2026/08/07 13:35:31.640, 0, 101124, 100, 1016.34
2026/08/07 13:35:31.640, 1, 101120, 98, 1022.76
2026/08/07 13:35:31.640, 2, 101120, 100, 1004.88
2026/08/07 13:35:31.640, 3, 101120, 100, 1014.76
2026/08/07 13:35:31.640, 4, 101252, 100, 985.35
2026/08/07 13:35:31.640, 5, 101248, 100, 1016.29
2026/08/07 13:35:31.640, 6, 101248, 100, 986.79
2026/08/07 13:35:31.640, 7, 101248, 100, 1024.39
2026/08/07 13:35:32.140, 0, 101124, 100, 1007.46
2026/08/07 13:35:32.140, 1, 101120, 100, 1028.71
2026/08/07 13:35:32.140, 2, 101120, 100, 993.20
2026/08/07 13:35:32.140, 3, 101120, 100, 1010.42
2026/08/07 13:35:32.140, 4, 101252, 100, 992.10
2026/08/07 13:35:32.140, 5, 101248, 100, 1012.76
2026/08/07 13:35:32.140, 6, 101248, 100, 986.75
2026/08/07 13:35:32.140, 7, 101248, 100, 1023.58
2026/08/07 13:35:32.640, 0, 101124, 100, 1007.57
2026/08/07 13:35:32.640, 1, 101120, 100, 1028.30
2026/08/07 13:35:32.640, 2, 101120, 100, 996.01
2026/08/07 13:35:32.640, 3, 101120, 100, 1008.72
2026/08/07 13:35:32.640, 4, 101252, 100, 991.10
2026/08/07 13:35:32.641, 5, 101248, 100, 1012.33
2026/08/07 13:35:32.641, 6, 101248, 99, 987.67
2026/08/07 13:35:32.641, 7, 101248, 100, 1017.48
2026/08/07 13:35:33.141, 0, 101124, 100, 1005.16
2026/08/07 13:35:33.141, 1, 101120, 100, 1018.89
2026/08/07 13:35:33.141, 2, 101120, 100, 992.48
2026/08/07 13:35:33.141, 3, 101120, 100, 1005.73
2026/08/07 13:35:33.141, 4, 101252, 100, 982.32
2026/08/07 13:35:33.141, 5, 101248, 100, 1015.36
2026/08/07 13:35:33.141, 6, 101248, 100, 997.75
2026/08/07 13:35:33.141, 7, 101248, 100, 1023.86
2026/08/07 13:35:33.641, 0, 101124, 100, 1005.32
2026/08/07 13:35:33.642, 1, 101120, 100, 1018.76
2026/08/07 13:35:33.643, 2, 101120, 100, 995.38
2026/08/07 13:35:33.644, 3, 101120, 100, 1007.78
2026/08/07 13:35:33.645, 4, 101252, 98, 982.77
2026/08/07 13:35:33.645, 5, 101248, 99, 1015.22
2026/08/07 13:35:33.646, 6, 101248, 99, 989.08
2026/08/07 13:35:33.647, 7, 101248, 100, 1027.01
2026/08/07 13:35:34.148, 0, 101124, 100, 1003.70
2026/08/07 13:35:34.148, 1, 101120, 98, 1019.33
2026/08/07 13:35:34.148, 2, 101120, 99, 998.45
2026/08/07 13:35:34.148, 3, 101120, 100, 1005.01
2026/08/07 13:35:34.148, 4, 101252, 100, 990.78
2026/08/07 13:35:34.148, 5, 101248, 100, 1016.90
2026/08/07 13:35:34.148, 6, 101248, 100, 979.53
2026/08/07 13:35:34.148, 7, 101248, 100, 1021.37
2026/08/07 13:35:34.648, 0, 101124, 100, 1005.86
2026/08/07 13:35:34.648, 1, 101120, 100, 1020.52
2026/08/07 13:35:34.648, 2, 101120, 100, 1005.64
2026/08/07 13:35:34.648, 3, 101120, 100, 1008.98
2026/08/07 13:35:34.648, 4, 101252, 100, 992.40
2026/08/07 13:35:34.648, 5, 101248, 100, 1018.58
2026/08/07 13:35:34.648, 6, 101248, 100, 993.82
2026/08/07 13:35:34.648, 7, 101248, 100, 1028.43
2026/08/07 13:35:35.149, 0, 101124, 100, 1011.40
2026/08/07 13:35:35.149, 1, 101120, 100, 1022.51
2026/08/07 13:35:35.149, 2, 101120, 100, 1006.84
2026/08/07 13:35:35.149, 3, 101120, 100, 1009.27
2026/08/07 13:35:35.149, 4, 101252, 100, 927.52
2026/08/07 13:35:35.149, 5, 101248, 100, 941.00
2026/08/07 13:35:35.149, 6, 101248, 100, 920.02
2026/08/07 13:35:35.149, 7, 101248, 100, 957.01
2026/08/07 13:35:35.649, 0, 101124, 100, 934.47
2026/08/07 13:35:35.649, 1, 101120, 100, 936.96
2026/08/07 13:35:35.649, 2, 101120, 100, 918.72
2026/08/07 13:35:35.649, 3, 101120, 100, 929.82
2026/08/07 13:35:35.649, 4, 101252, 100, 852.76
2026/08/07 13:35:35.649, 5, 101248, 100, 858.72
2026/08/07 13:35:35.649, 6, 101248, 100, 838.25
2026/08/07 13:35:35.649, 7, 101248, 100, 869.42
2026/08/07 13:35:36.149, 0, 101124, 100, 846.71
2026/08/07 13:35:36.149, 1, 101120, 100, 858.94
2026/08/07 13:35:36.149, 2, 101120, 100, 836.09
2026/08/07 13:35:36.149, 3, 101120, 100, 853.25
2026/08/07 13:35:36.149, 4, 101252, 100, 774.38
2026/08/07 13:35:36.149, 5, 102714, 100, 749.01
2026/08/07 13:35:36.149, 6, 102714, 89, 721.18
2026/08/07 13:35:36.149, 7, 102714, 18, 784.16
2026/08/07 13:35:36.649, 0, 101124, 39, 723.79
2026/08/07 13:35:36.650, 1, 102586, 0, 694.61
2026/08/07 13:35:36.650, 2, 102586, 60, 703.00
2026/08/07 13:35:36.650, 3, 102586, 0, 710.47
2026/08/07 13:35:36.650, 4, 101252, 0, 459.89
2026/08/07 13:35:36.650, 5, 102714, 0, 439.53
2026/08/07 13:35:36.650, 6, 102714, 0, 416.74
2026/08/07 13:35:36.650, 7, 102714, 0, 471.00
2026/08/07 13:35:37.151, 0, 101124, 0, 413.34
2026/08/07 13:35:37.151, 1, 102586, 0, 380.98
2026/08/07 13:35:37.151, 2, 102586, 0, 401.77
2026/08/07 13:35:37.151, 3, 102586, 0, 394.56
2026/08/07 13:35:37.151, 4, 101252, 0, 202.51
2026/08/07 13:35:37.151, 5, 102714, 0, 207.79
2026/08/07 13:35:37.151, 6, 102714, 0, 202.43
2026/08/07 13:35:37.151, 7, 102714, 0, 210.13
2026/08/07 13:35:37.651, 0, 101124, 0, 206.05
2026/08/07 13:35:37.651, 1, 102586, 0, 212.73
2026/08/07 13:35:37.651, 2, 102586, 0, 200.26
2026/08/07 13:35:37.651, 3, 102586, 0, 220.08
2026/08/07 13:35:37.651, 4, 101252, 0, 201.27
2026/08/07 13:35:37.651, 5, 102714, 0, 206.31
2026/08/07 13:35:37.651, 6, 102714, 0, 201.62
2026/08/07 13:35:37.651, 7, 102714, 0, 208.70
2026/08/07 13:35:38.151, 0, 101124, 0, 204.78
2026/08/07 13:35:38.151, 1, 102586, 0, 211.50
2026/08/07 13:35:38.151, 2, 102586, 0, 199.65
2026/08/07 13:35:38.151, 3, 102586, 0, 218.71
2026/08/07 13:35:38.151, 4, 101252, 0, 200.37
2026/08/07 13:35:38.151, 5, 102714, 0, 205.48
2026/08/07 13:35:38.151, 6, 102714, 0, 201.51
2026/08/07 13:35:38.152, 7, 102714, 0, 207.83
2026/08/07 13:35:38.652, 0, 101124, 0, 204.09
2026/08/07 13:35:38.652, 1, 102586, 0, 211.16
2026/08/07 13:35:38.652, 2, 102586, 0, 198.94
2026/08/07 13:35:38.656, 3, 102586, 0, 217.85
2026/08/07 13:35:38.657, 4, 101252, 0, 199.94
2026/08/07 13:35:38.661, 5, 102714, 0, 205.24
2026/08/07 13:35:38.661, 6, 102714, 0, 200.92
2026/08/07 13:35:38.665, 7, 102714, 0, 207.62
2026/08/07 13:35:39.165, 0, 101124, 0, 203.98
2026/08/07 13:35:39.166, 1, 102586, 0, 210.79
2026/08/07 13:35:39.167, 2, 102586, 0, 198.38
2026/08/07 13:35:39.167, 3, 102586, 0, 217.27
2026/08/07 13:35:39.168, 4, 101252, 0, 200.02
2026/08/07 13:35:39.169, 5, 102714, 0, 205.01
2026/08/07 13:35:39.169, 6, 102714, 0, 200.34
2026/08/07 13:35:39.170, 7, 102714, 0, 207.63
