color_space,frame_index,time_s,psnr_db,ssim,mse
rgb,0,0.0,15.15,0.378923,1985.01
rgb,1,0.041666666666666664,15.15,0.377599,1985.94
rgb,2,0.08333333333333333,15.14,0.375533,1991.98
rgb,3,0.125,15.15,0.375208,1987.15
rgb,4,0.16666666666666666,15.13,0.37295,1994.45
rgb,5,0.20833333333333334,15.15,0.375272,1988.05
rgb,6,0.25,15.14,0.371882,1990.55
rgb,7,0.2916666666666667,15.17,0.3733,1979.13
rgb,8,0.3333333333333333,15.16,0.371618,1982.7
rgb,9,0.375,15.19,0.374414,1966.36
rgb,10,0.4166666666666667,15.19,0.372904,1966.06
rgb,11,0.4583333333333333,15.22,0.373376,1956.33
rgb,12,0.5,15.21,0.37179,1960.13
rgb,13,0.5416666666666666,15.22,0.374197,1954.5
rgb,14,0.5833333333333334,15.17,0.368481,1978.64
rgb,15,0.625,15.14,0.366194,1992.39
rgb,16,0.6666666666666666,15.1,0.36257,2011.75
rgb,17,0.7083333333333334,15.09,0.360645,2015.64
rgb,18,0.75,15.04,0.359272,2037.8
rgb,19,0.7916666666666666,14.97,0.35742,2072.51
rgb,20,0.8333333333333334,14.92,0.353828,2095.9
rgb,21,0.875,14.74,0.349499,2182.4
rgb,22,0.9166666666666666,14.14,0.334201,2505.77
rgb,23,0.9583333333333334,14.03,0.326588,2567.99
rgb,24,1.0,13.92,0.319962,2633.83
rgb,25,1.0416666666666667,14.08,0.322961,2542.91
rgb,26,1.0833333333333333,14.08,0.324922,2540.73
rgb,27,1.125,14.17,0.325379,2488.99
rgb,28,1.1666666666666667,14.24,0.32529,2452.3
rgb,29,1.2083333333333333,14.41,0.32814,2355.23
rgb,30,1.25,14.49,0.330678,2315.0
rgb,31,1.2916666666666667,14.58,0.33402,2267.27
rgb,32,1.3333333333333333,14.68,0.3358,2212.44
rgb,33,1.375,14.8,0.341446,2153.69
rgb,34,1.4166666666666667,14.85,0.340389,2129.7
rgb,35,1.4583333333333333,14.8,0.339115,2151.15
rgb,36,1.5,14.69,0.331482,2206.25
rgb,37,1.5416666666666667,14.65,0.32887,2229.0
rgb,38,1.5833333333333333,14.59,0.324863,2262.07
rgb,39,1.625,14.5,0.319988,2304.73
rgb,40,1.6666666666666667,14.5,0.319159,2304.67
rgb,41,1.7083333333333333,14.55,0.32283,2281.49
rgb,42,1.75,14.62,0.327864,2244.25
rgb,43,1.7916666666666667,14.67,0.333319,2219.49
rgb,44,1.8333333333333333,14.73,0.338474,2190.08
rgb,45,1.875,14.81,0.345088,2146.08
rgb,46,1.9166666666666667,14.91,0.354915,2101.05
rgb,47,1.9583333333333333,14.97,0.364596,2069.84
rgb,48,2.0,15.01,0.368547,2051.77
rgb,49,2.0416666666666665,15.12,0.379165,1998.52
rgb,50,2.0833333333333335,15.15,0.384606,1986.49
rgb,51,2.125,15.25,0.397279,1940.3
rgb,52,2.1666666666666665,15.13,0.398883,1994.39
rgb,53,2.2083333333333335,15.14,0.407263,1990.91
rgb,54,2.25,15.16,0.417455,1983.52
rgb,55,2.2916666666666665,15.21,0.424984,1959.07
rgb,56,2.3333333333333335,15.24,0.433584,1944.02
rgb,57,2.375,15.33,0.441898,1906.4
rgb,58,2.4166666666666665,15.53,0.454965,1818.3
rgb,59,2.4583333333333335,15.63,0.461563,1778.52
rgb,60,2.5,15.71,0.470521,1747.16
rgb,61,2.5416666666666665,15.68,0.475443,1759.22
rgb,62,2.5833333333333335,15.71,0.481233,1745.36
rgb,63,2.625,15.78,0.48772,1716.83
rgb,64,2.6666666666666665,15.94,0.494568,1656.99
rgb,65,2.7083333333333335,16.06,0.500382,1612.54
rgb,66,2.75,16.17,0.505812,1571.04
rgb,67,2.7916666666666665,16.16,0.507313,1574.01
rgb,68,2.8333333333333335,16.13,0.50582,1586.69
rgb,69,2.875,16.08,0.506832,1602.03
rgb,70,2.9166666666666665,15.92,0.503135,1664.46
rgb,71,2.9583333333333335,15.84,0.501407,1694.38
rgb,72,3.0,15.67,0.496515,1761.04
rgb,73,3.0416666666666665,15.63,0.496603,1779.17
rgb,74,3.0833333333333335,15.61,0.496858,1788.0
rgb,75,3.125,15.66,0.49932,1766.14
rgb,76,3.1666666666666665,15.74,0.502591,1735.69
rgb,77,3.2083333333333335,15.84,0.507932,1693.82
rgb,78,3.25,15.9,0.511305,1670.61
rgb,79,3.2916666666666665,15.94,0.513235,1655.34
rgb,80,3.3333333333333335,15.91,0.512264,1666.56
rgb,81,3.375,15.93,0.51267,1661.35
rgb,82,3.4166666666666665,15.87,0.509912,1682.82
rgb,83,3.4583333333333335,15.83,0.509032,1697.76
rgb,84,3.5,15.74,0.505922,1734.45
rgb,85,3.5416666666666665,15.7,0.504137,1751.89
rgb,86,3.5833333333333335,15.65,0.500783,1771.35
rgb,87,3.625,15.6,0.499669,1789.61
rgb,88,3.6666666666666665,15.57,0.498179,1802.83
rgb,89,3.7083333333333335,15.57,0.49829,1804.2
rgb,90,3.75,15.64,0.500476,1774.4
rgb,91,3.7916666666666665,15.69,0.502483,1754.67
rgb,92,3.8333333333333335,15.76,0.505838,1725.65
rgb,93,3.875,15.78,0.506906,1717.24
rgb,94,3.9166666666666665,15.82,0.508318,1701.45
rgb,95,3.9583333333333335,15.83,0.508616,1700.15
rgb,96,4.0,15.84,0.508485,1694.61
rgb,97,4.041666666666667,15.84,0.508706,1694.28
rgb,98,4.083333333333333,15.84,0.508083,1693.25
rgb,99,4.125,15.85,0.509026,1692.19
rgb,100,4.166666666666667,15.83,0.50698,1697.67
rgb,101,4.208333333333333,15.86,0.508628,1688.63
rgb,102,4.25,15.9,0.509167,1671.03
rgb,103,4.291666666666667,15.92,0.511666,1663.76
rgb,104,4.333333333333333,15.87,0.510707,1682.33
rgb,105,4.375,15.84,0.510333,1694.78
rgb,106,4.416666666666667,15.76,0.506845,1728.01
rgb,107,4.458333333333333,15.71,0.504884,1746.85
rgb,108,4.5,15.63,0.501994,1777.19
rgb,109,4.541666666666667,15.61,0.500274,1786.33
rgb,110,4.583333333333333,15.53,0.495293,1818.74
rgb,111,4.625,15.55,0.494353,1811.58
rgb,112,4.666666666666667,15.54,0.492336,1815.77
rgb,113,4.708333333333333,15.55,0.492136,1812.16
rgb,114,4.75,15.51,0.48759,1828.46
rgb,115,4.791666666666667,15.45,0.482212,1853.82
rgb,116,4.833333333333333,15.33,0.474491,1906.17
rgb,117,4.875,15.25,0.464954,1941.92
rgb,118,4.916666666666667,15.09,0.448925,2012.46
rgb,119,4.958333333333333,14.97,0.4305,2071.26
rgb,120,5.0,14.73,0.406281,2187.82
rgb,121,5.041666666666667,14.65,0.394182,2230.2
rgb,122,5.083333333333333,14.6,0.390279,2252.65
rgb,123,5.125,14.58,0.38637,2263.47
rgb,124,5.166666666666667,14.52,0.374632,2298.43
rgb,125,5.208333333333333,14.47,0.370878,2325.08
rgb,126,5.25,14.43,0.368914,2345.4
rgb,127,5.291666666666667,14.42,0.367473,2350.9
rgb,128,5.333333333333333,14.42,0.366633,2348.12
rgb,129,5.375,14.42,0.366616,2348.61
rgb,130,5.416666666666667,14.43,0.366304,2343.67
rgb,131,5.458333333333333,14.44,0.365216,2341.27
rgb,132,5.5,14.42,0.363628,2352.17
rgb,133,5.541666666666667,14.39,0.362451,2366.74
rgb,134,5.583333333333333,14.35,0.359861,2387.11
rgb,135,5.625,14.33,0.357607,2397.07
rgb,136,5.666666666666667,14.29,0.35204,2418.73
rgb,137,5.708333333333333,14.31,0.353408,2410.79
rgb,138,5.75,14.28,0.351104,2426.15
rgb,139,5.791666666666667,14.31,0.350921,2411.25
rgb,140,5.833333333333333,14.36,0.34884,2384.38
rgb,141,5.875,14.41,0.348141,2357.69
rgb,142,5.916666666666667,14.51,0.350194,2301.67
rgb,143,5.958333333333333,14.56,0.352249,2272.98
rgb,144,6.0,14.58,0.352818,2263.06
rgb,145,6.041666666666667,14.62,0.354977,2245.37
rgb,146,6.083333333333333,14.64,0.355237,2233.1
rgb,147,6.125,14.67,0.355369,2217.69
rgb,148,6.166666666666667,14.7,0.354792,2203.39
rgb,149,6.208333333333333,14.74,0.356078,2181.82
rgb,150,6.25,14.78,0.355848,2165.04
rgb,151,6.291666666666667,14.78,0.355895,2161.39
rgb,152,6.333333333333333,14.79,0.3581,2159.38
rgb,153,6.375,14.81,0.360956,2147.41
rgb,154,6.416666666666667,14.83,0.362496,2140.64
rgb,155,6.458333333333333,14.85,0.364752,2130.76
rgb,156,6.5,14.88,0.366112,2112.17
rgb,157,6.541666666666667,14.89,0.366597,2106.94
rgb,158,6.583333333333333,14.89,0.364256,2111.26
rgb,159,6.625,14.89,0.364404,2107.84
rgb,160,6.666666666666667,14.93,0.367057,2091.96
rgb,161,6.708333333333333,14.94,0.368041,2084.23
rgb,162,6.75,14.99,0.370687,2062.72
rgb,163,6.791666666666667,15.01,0.372585,2051.46
rgb,164,6.833333333333333,15.05,0.375274,2033.18
rgb,165,6.875,15.1,0.379702,2010.45
rgb,166,6.916666666666667,15.18,0.387616,1972.63
rgb,167,6.958333333333333,15.22,0.392558,1953.79
rgb,168,7.0,15.28,0.398758,1927.68
rgb,169,7.041666666666667,15.35,0.405675,1898.1
rgb,170,7.083333333333333,15.42,0.416242,1865.23
rgb,171,7.125,15.42,0.420698,1868.41
rgb,172,7.166666666666667,15.44,0.42515,1858.85
rgb,173,7.208333333333333,15.49,0.430166,1838.45
rgb,174,7.25,15.55,0.436751,1810.11
rgb,175,7.291666666666667,15.59,0.443766,1794.06
rgb,176,7.333333333333333,15.62,0.447167,1781.35
rgb,177,7.375,15.71,0.453078,1747.77
rgb,178,7.416666666666667,15.78,0.459169,1717.43
rgb,179,7.458333333333333,15.83,0.467233,1698.47
rgb,180,7.5,15.89,0.473304,1675.91
rgb,181,7.541666666666667,15.98,0.480185,1640.3
rgb,182,7.583333333333333,16.04,0.4886,1616.88
rgb,183,7.625,16.05,0.496473,1614.1
rgb,184,7.666666666666667,16.05,0.500029,1614.11
rgb,185,7.708333333333333,16.08,0.503932,1602.48
rgb,186,7.75,16.09,0.506271,1598.05
rgb,187,7.791666666666667,16.13,0.512019,1583.54
rgb,188,7.833333333333333,16.08,0.509642,1602.51
rgb,189,7.875,16.05,0.510909,1614.47
rgb,190,7.916666666666667,16.06,0.513372,1609.83
rgb,191,7.958333333333333,16.07,0.516871,1607.04
rgb,192,8.0,16.09,0.520759,1601.15
rgb,193,8.041666666666666,16.09,0.522123,1601.39
rgb,194,8.083333333333334,16.07,0.520406,1607.52
rgb,195,8.125,16.07,0.521401,1605.91
rgb,196,8.166666666666666,16.11,0.523503,1591.61
rgb,197,8.208333333333334,16.12,0.524379,1588.6
rgb,198,8.25,16.12,0.52324,1590.56
rgb,199,8.291666666666666,16.11,0.523362,1593.06
rgb,200,8.333333333333334,16.14,0.522181,1581.95
rgb,201,8.375,16.17,0.523434,1571.97
rgb,202,8.416666666666666,16.15,0.522509,1578.85
rgb,203,8.458333333333334,16.18,0.523081,1567.79
rgb,204,8.5,16.23,0.524564,1549.82
rgb,205,8.541666666666666,16.37,0.529351,1499.72
rgb,206,8.583333333333334,16.09,0.52244,1598.26
rgb,207,8.625,16.13,0.523141,1586.07
rgb,208,8.666666666666666,16.03,0.519297,1621.24
rgb,209,8.708333333333334,16.01,0.519345,1629.21
rgb,210,8.75,15.89,0.515786,1675.01
rgb,211,8.791666666666666,15.88,0.515446,1678.12
rgb,212,8.833333333333334,15.81,0.512756,1708.15
rgb,213,8.875,15.81,0.512369,1708.22
rgb,214,8.916666666666666,15.73,0.508796,1737.34
rgb,215,8.958333333333334,15.72,0.507809,1744.02
rgb,216,9.0,15.64,0.503066,1776.23
rgb,217,9.041666666666666,15.62,0.501355,1782.67
rgb,218,9.083333333333334,15.56,0.497641,1809.1
rgb,219,9.125,15.53,0.495122,1821.05
rgb,220,9.166666666666666,15.52,0.491717,1823.83
rgb,221,9.208333333333334,15.54,0.490165,1816.01
rgb,222,9.25,15.48,0.48691,1840.27
rgb,223,9.291666666666666,15.39,0.483181,1878.83
rgb,224,9.333333333333334,15.28,0.478004,1929.38
rgb,225,9.375,15.24,0.476721,1944.59
rgb,226,9.416666666666666,15.2,0.474087,1964.91
rgb,227,9.458333333333334,15.17,0.47304,1978.41
rgb,228,9.5,15.13,0.470453,1994.68
rgb,229,9.541666666666666,15.12,0.470147,1998.47
rgb,230,9.583333333333334,15.12,0.468353,2000.84
rgb,231,9.625,15.08,0.468048,2018.64
rgb,232,9.666666666666666,14.84,0.461465,2134.31
rgb,233,9.708333333333334,14.91,0.461509,2099.24
rgb,234,9.75,14.96,0.459853,2076.75
rgb,235,9.791666666666666,14.88,0.457644,2113.53
rgb,236,9.833333333333334,14.75,0.455563,2179.54
rgb,237,9.875,14.76,0.456743,2170.89
rgb,238,9.916666666666666,14.91,0.459365,2100.31
rgb,239,9.958333333333334,14.94,0.462314,2087.14
rgb,240,10.0,14.98,0.464689,2067.63
rgb,241,10.041666666666666,15.01,0.46611,2052.81
rgb,242,10.083333333333334,15.04,0.468077,2038.84
rgb,243,10.125,15.06,0.469109,2027.91
rgb,244,10.166666666666666,15.09,0.472088,2014.12
rgb,245,10.208333333333334,15.14,0.473804,1992.79
rgb,246,10.25,15.18,0.477527,1970.54
rgb,247,10.291666666666666,15.26,0.480565,1937.92
rgb,248,10.333333333333334,15.31,0.483087,1916.74
rgb,249,10.375,15.34,0.485401,1899.47
rgb,250,10.416666666666666,15.43,0.506282,1860.76
rgb,251,10.458333333333334,15.49,0.50777,1836.12
rgb,252,10.5,15.53,0.51061,1820.26
rgb,253,10.541666666666666,15.58,0.512829,1798.2
rgb,254,10.583333333333334,15.63,0.515043,1778.08
rgb,255,10.625,15.71,0.517721,1745.39
rgb,256,10.666666666666666,15.78,0.520922,1717.41
rgb,257,10.708333333333334,15.8,0.521993,1712.3
rgb,258,10.75,15.81,0.523254,1706.13
rgb,259,10.791666666666666,15.8,0.520217,1712.18
rgb,260,10.833333333333334,15.73,0.510581,1738.94
rgb,261,10.875,15.67,0.50473,1761.9
rgb,262,10.916666666666666,15.62,0.497832,1781.73
rgb,263,10.958333333333334,15.54,0.488923,1817.12
rgb,264,11.0,15.4,0.469185,1875.91
rgb,265,11.041666666666666,15.31,0.459986,1913.89
rgb,266,11.083333333333334,15.17,0.451865,1976.69
rgb,267,11.125,15.15,0.44498,1987.07
rgb,268,11.166666666666666,15.13,0.434598,1994.69
rgb,269,11.208333333333334,15.15,0.431139,1987.58
rgb,270,11.25,15.1,0.42521,2010.6
rgb,271,11.291666666666666,15.07,0.420978,2021.86
rgb,272,11.333333333333334,15.05,0.411603,2031.16
rgb,273,11.375,15.05,0.40782,2032.18
rgb,274,11.416666666666666,14.98,0.399263,2065.22
rgb,275,11.458333333333334,14.96,0.396116,2074.47
rgb,276,11.5,14.91,0.389947,2097.43
rgb,277,11.541666666666666,14.9,0.386922,2101.78
rgb,278,11.583333333333334,14.88,0.385065,2111.79
rgb,279,11.625,14.91,0.385791,2099.27
rgb,280,11.666666666666666,14.89,0.384041,2109.73
rgb,281,11.708333333333334,14.9,0.384294,2105.42
rgb,282,11.75,14.88,0.383134,2114.73
rgb,283,11.791666666666666,14.9,0.383924,2105.18
rgb,284,11.833333333333334,14.92,0.383178,2093.92
rgb,285,11.875,14.96,0.383857,2076.71
rgb,286,11.916666666666666,14.95,0.381543,2081.94
rgb,287,11.958333333333334,14.96,0.381571,2074.66
rgb,288,12.0,14.96,0.380733,2073.66
rgb,289,12.041666666666666,14.98,0.381257,2064.21
rgb,290,12.083333333333334,14.98,0.383473,2065.97
rgb,291,12.125,15.0,0.386769,2056.56
rgb,292,12.166666666666666,15.01,0.389428,2052.53
rgb,293,12.208333333333334,15.02,0.391064,2047.95
rgb,294,12.25,15.01,0.394996,2049.42
rgb,295,12.291666666666666,15.02,0.397736,2045.48
rgb,296,12.333333333333334,15.06,0.402051,2026.56
rgb,297,12.375,15.09,0.405619,2012.94
rgb,298,12.416666666666666,15.11,0.41028,2004.33
rgb,299,12.458333333333334,15.22,0.415129,1956.09
rgb,300,12.5,15.22,0.418433,1954.12
rgb,301,12.541666666666666,15.19,0.422789,1969.33
rgb,302,12.583333333333334,14.94,0.418697,2086.14
rgb,303,12.625,14.82,0.416617,2145.06
rgb,304,12.666666666666666,14.85,0.416778,2127.51
rgb,305,12.708333333333334,14.94,0.420056,2085.74
rgb,306,12.75,15.03,0.429181,2042.11
rgb,307,12.791666666666666,15.16,0.438101,1983.34
rgb,308,12.833333333333334,15.11,0.443466,2003.14
rgb,309,12.875,15.16,0.452164,1982.71
rgb,310,12.916666666666666,15.46,0.463236,1851.49
rgb,311,12.958333333333334,15.56,0.472556,1807.59
rgb,312,13.0,15.57,0.478122,1805.27
rgb,313,13.041666666666666,15.62,0.482097,1783.25
rgb,314,13.083333333333334,15.6,0.48509,1789.74
rgb,315,13.125,15.63,0.48864,1776.65
rgb,316,13.166666666666666,15.61,0.488593,1786.56
rgb,317,13.208333333333334,15.64,0.491205,1773.28
rgb,318,13.25,15.7,0.496785,1748.17
rgb,319,13.291666666666666,15.76,0.502827,1724.45
rgb,320,13.333333333333334,15.82,0.50939,1702.14
rgb,321,13.375,15.84,0.512682,1693.26
rgb,322,13.416666666666666,15.84,0.513929,1694.29
rgb,323,13.458333333333334,15.85,0.514921,1691.91
rgb,324,13.5,15.81,0.512039,1707.56
rgb,325,13.541666666666666,15.78,0.51245,1720.08
rgb,326,13.583333333333334,15.73,0.512145,1738.07
rgb,327,13.625,15.71,0.51199,1747.98
rgb,328,13.666666666666666,15.66,0.511041,1766.85
rgb,329,13.708333333333334,15.64,0.51064,1772.51
rgb,330,13.75,15.65,0.51092,1769.32
rgb,331,13.791666666666666,15.71,0.513831,1745.63
rgb,332,13.833333333333334,15.85,0.517301,1689.1
rgb,333,13.875,15.88,0.521052,1678.46
rgb,334,13.916666666666666,15.95,0.523429,1652.2
rgb,335,13.958333333333334,15.98,0.527059,1639.41
rgb,336,14.0,15.98,0.526004,1640.69
rgb,337,14.041666666666666,15.95,0.525196,1650.83
rgb,338,14.083333333333334,15.95,0.524266,1651.65
rgb,339,14.125,15.97,0.526273,1646.34
rgb,340,14.166666666666666,16.01,0.530119,1630.85
rgb,341,14.208333333333334,16.08,0.533599,1603.47
rgb,342,14.25,16.14,0.536752,1582.2
rgb,343,14.291666666666666,16.2,0.538881,1558.52
rgb,344,14.333333333333334,16.07,0.537913,1606.92
rgb,345,14.375,16.29,0.538204,1529.18
rgb,346,14.416666666666666,16.39,0.537624,1494.13
rgb,347,14.458333333333334,16.39,0.536559,1493.94
rgb,348,14.5,15.99,0.521778,1637.03
rgb,349,14.541666666666666,15.87,0.512228,1682.74
rgb,350,14.583333333333334,15.58,0.504749,1801.25
rgb,351,14.625,15.55,0.504156,1810.1
rgb,352,14.666666666666666,15.53,0.503206,1821.26
rgb,353,14.708333333333334,15.45,0.492788,1854.91
rgb,354,14.75,15.42,0.478699,1867.54
rgb,355,14.791666666666666,15.3,0.465444,1918.61
rgb,356,14.833333333333334,15.11,0.438542,2002.96
rgb,357,14.875,15.04,0.419064,2037.07
rgb,358,14.916666666666666,14.77,0.379889,2166.83
rgb,359,14.958333333333334,14.6,0.357274,2253.12
rgb,360,15.0,14.53,0.348304,2292.43
rgb,361,15.041666666666666,14.52,0.344812,2294.95
yuv,0,0.0,21.11,0.754584,503.11
yuv,1,0.041666666666666664,21.11,0.754718,503.26
yuv,2,0.08333333333333333,21.1,0.75472,504.65
yuv,3,0.125,21.11,0.755864,503.29
yuv,4,0.16666666666666666,21.09,0.755837,505.51
yuv,5,0.20833333333333334,21.11,0.757402,503.67
yuv,6,0.25,21.1,0.757022,504.29
yuv,7,0.2916666666666667,21.13,0.757715,501.43
yuv,8,0.3333333333333333,21.12,0.756607,502.6
yuv,9,0.375,21.16,0.757904,498.18
yuv,10,0.4166666666666667,21.16,0.75778,498.3
yuv,11,0.4583333333333333,21.18,0.758132,495.96
yuv,12,0.5,21.17,0.757143,497.2
yuv,13,0.5416666666666666,21.18,0.758072,495.47
yuv,14,0.5833333333333334,21.13,0.755882,501.67
yuv,15,0.625,21.1,0.755542,505.21
yuv,16,0.6666666666666666,21.05,0.753135,510.49
yuv,17,0.7083333333333334,21.04,0.752319,511.34
yuv,18,0.75,20.99,0.751498,517.3
yuv,19,0.7916666666666666,20.92,0.75104,525.83
yuv,20,0.8333333333333334,20.87,0.749551,532.26
yuv,21,0.875,20.69,0.747395,555.06
yuv,22,0.9166666666666666,20.09,0.740117,636.8
yuv,23,0.9583333333333334,19.99,0.736994,652.44
yuv,24,1.0,19.87,0.733469,670.25
yuv,25,1.0416666666666667,20.01,0.733857,648.8
yuv,26,1.0833333333333333,19.99,0.733018,651.86
yuv,27,1.125,20.07,0.732499,639.97
yuv,28,1.1666666666666667,20.12,0.730921,632.4
yuv,29,1.2083333333333333,20.29,0.730571,607.95
yuv,30,1.25,20.36,0.729821,598.24
yuv,31,1.2916666666666667,20.46,0.731513,584.91
yuv,32,1.3333333333333333,20.57,0.732894,570.1
yuv,33,1.375,20.69,0.734674,554.51
yuv,34,1.4166666666666667,20.74,0.73378,548.82
yuv,35,1.4583333333333333,20.69,0.732928,554.43
yuv,36,1.5,20.58,0.729588,568.83
yuv,37,1.5416666666666667,20.53,0.728278,575.09
yuv,38,1.5833333333333333,20.46,0.72578,584.5
yuv,39,1.625,20.38,0.722779,596.32
yuv,40,1.6666666666666667,20.38,0.722226,595.7
yuv,41,1.7083333333333333,20.43,0.724543,589.54
yuv,42,1.75,20.5,0.72676,579.15
yuv,43,1.7916666666666667,20.55,0.728797,573.0
yuv,44,1.8333333333333333,20.61,0.730997,564.39
yuv,45,1.875,20.71,0.734552,552.45
yuv,46,1.9166666666666667,20.81,0.738306,539.87
yuv,47,1.9583333333333333,20.88,0.7423,531.4
yuv,48,2.0,20.92,0.743477,526.29
yuv,49,2.0416666666666665,21.03,0.748445,512.69
yuv,50,2.0833333333333335,21.06,0.749269,509.61
yuv,51,2.125,21.15,0.754053,498.5
yuv,52,2.1666666666666665,21.04,0.753917,512.05
yuv,53,2.2083333333333335,21.05,0.757589,511.02
yuv,54,2.25,21.06,0.760919,509.51
yuv,55,2.2916666666666665,21.11,0.764377,503.71
yuv,56,2.3333333333333335,21.14,0.766206,500.51
yuv,57,2.375,21.22,0.770321,490.73
yuv,58,2.4166666666666665,21.43,0.776574,467.5
yuv,59,2.4583333333333335,21.53,0.779769,456.96
yuv,60,2.5,21.61,0.78307,448.65
yuv,61,2.5416666666666665,21.58,0.786297,451.77
yuv,62,2.5833333333333335,21.62,0.789622,448.11
yuv,63,2.625,21.69,0.792789,440.54
yuv,64,2.6666666666666665,21.85,0.795957,425.09
yuv,65,2.7083333333333335,21.97,0.79931,413.04
yuv,66,2.75,22.09,0.801886,402.08
yuv,67,2.7916666666666665,22.08,0.802612,402.72
yuv,68,2.8333333333333335,22.04,0.800686,406.45
yuv,69,2.875,22.0,0.80184,410.38
yuv,70,2.9166666666666665,21.83,0.800676,426.91
yuv,71,2.9583333333333335,21.75,0.799792,434.89
yuv,72,3.0,21.58,0.796403,452.42
yuv,73,3.0416666666666665,21.53,0.796297,456.93
yuv,74,3.0833333333333335,21.51,0.796024,458.87
yuv,75,3.125,21.57,0.79738,453.01
yuv,76,3.1666666666666665,21.65,0.798941,445.0
yuv,77,3.2083333333333335,21.76,0.801639,433.79
yuv,78,3.25,21.82,0.803112,427.47
yuv,79,3.2916666666666665,21.86,0.804014,423.44
yuv,80,3.3333333333333335,21.83,0.803411,426.58
yuv,81,3.375,21.85,0.803954,425.18
yuv,82,3.4166666666666665,21.79,0.802598,430.83
yuv,83,3.4583333333333335,21.75,0.801989,434.75
yuv,84,3.5,21.65,0.799893,445.0
yuv,85,3.5416666666666665,21.6,0.799514,449.73
yuv,86,3.5833333333333335,21.55,0.798014,455.29
yuv,87,3.625,21.51,0.797619,459.61
yuv,88,3.6666666666666665,21.47,0.797106,463.49
yuv,89,3.7083333333333335,21.47,0.796767,463.64
yuv,90,3.75,21.54,0.798481,455.78
yuv,91,3.7916666666666665,21.6,0.799591,449.99
yuv,92,3.8333333333333335,21.68,0.80106,441.91
yuv,93,3.875,21.7,0.801706,439.25
yuv,94,3.9166666666666665,21.74,0.803087,435.27
yuv,95,3.9583333333333335,21.75,0.803469,434.93
yuv,96,4.0,21.76,0.803619,434.01
yuv,97,4.041666666666667,21.76,0.803681,433.98
yuv,98,4.083333333333333,21.76,0.802852,433.94
yuv,99,4.125,21.76,0.80321,433.72
yuv,100,4.166666666666667,21.74,0.802492,435.53
yuv,101,4.208333333333333,21.76,0.803472,433.28
yuv,102,4.25,21.8,0.804095,429.68
yuv,103,4.291666666666667,21.82,0.805712,428.05
yuv,104,4.333333333333333,21.76,0.805316,433.34
yuv,105,4.375,21.73,0.8052,436.6
yuv,106,4.416666666666667,21.64,0.803153,445.55
yuv,107,4.458333333333333,21.6,0.801933,450.37
yuv,108,4.5,21.52,0.800491,458.7
yuv,109,4.541666666666667,21.49,0.800081,461.14
yuv,110,4.583333333333333,21.41,0.79839,469.49
yuv,111,4.625,21.44,0.797975,467.23
yuv,112,4.666666666666667,21.43,0.797551,468.33
yuv,113,4.708333333333333,21.43,0.797746,467.49
yuv,114,4.75,21.39,0.796654,471.96
yuv,115,4.791666666666667,21.33,0.794947,478.64
yuv,116,4.833333333333333,21.21,0.79225,492.54
yuv,117,4.875,21.13,0.788625,501.72
yuv,118,4.916666666666667,20.97,0.782419,519.82
yuv,119,4.958333333333333,20.85,0.774735,534.95
yuv,120,5.0,20.62,0.763638,564.3
yuv,121,5.041666666666667,20.54,0.759067,574.76
yuv,122,5.083333333333333,20.49,0.75708,580.92
yuv,123,5.125,20.47,0.754661,583.95
yuv,124,5.166666666666667,20.4,0.748372,593.08
yuv,125,5.208333333333333,20.35,0.746635,599.64
yuv,126,5.25,20.31,0.745209,605.3
yuv,127,5.291666666666667,20.3,0.744147,606.67
yuv,128,5.333333333333333,20.31,0.743655,605.94
yuv,129,5.375,20.31,0.743355,605.68
yuv,130,5.416666666666667,20.32,0.742648,604.07
yuv,131,5.458333333333333,20.33,0.742074,603.14
yuv,132,5.5,20.31,0.741342,605.55
yuv,133,5.541666666666667,20.29,0.740884,608.75
yuv,134,5.583333333333333,20.25,0.739982,613.45
yuv,135,5.625,20.24,0.73921,615.92
yuv,136,5.666666666666667,20.2,0.7369,621.61
yuv,137,5.708333333333333,20.21,0.738234,619.39
yuv,138,5.75,20.19,0.737583,623.08
yuv,139,5.791666666666667,20.21,0.737667,618.96
yuv,140,5.833333333333333,20.26,0.736381,611.95
yuv,141,5.875,20.32,0.736051,604.24
yuv,142,5.916666666666667,20.42,0.735827,590.23
yuv,143,5.958333333333333,20.48,0.736612,582.84
yuv,144,6.0,20.49,0.736779,580.74
yuv,145,6.041666666666667,20.52,0.738079,576.24
yuv,146,6.083333333333333,20.55,0.738328,573.33
yuv,147,6.125,20.58,0.738341,569.28
yuv,148,6.166666666666667,20.6,0.738247,565.82
yuv,149,6.208333333333333,20.65,0.738944,560.14
yuv,150,6.25,20.68,0.738854,556.21
yuv,151,6.291666666666667,20.69,0.738892,555.03
yuv,152,6.333333333333333,20.69,0.740263,554.66
yuv,153,6.375,20.71,0.741293,551.66
yuv,154,6.416666666666667,20.73,0.741652,550.05
yuv,155,6.458333333333333,20.75,0.742443,547.22
yuv,156,6.5,20.79,0.742483,542.17
yuv,157,6.541666666666667,20.8,0.742257,540.4
yuv,158,6.583333333333333,20.8,0.741212,541.33
yuv,159,6.625,20.8,0.741322,540.26
yuv,160,6.666666666666667,20.84,0.742435,536.14
yuv,161,6.708333333333333,20.85,0.742985,534.3
yuv,162,6.75,20.9,0.744602,528.91
yuv,163,6.791666666666667,20.92,0.745591,526.03
yuv,164,6.833333333333333,20.96,0.746708,521.68
yuv,165,6.875,21.0,0.748805,516.16
yuv,166,6.916666666666667,21.08,0.752478,507.15
yuv,167,6.958333333333333,21.12,0.754148,502.6
yuv,168,7.0,21.17,0.756764,496.47
yuv,169,7.041666666666667,21.24,0.759019,489.28
yuv,170,7.083333333333333,21.3,0.762782,481.82
yuv,171,7.125,21.29,0.764302,482.62
yuv,172,7.166666666666667,21.32,0.765951,480.2
yuv,173,7.208333333333333,21.37,0.767936,474.76
yuv,174,7.25,21.43,0.770297,467.41
yuv,175,7.291666666666667,21.47,0.773399,463.09
yuv,176,7.333333333333333,21.5,0.774588,460.24
yuv,177,7.375,21.58,0.777302,451.76
yuv,178,7.416666666666667,21.65,0.779919,444.26
yuv,179,7.458333333333333,21.7,0.78334,439.12
yuv,180,7.5,21.76,0.786006,433.25
yuv,181,7.541666666666667,21.86,0.78906,424.04
yuv,182,7.583333333333333,21.92,0.792765,417.99
yuv,183,7.625,21.93,0.79653,417.11
yuv,184,7.666666666666667,21.93,0.798369,417.31
yuv,185,7.708333333333333,21.96,0.79993,414.16
yuv,186,7.75,21.97,0.801155,413.16
yuv,187,7.791666666666667,22.0,0.80336,409.95
yuv,188,7.833333333333333,21.95,0.801976,414.73
yuv,189,7.875,21.93,0.802323,417.3
yuv,190,7.916666666666667,21.94,0.803175,415.7
yuv,191,7.958333333333333,21.95,0.804193,414.69
yuv,192,8.0,21.97,0.805832,413.06
yuv,193,8.041666666666666,21.97,0.806552,412.96
yuv,194,8.083333333333334,21.95,0.806247,414.7
yuv,195,8.125,21.96,0.80662,414.26
yuv,196,8.166666666666666,22.0,0.807964,410.52
yuv,197,8.208333333333334,22.01,0.808588,409.48
yuv,198,8.25,22.0,0.808467,410.24
yuv,199,8.291666666666666,21.99,0.808482,411.05
yuv,200,8.333333333333334,22.02,0.807887,408.33
yuv,201,8.375,22.05,0.809309,405.51
yuv,202,8.416666666666666,22.03,0.811264,407.11
yuv,203,8.458333333333334,22.07,0.812018,404.14
yuv,204,8.5,22.11,0.812539,400.16
yuv,205,8.541666666666666,22.25,0.814708,387.12
yuv,206,8.583333333333334,21.97,0.809409,412.81
yuv,207,8.625,22.01,0.809161,409.66
yuv,208,8.666666666666666,21.92,0.806529,418.0
yuv,209,8.708333333333334,21.9,0.806487,419.82
yuv,210,8.75,21.78,0.804167,431.76
yuv,211,8.791666666666666,21.77,0.803821,432.51
yuv,212,8.833333333333334,21.69,0.802109,440.23
yuv,213,8.875,21.7,0.802404,440.12
yuv,214,8.916666666666666,21.62,0.800824,447.52
yuv,215,8.958333333333334,21.61,0.800227,448.98
yuv,216,9.0,21.53,0.797963,457.22
yuv,217,9.041666666666666,21.52,0.797673,458.36
yuv,218,9.083333333333334,21.46,0.796308,465.01
yuv,219,9.125,21.43,0.795289,467.81
yuv,220,9.166666666666666,21.42,0.793716,468.45
yuv,221,9.208333333333334,21.44,0.793105,466.41
yuv,222,9.25,21.39,0.792096,472.22
yuv,223,9.291666666666666,21.3,0.791208,481.54
yuv,224,9.333333333333334,21.19,0.788785,494.37
yuv,225,9.375,21.16,0.787786,497.82
yuv,226,9.416666666666666,21.12,0.786387,502.53
yuv,227,9.458333333333334,21.09,0.786339,505.77
yuv,228,9.5,21.06,0.7855,509.56
yuv,229,9.541666666666666,21.05,0.785057,510.32
yuv,230,9.583333333333334,21.05,0.784193,510.77
yuv,231,9.625,21.01,0.783766,515.01
yuv,232,9.666666666666666,20.76,0.781486,545.66
yuv,233,9.708333333333334,20.84,0.782092,535.68
yuv,234,9.75,20.89,0.78121,530.15
yuv,235,9.791666666666666,20.81,0.779095,539.8
yuv,236,9.833333333333334,20.67,0.777327,557.4
yuv,237,9.875,20.69,0.778047,554.64
yuv,238,9.916666666666666,20.84,0.778751,536.5
yuv,239,9.958333333333334,20.86,0.780271,533.04
yuv,240,10.0,20.9,0.782094,528.0
yuv,241,10.041666666666666,20.94,0.783355,523.96
yuv,242,10.083333333333334,20.97,0.784261,520.66
yuv,243,10.125,20.99,0.784935,517.77
yuv,244,10.166666666666666,21.02,0.786429,514.46
yuv,245,10.208333333333334,21.07,0.787637,508.69
yuv,246,10.25,21.11,0.789063,503.52
yuv,247,10.291666666666666,21.18,0.790712,495.45
yuv,248,10.333333333333334,21.23,0.792527,489.99
yuv,249,10.375,21.27,0.793722,485.43
yuv,250,10.416666666666666,21.36,0.803757,475.48
yuv,251,10.458333333333334,21.42,0.804644,469.35
yuv,252,10.5,21.45,0.805733,465.5
yuv,253,10.541666666666666,21.5,0.806928,459.89
yuv,254,10.583333333333334,21.55,0.807678,454.93
yuv,255,10.625,21.63,0.808768,446.69
yuv,256,10.666666666666666,21.7,0.810687,439.44
yuv,257,10.708333333333334,21.72,0.81195,437.87
yuv,258,10.75,21.73,0.812778,436.42
yuv,259,10.791666666666666,21.71,0.811342,438.11
yuv,260,10.833333333333334,21.65,0.807714,445.04
yuv,261,10.875,21.59,0.805467,451.07
yuv,262,10.916666666666666,21.54,0.802701,456.32
yuv,263,10.958333333333334,21.45,0.798828,465.52
yuv,264,11.0,21.31,0.790263,480.95
yuv,265,11.041666666666666,21.22,0.786132,490.62
yuv,266,11.083333333333334,21.07,0.78253,507.95
yuv,267,11.125,21.05,0.779324,510.71
yuv,268,11.166666666666666,21.03,0.774675,512.63
yuv,269,11.208333333333334,21.05,0.773037,510.48
yuv,270,11.25,21.0,0.770166,516.52
yuv,271,11.291666666666666,20.97,0.767837,519.59
yuv,272,11.333333333333334,20.95,0.764136,522.27
yuv,273,11.375,20.95,0.762596,522.2
yuv,274,11.416666666666666,20.88,0.759061,530.87
yuv,275,11.458333333333334,20.86,0.757036,533.48
yuv,276,11.5,20.81,0.753519,539.53
yuv,277,11.541666666666666,20.8,0.751366,540.64
yuv,278,11.583333333333334,20.78,0.750267,543.32
yuv,279,11.625,20.81,0.750375,539.96
yuv,280,11.666666666666666,20.79,0.749112,542.37
yuv,281,11.708333333333334,20.8,0.74919,541.28
yuv,282,11.75,20.78,0.747806,543.62
yuv,283,11.791666666666666,20.8,0.748139,540.9
yuv,284,11.833333333333334,20.82,0.747812,537.98
yuv,285,11.875,20.86,0.74813,533.31
yuv,286,11.916666666666666,20.85,0.746802,534.71
yuv,287,11.958333333333334,20.87,0.746726,532.56
yuv,288,12.0,20.87,0.746215,532.4
yuv,289,12.041666666666666,20.89,0.746441,529.91
yuv,290,12.083333333333334,20.89,0.747304,530.36
yuv,291,12.125,20.91,0.748808,527.61
yuv,292,12.166666666666666,20.92,0.749456,526.52
yuv,293,12.208333333333334,20.93,0.74928,525.38
yuv,294,12.25,20.92,0.749735,526.23
yuv,295,12.291666666666666,20.93,0.750291,525.43
yuv,296,12.333333333333334,20.96,0.751852,520.74
yuv,297,12.375,20.99,0.752838,517.87
yuv,298,12.416666666666666,21.0,0.75418,516.66
yuv,299,12.458333333333334,21.1,0.755841,504.73
yuv,300,12.5,21.1,0.756607,504.89
yuv,301,12.541666666666666,21.06,0.758377,509.91
yuv,302,12.583333333333334,20.79,0.755687,541.93
yuv,303,12.625,20.67,0.754513,557.75
yuv,304,12.666666666666666,20.7,0.755513,553.13
yuv,305,12.708333333333334,20.79,0.757768,542.05
yuv,306,12.75,20.88,0.761505,530.96
yuv,307,12.791666666666666,21.01,0.765744,515.73
yuv,308,12.833333333333334,20.96,0.76714,520.97
yuv,309,12.875,21.01,0.770491,515.67
yuv,310,12.916666666666666,21.32,0.774442,480.03
yuv,311,12.958333333333334,21.43,0.778865,467.64
yuv,312,13.0,21.44,0.78172,466.65
yuv,313,13.041666666666666,21.49,0.783485,460.89
yuv,314,13.083333333333334,21.47,0.784356,463.03
yuv,315,13.125,21.51,0.786165,459.54
yuv,316,13.166666666666666,21.48,0.786055,462.66
yuv,317,13.208333333333334,21.51,0.78746,459.05
yuv,318,13.25,21.57,0.790922,452.57
yuv,319,13.291666666666666,21.64,0.794611,445.51
yuv,320,13.333333333333334,21.7,0.79835,439.78
yuv,321,13.375,21.72,0.799673,437.26
yuv,322,13.416666666666666,21.72,0.800441,437.88
yuv,323,13.458333333333334,21.72,0.800966,437.39
yuv,324,13.5,21.68,0.799807,441.72
yuv,325,13.541666666666666,21.65,0.800092,444.86
yuv,326,13.583333333333334,21.6,0.800143,450.07
yuv,327,13.625,21.57,0.799921,452.49
yuv,328,13.666666666666666,21.53,0.799602,457.47
yuv,329,13.708333333333334,21.52,0.799678,458.72
yuv,330,13.75,21.52,0.800558,457.88
yuv,331,13.791666666666666,21.58,0.802605,451.53
yuv,332,13.833333333333334,21.72,0.805556,437.18
yuv,333,13.875,21.75,0.807126,434.45
yuv,334,13.916666666666666,21.82,0.808685,427.53
yuv,335,13.958333333333334,21.85,0.809976,424.32
yuv,336,14.0,21.85,0.80966,424.83
yuv,337,14.041666666666666,21.82,0.809306,427.32
yuv,338,14.083333333333334,21.82,0.809454,427.68
yuv,339,14.125,21.84,0.810469,425.97
yuv,340,14.166666666666666,21.87,0.812048,422.32
yuv,341,14.208333333333334,21.95,0.814131,415.35
yuv,342,14.25,22.0,0.816128,409.92
yuv,343,14.291666666666666,22.07,0.817748,403.79
yuv,344,14.333333333333334,21.93,0.817616,416.53
yuv,345,14.375,22.14,0.820248,397.2
yuv,346,14.416666666666666,22.23,0.821026,388.71
yuv,347,14.458333333333334,22.24,0.820653,388.58
yuv,348,14.5,21.83,0.814156,426.45
yuv,349,14.541666666666666,21.69,0.809766,440.64
yuv,350,14.583333333333334,21.4,0.804989,471.56
yuv,351,14.625,21.38,0.804236,473.61
yuv,352,14.666666666666666,21.35,0.803603,476.09
yuv,353,14.708333333333334,21.27,0.799903,485.11
yuv,354,14.75,21.25,0.793906,488.09
yuv,355,14.791666666666666,21.14,0.788848,500.32
yuv,356,14.833333333333334,20.95,0.778038,521.97
yuv,357,14.875,20.88,0.76941,530.93
yuv,358,14.916666666666666,20.62,0.753125,563.35
yuv,359,14.958333333333334,20.46,0.744034,585.43
yuv,360,15.0,20.39,0.739967,594.62
yuv,361,15.041666666666666,20.39,0.737862,594.46
