2026/08/07 14:00:19.239, 0, 101124, 0, 203.12
2026/08/07 14:00:19.257, 1, 102586, 0, 211.28
2026/08/07 14:00:19.272, 2, 102586, 0, 198.19
2026/08/07 14:00:19.285, 3, 102586, 0, 218.99
2026/08/07 14:00:19.297, 4, 101134, 1, 203.40
2026/08/07 14:00:19.307, 5, 102596, 0, 209.51
2026/08/07 14:00:19.316, 6, 102596, 1, 203.38
2026/08/07 14:00:19.325, 7, 102596, 1, 211.90
2026/08/07 14:00:19.834, 0, 101124, 0, 214.10
2026/08/07 14:00:19.834, 1, 102588, 0, 222.87
2026/08/07 14:00:19.834, 2, 102588, 0, 205.11
2026/08/07 14:00:19.834, 3, 102588, 0, 222.69
2026/08/07 14:00:19.834, 4, 101134, 0, 214.38
2026/08/07 14:00:19.834, 5, 102598, 0, 220.23
2026/08/07 14:00:19.834, 6, 102598, 0, 211.29
2026/08/07 14:00:19.834, 7, 102598, 4, 220.25
2026/08/07 14:00:20.334, 0, 101124, 0, 215.62
2026/08/07 14:00:20.334, 1, 102588, 0, 225.13
2026/08/07 14:00:20.334, 2, 102588, 0, 210.68
2026/08/07 14:00:20.334, 3, 102588, 0, 233.37
2026/08/07 14:00:20.335, 4, 101134, 0, 210.54
2026/08/07 14:00:20.335, 5, 102598, 0, 216.15
2026/08/07 14:00:20.335, 6, 102598, 0, 207.54
2026/08/07 14:00:20.335, 7, 102598, 0, 216.32
2026/08/07 14:00:20.835, 0, 101130, 0, 211.93
2026/08/07 14:00:20.835, 1, 102592, 0, 212.72
2026/08/07 14:00:20.835, 2, 102592, 1, 206.90
2026/08/07 14:00:20.835, 3, 102592, 0, 229.35
2026/08/07 14:00:20.835, 4, 101140, 27, 234.69
2026/08/07 14:00:20.835, 5, 102602, 91, 240.60
2026/08/07 14:00:20.835, 6, 102602, 5, 231.92
2026/08/07 14:00:20.835, 7, 102602, 1, 243.79
2026/08/07 14:00:21.335, 0, 101130, 0, 236.83
2026/08/07 14:00:21.337, 1, 102592, 100, 245.47
2026/08/07 14:00:21.341, 2, 102592, 100, 230.93
2026/08/07 14:00:21.341, 3, 102592, 100, 251.94
2026/08/07 14:00:21.345, 4, 101140, 0, 234.77
2026/08/07 14:00:21.345, 5, 102602, 100, 240.02
2026/08/07 14:00:21.349, 6, 102602, 100, 231.74
2026/08/07 14:00:21.349, 7, 102602, 100, 244.00
2026/08/07 14:00:21.853, 0, 101130, 0, 235.91
2026/08/07 14:00:21.853, 1, 102592, 100, 243.96
2026/08/07 14:00:21.853, 2, 102592, 100, 209.59
2026/08/07 14:00:21.853, 3, 102592, 100, 251.00
2026/08/07 14:00:21.853, 4, 101140, 0, 198.16
2026/08/07 14:00:21.853, 5, 102602, 100, 205.02
2026/08/07 14:00:21.853, 6, 102602, 100, 199.75
2026/08/07 14:00:21.853, 7, 102602, 100, 207.94
2026/08/07 14:00:22.353, 0, 101138, 0, 202.15
2026/08/07 14:00:22.353, 1, 102592, 100, 209.54
2026/08/07 14:00:22.353, 2, 102592, 100, 197.96
2026/08/07 14:00:22.353, 3, 102592, 100, 217.36
2026/08/07 14:00:22.353, 4, 101146, 0, 200.32
2026/08/07 14:00:22.353, 5, 102602, 100, 204.39
2026/08/07 14:00:22.353, 6, 102602, 100, 199.17
2026/08/07 14:00:22.353, 7, 102602, 100, 207.25
2026/08/07 14:00:22.865, 0, 101138, 0, 263.90
2026/08/07 14:00:22.865, 1, 102592, 100, 211.58
2026/08/07 14:00:22.865, 2, 102592, 30, 199.56
2026/08/07 14:00:22.865, 3, 102592, 61, 219.21
2026/08/07 14:00:22.865, 4, 101146, 0, 257.55
2026/08/07 14:00:22.865, 5, 102602, 0, 206.17
2026/08/07 14:00:22.865, 6, 102602, 0, 200.79
2026/08/07 14:00:22.865, 7, 102602, 12, 209.06
2026/08/07 14:00:23.365, 0, 101138, 0, 262.76
2026/08/07 14:00:23.365, 1, 102592, 0, 210.65
2026/08/07 14:00:23.365, 2, 102592, 0, 198.91
2026/08/07 14:00:23.365, 3, 102592, 0, 218.24
2026/08/07 14:00:23.365, 4, 101146, 0, 256.31
2026/08/07 14:00:23.365, 5, 102602, 0, 205.81
2026/08/07 14:00:23.365, 6, 102602, 0, 200.27
2026/08/07 14:00:23.365, 7, 102602, 0, 208.41
2026/08/07 14:00:23.865, 0, 101138, 0, 202.09
2026/08/07 14:00:23.865, 1, 102592, 0, 207.57
2026/08/07 14:00:23.865, 2, 102592, 0, 196.36
2026/08/07 14:00:23.865, 3, 102592, 0, 215.11
2026/08/07 14:00:23.865, 4, 101146, 0, 198.08
2026/08/07 14:00:23.865, 5, 102602, 0, 203.23
2026/08/07 14:00:23.866, 6, 102602, 0, 197.89
2026/08/07 14:00:23.866, 7, 102602, 0, 205.65
2026/08/07 14:00:24.368, 0, 101138, 0, 202.01
2026/08/07 14:00:24.368, 1, 102592, 0, 207.49
2026/08/07 14:00:24.368, 2, 102592, 0, 196.25
2026/08/07 14:00:24.368, 3, 102592, 0, 214.68
2026/08/07 14:00:24.368, 4, 101146, 0, 197.93
2026/08/07 14:00:24.368, 5, 102602, 0, 202.56
2026/08/07 14:00:24.368, 6, 102602, 0, 197.74
2026/08/07 14:00:24.368, 7, 102602, 0, 205.50
2026/08/07 14:00:24.872, 0, 101138, 0, 201.28
2026/08/07 14:00:24.872, 1, 102592, 0, 207.38
2026/08/07 14:00:24.872, 2, 102592, 0, 196.25
2026/08/07 14:00:24.872, 3, 102592, 0, 214.19
2026/08/07 14:00:24.872, 4, 101148, 0, 197.97
2026/08/07 14:00:24.872, 5, 102602, 0, 202.00
2026/08/07 14:00:24.872, 6, 102602, 0, 197.66
2026/08/07 14:00:24.872, 7, 102602, 0, 205.24
2026/08/07 14:00:25.372, 0, 101138, 10, 202.88
2026/08/07 14:00:25.372, 1, 102592, 3, 228.68
2026/08/07 14:00:25.373, 2, 102592, 76, 232.57
2026/08/07 14:00:25.373, 3, 102592, 0, 221.03
2026/08/07 14:00:25.373, 4, 101148, 29, 245.13
2026/08/07 14:00:25.373, 5, 102602, 47, 268.08
2026/08/07 14:00:25.373, 6, 102602, 1, 277.20
2026/08/07 14:00:25.373, 7, 102602, 0, 301.94
2026/08/07 14:00:25.873, 0, 101138, 100, 574.91
2026/08/07 14:00:25.873, 1, 102592, 100, 609.68
2026/08/07 14:00:25.873, 2, 102592, 99, 632.07
2026/08/07 14:00:25.873, 3, 102592, 100, 669.59
2026/08/07 14:00:25.873, 4, 101148, 100, 636.25
2026/08/07 14:00:25.873, 5, 102602, 100, 667.82
2026/08/07 14:00:25.873, 6, 102602, 100, 670.04
2026/08/07 14:00:25.873, 7, 102602, 100, 704.42
2026/08/07 14:00:26.373, 0, 101138, 100, 963.50
2026/08/07 14:00:26.373, 1, 102592, 100, 990.58
2026/08/07 14:00:26.373, 2, 102592, 100, 998.96
2026/08/07 14:00:26.373, 3, 102592, 100, 1005.43
2026/08/07 14:00:26.373, 4, 101148, 100, 978.86
2026/08/07 14:00:26.373, 5, 102602, 100, 1006.84
2026/08/07 14:00:26.373, 6, 102602, 100, 983.73
2026/08/07 14:00:26.373, 7, 102602, 100, 1021.40
2026/08/07 14:00:26.873, 0, 101138, 98, 1010.13
2026/08/07 14:00:26.873, 1, 102592, 100, 1010.02
2026/08/07 14:00:26.873, 2, 102592, 100, 998.94
2026/08/07 14:00:26.873, 3, 102592, 99, 1006.01
2026/08/07 14:00:26.873, 4, 101148, 100, 987.97
2026/08/07 14:00:26.873, 5, 102602, 99, 1015.98
2026/08/07 14:00:26.873, 6, 102602, 100, 984.78
2026/08/07 14:00:26.873, 7, 102602, 100, 1030.46
2026/08/07 14:00:27.374, 0, 101138, 100, 1011.70
2026/08/07 14:00:27.374, 1, 102592, 100, 1015.42
2026/08/07 14:00:27.377, 2, 102592, 100, 1002.66
2026/08/07 14:00:27.378, 3, 102592, 100, 1008.45
2026/08/07 14:00:27.382, 4, 101148, 100, 996.41
2026/08/07 14:00:27.382, 5, 102602, 100, 1020.99
2026/08/07 14:00:27.386, 6, 102602, 100, 989.31
2026/08/07 14:00:27.386, 7, 102602, 100, 1029.58
2026/08/07 14:00:27.890, 0, 101138, 100, 1009.97
2026/08/07 14:00:27.890, 1, 102592, 100, 1018.05
2026/08/07 14:00:27.893, 2, 102592, 100, 1003.11
2026/08/07 14:00:27.894, 3, 102592, 100, 1003.05
2026/08/07 14:00:27.898, 4, 101148, 100, 990.40
2026/08/07 14:00:27.899, 5, 102602, 100, 1009.94
2026/08/07 14:00:27.903, 6, 102602, 100, 986.14
2026/08/07 14:00:27.904, 7, 102602, 100, 1018.06
2026/08/07 14:00:28.404, 0, 101138, 100, 1006.19
2026/08/07 14:00:28.404, 1, 102592, 100, 1013.10
2026/08/07 14:00:28.404, 2, 102592, 100, 995.28
2026/08/07 14:00:28.404, 3, 102592, 100, 993.42
2026/08/07 14:00:28.404, 4, 101148, 100, 985.25
2026/08/07 14:00:28.404, 5, 102602, 100, 998.13
2026/08/07 14:00:28.404, 6, 102602, 100, 981.31
2026/08/07 14:00:28.404, 7, 102602, 100, 1015.27
2026/08/07 14:00:28.904, 0, 101138, 100, 1008.66
2026/08/07 14:00:28.904, 1, 102592, 100, 1018.25
2026/08/07 14:00:28.904, 2, 102592, 100, 999.02
2026/08/07 14:00:28.904, 3, 102592, 100, 1002.56
2026/08/07 14:00:28.904, 4, 101148, 100, 987.86
2026/08/07 14:00:28.904, 5, 102602, 100, 1008.51
2026/08/07 14:00:28.904, 6, 102602, 100, 991.97
2026/08/07 14:00:28.904, 7, 102602, 100, 1025.57
2026/08/07 14:00:29.404, 0, 101138, 100, 1003.17
2026/08/07 14:00:29.404, 1, 102592, 100, 1011.90
2026/08/07 14:00:29.404, 2, 102592, 99, 994.62
2026/08/07 14:00:29.404, 3, 102592, 99, 1003.89
2026/08/07 14:00:29.404, 4, 101148, 100, 986.91
2026/08/07 14:00:29.404, 5, 102602, 99, 1007.14
2026/08/07 14:00:29.404, 6, 102602, 100, 988.65
2026/08/07 14:00:29.404, 7, 102602, 100, 1021.39
2026/08/07 14:00:29.904, 0, 101138, 100, 1007.48
2026/08/07 14:00:29.905, 1, 102592, 100, 1017.97
2026/08/07 14:00:29.905, 2, 102592, 100, 996.26
2026/08/07 14:00:29.905, 3, 102592, 100, 1006.19
2026/08/07 14:00:29.906, 4, 101148, 100, 985.64
2026/08/07 14:00:29.906, 5, 102602, 100, 1009.23
2026/08/07 14:00:29.906, 6, 102602, 100, 993.50
2026/08/07 14:00:29.906, 7, 102602, 99, 1020.27
2026/08/07 14:00:30.406, 0, 101138, 100, 1011.42
2026/08/07 14:00:30.406, 1, 102592, 100, 1026.65
2026/08/07 14:00:30.406, 2, 102592, 100, 1002.82
2026/08/07 14:00:30.406, 3, 102592, 100, 1009.19
2026/08/07 14:00:30.406, 4, 101148, 100, 989.91
2026/08/07 14:00:30.406, 5, 102602, 100, 1014.42
2026/08/07 14:00:30.406, 6, 102602, 100, 996.04
2026/08/07 14:00:30.406, 7, 102602, 100, 1019.08
2026/08/07 14:00:30.906, 0, 101138, 100, 1001.24
2026/08/07 14:00:30.906, 1, 102592, 100, 1021.85
2026/08/07 14:00:30.906, 2, 102592, 100, 1004.94
2026/08/07 14:00:30.906, 3, 102592, 99, 1007.05
2026/08/07 14:00:30.906, 4, 101148, 100, 984.35
2026/08/07 14:00:30.906, 5, 102602, 99, 1003.80
2026/08/07 14:00:30.906, 6, 102602, 100, 985.86
2026/08/07 14:00:30.906, 7, 102602, 100, 1012.78
2026/08/07 14:00:31.406, 0, 101138, 100, 1003.69
2026/08/07 14:00:31.406, 1, 102592, 100, 1024.81
2026/08/07 14:00:31.406, 2, 102592, 100, 1003.73
2026/08/07 14:00:31.406, 3, 102592, 100, 1009.52
2026/08/07 14:00:31.406, 4, 101148, 100, 981.27
2026/08/07 14:00:31.406, 5, 102602, 100, 1003.41
2026/08/07 14:00:31.406, 6, 102602, 100, 985.35
2026/08/07 14:00:31.406, 7, 102602, 100, 1011.00
2026/08/07 14:00:31.906, 0, 101138, 100, 1012.54
2026/08/07 14:00:31.906, 1, 102592, 100, 1021.28
2026/08/07 14:00:31.906, 2, 102592, 100, 1000.33
2026/08/07 14:00:31.906, 3, 102592, 100, 1009.74
2026/08/07 14:00:31.906, 4, 101148, 100, 985.36
2026/08/07 14:00:31.906, 5, 102602, 100, 1012.90
2026/08/07 14:00:31.906, 6, 102602, 100, 984.48
2026/08/07 14:00:31.906, 7, 102602, 100, 1021.78
2026/08/07 14:00:32.406, 0, 101138, 100, 1012.19
2026/08/07 14:00:32.406, 1, 102592, 100, 1009.62
2026/08/07 14:00:32.407, 2, 102592, 100, 998.85
2026/08/07 14:00:32.407, 3, 102592, 100, 1009.00
2026/08/07 14:00:32.407, 4, 101148, 100, 987.66
2026/08/07 14:00:32.407, 5, 102602, 100, 1015.50
2026/08/07 14:00:32.407, 6, 102602, 100, 994.39
2026/08/07 14:00:32.407, 7, 102602, 100, 1035.47
2026/08/07 14:00:32.907, 0, 101138, 100, 1000.24
2026/08/07 14:00:32.907, 1, 102592, 100, 1011.10
2026/08/07 14:00:32.907, 2, 102592, 100, 991.89
2026/08/07 14:00:32.907, 3, 102592, 100, 998.12
2026/08/07 14:00:32.907, 4, 101148, 99, 993.35
2026/08/07 14:00:32.907, 5, 102602, 100, 1017.55
2026/08/07 14:00:32.907, 6, 102602, 100, 1000.65
2026/08/07 14:00:32.907, 7, 102602, 100, 1033.40
2026/08/07 14:00:33.407, 0, 101138, 100, 993.01
2026/08/07 14:00:33.407, 1, 102592, 100, 1014.80
2026/08/07 14:00:33.407, 2, 102592, 99, 991.35
2026/08/07 14:00:33.407, 3, 102592, 99, 997.55
2026/08/07 14:00:33.407, 4, 101148, 100, 989.20
2026/08/07 14:00:33.407, 5, 102602, 99, 1011.86
2026/08/07 14:00:33.407, 6, 102602, 100, 989.38
2026/08/07 14:00:33.407, 7, 102602, 98, 1020.82
2026/08/07 14:00:33.907, 0, 101138, 100, 1004.79
2026/08/07 14:00:33.907, 1, 102592, 100, 1020.37
2026/08/07 14:00:33.907, 2, 102592, 100, 1000.37
2026/08/07 14:00:33.907, 3, 102592, 100, 1011.52
2026/08/07 14:00:33.907, 4, 101148, 100, 990.65
2026/08/07 14:00:33.907, 5, 102602, 100, 1012.09
2026/08/07 14:00:33.907, 6, 102602, 100, 991.46
2026/08/07 14:00:33.907, 7, 102602, 100, 1024.61
2026/08/07 14:00:34.407, 0, 101138, 100, 1010.32
2026/08/07 14:00:34.412, 1, 102592, 100, 1022.02
2026/08/07 14:00:34.412, 2, 102592, 100, 1003.48
2026/08/07 14:00:34.413, 3, 102592, 100, 1013.68
2026/08/07 14:00:34.413, 4, 101148, 100, 999.52
2026/08/07 14:00:34.413, 5, 102602, 100, 1019.58
2026/08/07 14:00:34.413, 6, 102602, 100, 999.91
2026/08/07 14:00:34.413, 7, 102602, 100, 1033.79
2026/08/07 14:00:34.913, 0, 101138, 100, 998.25
2026/08/07 14:00:34.913, 1, 102592, 100, 1017.48
2026/08/07 14:00:34.913, 2, 102592, 100, 996.78
2026/08/07 14:00:34.913, 3, 102592, 99, 1002.73
2026/08/07 14:00:34.913, 4, 101148, 100, 988.69
2026/08/07 14:00:34.913, 5, 102602, 99, 1008.57
2026/08/07 14:00:34.913, 6, 102602, 100, 989.58
2026/08/07 14:00:34.913, 7, 102602, 100, 1023.26
2026/08/07 14:00:35.413, 0, 101138, 100, 1002.08
2026/08/07 14:00:35.413, 1, 102592, 100, 1019.49
2026/08/07 14:00:35.414, 2, 102592, 100, 1000.98
2026/08/07 14:00:35.414, 3, 102592, 100, 1005.02
2026/08/07 14:00:35.415, 4, 101148, 100, 992.63
2026/08/07 14:00:35.415, 5, 102602, 100, 1010.29
2026/08/07 14:00:35.415, 6, 102602, 100, 990.76
2026/08/07 14:00:35.415, 7, 102602, 99, 1020.15
2026/08/07 14:00:35.916, 0, 101138, 100, 1006.29
2026/08/07 14:00:35.916, 1, 102592, 100, 1019.80
2026/08/07 14:00:35.916, 2, 102592, 100, 1002.88
2026/08/07 14:00:35.916, 3, 102592, 100, 1002.79
2026/08/07 14:00:35.916, 4, 101148, 100, 992.07
2026/08/07 14:00:35.916, 5, 102602, 100, 1018.70
2026/08/07 14:00:35.916, 6, 102602, 100, 990.06
2026/08/07 14:00:35.916, 7, 102602, 100, 1025.29
2026/08/07 14:00:36.416, 0, 101138, 100, 999.29
2026/08/07 14:00:36.416, 1, 102592, 100, 1021.59
2026/08/07 14:00:36.416, 2, 102592, 100, 998.10
2026/08/07 14:00:36.416, 3, 102592, 100, 998.09
2026/08/07 14:00:36.416, 4, 101148, 100, 980.52
2026/08/07 14:00:36.416, 5, 102602, 100, 1010.65
2026/08/07 14:00:36.416, 6, 102602, 100, 976.97
2026/08/07 14:00:36.416, 7, 102602, 100, 1020.47
2026/08/07 14:00:36.916, 0, 101138, 100, 1001.82
2026/08/07 14:00:36.916, 1, 102592, 100, 1024.66
2026/08/07 14:00:36.916, 2, 102592, 100, 1004.88
2026/08/07 14:00:36.916, 3, 102592, 100, 1003.51
2026/08/07 14:00:36.916, 4, 101148, 100, 985.88
2026/08/07 14:00:36.916, 5, 102602, 100, 1015.72
2026/08/07 14:00:36.916, 6, 102602, 100, 982.65
2026/08/07 14:00:36.916, 7, 102602, 100, 1024.65
2026/08/07 14:00:37.416, 0, 101138, 100, 1008.19
2026/08/07 14:00:37.416, 1, 102592, 100, 1019.99
2026/08/07 14:00:37.416, 2, 102592, 99, 1008.09
2026/08/07 14:00:37.416, 3, 102592, 99, 1004.63
2026/08/07 14:00:37.416, 4, 101148, 100, 992.24
2026/08/07 14:00:37.416, 5, 102602, 99, 1011.52
2026/08/07 14:00:37.416, 6, 102602, 100, 998.71
2026/08/07 14:00:37.416, 7, 102602, 99, 1026.53
2026/08/07 14:00:37.916, 0, 101138, 100, 1009.89
2026/08/07 14:00:37.916, 1, 102592, 100, 1017.50
2026/08/07 14:00:37.916, 2, 102592, 100, 1006.00
2026/08/07 14:00:37.916, 3, 102592, 100, 1012.60
2026/08/07 14:00:37.916, 4, 101148, 100, 992.71
2026/08/07 14:00:37.916, 5, 102602, 100, 1008.06
2026/08/07 14:00:37.916, 6, 102602, 100, 1003.47
2026/08/07 14:00:37.916, 7, 102602, 99, 1018.41
2026/08/07 14:00:38.416, 0, 101138, 100, 1009.43
2026/08/07 14:00:38.417, 1, 102592, 100, 1020.66
2026/08/07 14:00:38.417, 2, 102592, 100, 1004.29
2026/08/07 14:00:38.417, 3, 102592, 100, 1013.12
2026/08/07 14:00:38.417, 4, 101148, 100, 987.22
2026/08/07 14:00:38.417, 5, 102602, 100, 1005.35
2026/08/07 14:00:38.417, 6, 102602, 100, 999.23
2026/08/07 14:00:38.417, 7, 102602, 100, 1015.04
2026/08/07 14:00:38.917, 0, 101138, 100, 1001.53
2026/08/07 14:00:38.917, 1, 102592, 100, 1017.83
2026/08/07 14:00:38.917, 2, 102592, 100, 1001.25
2026/08/07 14:00:38.917, 3, 102592, 99, 1002.59
2026/08/07 14:00:38.917, 4, 101148, 100, 984.47
2026/08/07 14:00:38.917, 5, 102602, 99, 1002.61
2026/08/07 14:00:38.917, 6, 102602, 100, 994.46
2026/08/07 14:00:38.917, 7, 102602, 100, 1013.47
2026/08/07 14:00:39.417, 0, 101138, 100, 1003.01
2026/08/07 14:00:39.417, 1, 102592, 100, 1021.38
2026/08/07 14:00:39.417, 2, 102592, 100, 1002.11
2026/08/07 14:00:39.417, 3, 102592, 100, 1006.23
2026/08/07 14:00:39.417, 4, 101148, 100, 991.07
2026/08/07 14:00:39.417, 5, 102602, 100, 1011.10
2026/08/07 14:00:39.417, 6, 102602, 100, 998.79
2026/08/07 14:00:39.417, 7, 102602, 100, 1021.12
2026/08/07 14:00:39.917, 0, 101138, 100, 1003.95
2026/08/07 14:00:39.917, 1, 102592, 100, 1030.43
2026/08/07 14:00:39.917, 2, 102592, 100, 1004.34
2026/08/07 14:00:39.917, 3, 102592, 100, 1015.35
2026/08/07 14:00:39.917, 4, 101148, 100, 986.22
2026/08/07 14:00:39.917, 5, 102602, 100, 1000.34
2026/08/07 14:00:39.917, 6, 102602, 100, 992.73
2026/08/07 14:00:39.917, 7, 102602, 100, 1018.39
2026/08/07 14:00:40.417, 0, 101138, 100, 1001.00
2026/08/07 14:00:40.417, 1, 102592, 100, 1024.78
2026/08/07 14:00:40.417, 2, 102592, 100, 1001.23
2026/08/07 14:00:40.417, 3, 102592, 100, 1013.71
2026/08/07 14:00:40.417, 4, 101148, 100, 987.37
2026/08/07 14:00:40.417, 5, 102602, 100, 998.30
2026/08/07 14:00:40.417, 6, 102602, 100, 989.91
2026/08/07 14:00:40.417, 7, 102602, 100, 1018.00
2026/08/07 14:00:40.917, 0, 101138, 100, 1009.55
2026/08/07 14:00:40.920, 1, 102592, 100, 1011.81
2026/08/07 14:00:40.920, 2, 102592, 100, 1001.66
2026/08/07 14:00:40.920, 3, 102592, 100, 1005.89
2026/08/07 14:00:40.920, 4, 101148, 100, 988.73
2026/08/07 14:00:40.920, 5, 102602, 100, 1005.33
2026/08/07 14:00:40.920, 6, 102602, 100, 995.87
2026/08/07 14:00:40.920, 7, 102602, 100, 1013.76
2026/08/07 14:00:41.420, 0, 101138, 100, 1003.18
2026/08/07 14:00:41.420, 1, 102592, 100, 1007.32
2026/08/07 14:00:41.420, 2, 102592, 99, 993.33
2026/08/07 14:00:41.420, 3, 102592, 99, 991.71
2026/08/07 14:00:41.420, 4, 101148, 99, 982.66
2026/08/07 14:00:41.420, 5, 102602, 100, 996.50
2026/08/07 14:00:41.420, 6, 102602, 100, 994.45
2026/08/07 14:00:41.420, 7, 102602, 98, 1003.92
2026/08/07 14:00:41.920, 0, 101138, 100, 1006.40
2026/08/07 14:00:41.920, 1, 102592, 100, 1011.98
2026/08/07 14:00:41.920, 2, 102592, 100, 994.88
2026/08/07 14:00:41.920, 3, 102592, 100, 997.22
2026/08/07 14:00:41.920, 4, 101148, 100, 989.19
2026/08/07 14:00:41.920, 5, 102602, 100, 1006.89
2026/08/07 14:00:41.920, 6, 102602, 100, 998.22
2026/08/07 14:00:41.920, 7, 102602, 100, 1013.88
2026/08/07 14:00:42.420, 0, 101138, 100, 1007.76
2026/08/07 14:00:42.420, 1, 102592, 100, 1022.65
2026/08/07 14:00:42.420, 2, 102592, 100, 1006.17
2026/08/07 14:00:42.420, 3, 102592, 100, 1008.24
2026/08/07 14:00:42.420, 4, 101148, 100, 987.68
2026/08/07 14:00:42.420, 5, 102602, 100, 1008.06
2026/08/07 14:00:42.420, 6, 102602, 100, 992.62
2026/08/07 14:00:42.420, 7, 102602, 100, 1015.47
2026/08/07 14:00:42.921, 0, 101138, 100, 1003.13
2026/08/07 14:00:42.921, 1, 102592, 100, 1021.47
2026/08/07 14:00:42.921, 2, 102592, 100, 1004.91
2026/08/07 14:00:42.921, 3, 102592, 99, 1007.52
2026/08/07 14:00:42.921, 4, 101148, 100, 984.83
2026/08/07 14:00:42.921, 5, 102602, 99, 996.80
2026/08/07 14:00:42.921, 6, 102602, 100, 989.02
2026/08/07 14:00:42.921, 7, 102602, 100, 1009.37
2026/08/07 14:00:43.421, 0, 101138, 100, 1009.42
2026/08/07 14:00:43.421, 1, 102592, 100, 1025.31
2026/08/07 14:00:43.421, 2, 102592, 100, 1008.91
2026/08/07 14:00:43.421, 3, 102592, 100, 1011.01
2026/08/07 14:00:43.421, 4, 101148, 100, 995.50
2026/08/07 14:00:43.421, 5, 102602, 100, 1005.14
2026/08/07 14:00:43.421, 6, 102602, 100, 995.35
2026/08/07 14:00:43.421, 7, 102602, 100, 1020.19
2026/08/07 14:00:43.921, 0, 101138, 100, 1011.10
2026/08/07 14:00:43.921, 1, 102592, 100, 1027.84
2026/08/07 14:00:43.921, 2, 102592, 100, 1004.34
2026/08/07 14:00:43.921, 3, 102592, 100, 1009.80
2026/08/07 14:00:43.921, 4, 101148, 100, 989.42
2026/08/07 14:00:43.921, 5, 102602, 100, 1009.92
2026/08/07 14:00:43.921, 6, 102602, 100, 990.77
2026/08/07 14:00:43.921, 7, 102602, 100, 1015.30
2026/08/07 14:00:44.421, 0, 101138, 100, 1004.99
2026/08/07 14:00:44.421, 1, 102592, 100, 1018.66
2026/08/07 14:00:44.421, 2, 102592, 100, 995.32
2026/08/07 14:00:44.421, 3, 102592, 100, 1006.81
2026/08/07 14:00:44.421, 4, 101148, 100, 984.87
2026/08/07 14:00:44.421, 5, 102602, 100, 1000.54
2026/08/07 14:00:44.421, 6, 102602, 100, 981.42
2026/08/07 14:00:44.421, 7, 102602, 100, 1009.58
2026/08/07 14:00:44.921, 0, 101138, 100, 1009.27
2026/08/07 14:00:44.921, 1, 102592, 100, 1023.14
2026/08/07 14:00:44.921, 2, 102592, 100, 1003.23
2026/08/07 14:00:44.921, 3, 102592, 100, 1009.85
2026/08/07 14:00:44.921, 4, 101148, 100, 986.77
2026/08/07 14:00:44.921, 5, 102602, 100, 1003.57
2026/08/07 14:00:44.921, 6, 102602, 100, 984.70
2026/08/07 14:00:44.921, 7, 102602, 100, 1020.48
2026/08/07 14:00:45.422, 0, 101138, 100, 1009.52
2026/08/07 14:00:45.423, 1, 102592, 100, 1014.45
2026/08/07 14:00:45.424, 2, 102592, 99, 998.34
2026/08/07 14:00:45.424, 3, 102592, 99, 1004.37
2026/08/07 14:00:45.425, 4, 101148, 99, 985.92
2026/08/07 14:00:45.426, 5, 102602, 100, 1012.30
2026/08/07 14:00:45.427, 6, 102602, 100, 988.97
2026/08/07 14:00:45.428, 7, 102602, 99, 1028.75
2026/08/07 14:00:45.929, 0, 101138, 100, 1007.84
2026/08/07 14:00:45.929, 1, 102592, 100, 1011.82
2026/08/07 14:00:45.929, 2, 102592, 100, 994.17
2026/08/07 14:00:45.929, 3, 102592, 100, 1000.28
2026/08/07 14:00:45.929, 4, 101148, 100, 990.37
2026/08/07 14:00:45.929, 5, 102602, 100, 1016.79
2026/08/07 14:00:45.929, 6, 102602, 100, 990.66
2026/08/07 14:00:45.929, 7, 102602, 100, 1029.54
2026/08/07 14:00:46.429, 0, 101138, 100, 1012.68
2026/08/07 14:00:46.429, 1, 102592, 100, 1023.08
2026/08/07 14:00:46.429, 2, 102592, 100, 1005.57
2026/08/07 14:00:46.429, 3, 102592, 100, 1010.04
2026/08/07 14:00:46.429, 4, 101148, 100, 990.09
2026/08/07 14:00:46.429, 5, 102602, 100, 1009.33
2026/08/07 14:00:46.429, 6, 102602, 100, 991.00
2026/08/07 14:00:46.429, 7, 102602, 100, 1022.14
2026/08/07 14:00:46.929, 0, 101138, 100, 1006.32
2026/08/07 14:00:46.929, 1, 102592, 100, 1017.43
2026/08/07 14:00:46.929, 2, 102592, 100, 1000.56
2026/08/07 14:00:46.929, 3, 102592, 99, 1003.53
2026/08/07 14:00:46.929, 4, 101148, 100, 988.02
2026/08/07 14:00:46.930, 5, 102602, 99, 1001.49
2026/08/07 14:00:46.930, 6, 102602, 100, 991.82
2026/08/07 14:00:46.930, 7, 102602, 100, 1012.96
2026/08/07 14:00:47.430, 0, 101138, 100, 1006.86
2026/08/07 14:00:47.430, 1, 102592, 100, 1014.64
2026/08/07 14:00:47.430, 2, 102592, 100, 1001.25
2026/08/07 14:00:47.430, 3, 102592, 100, 1006.78
2026/08/07 14:00:47.430, 4, 101148, 100, 990.10
2026/08/07 14:00:47.430, 5, 102602, 100, 1006.89
2026/08/07 14:00:47.430, 6, 102602, 100, 991.42
2026/08/07 14:00:47.430, 7, 102602, 100, 1013.55
2026/08/07 14:00:47.930, 0, 101138, 100, 1006.19
2026/08/07 14:00:47.930, 1, 102592, 100, 1022.40
2026/08/07 14:00:47.930, 2, 102592, 100, 1009.09
2026/08/07 14:00:47.930, 3, 102592, 100, 1013.09
2026/08/07 14:00:47.930, 4, 101148, 100, 989.18
2026/08/07 14:00:47.930, 5, 102602, 100, 999.15
2026/08/07 14:00:47.930, 6, 102602, 100, 988.98
2026/08/07 14:00:47.930, 7, 102602, 100, 1009.19
2026/08/07 14:00:48.430, 0, 101138, 100, 1006.79
2026/08/07 14:00:48.430, 1, 102592, 100, 1022.92
2026/08/07 14:00:48.430, 2, 102592, 100, 1006.05
2026/08/07 14:00:48.430, 3, 102592, 100, 1010.93
2026/08/07 14:00:48.430, 4, 101148, 100, 987.31
2026/08/07 14:00:48.430, 5, 102602, 100, 998.99
2026/08/07 14:00:48.430, 6, 102602, 100, 987.63
2026/08/07 14:00:48.430, 7, 102602, 100, 1017.54
2026/08/07 14:00:48.930, 0, 101138, 100, 1006.01
2026/08/07 14:00:48.930, 1, 102592, 100, 1015.63
2026/08/07 14:00:48.930, 2, 102592, 100, 1001.89
2026/08/07 14:00:48.930, 3, 102592, 100, 1012.15
2026/08/07 14:00:48.930, 4, 101148, 100, 984.11
2026/08/07 14:00:48.930, 5, 102602, 100, 1006.66
2026/08/07 14:00:48.930, 6, 102602, 100, 989.15
2026/08/07 14:00:48.930, 7, 102602, 100, 1021.60
2026/08/07 14:00:49.430, 0, 101138, 100, 1000.10
2026/08/07 14:00:49.430, 1, 102592, 100, 1014.82
2026/08/07 14:00:49.430, 2, 102592, 99, 1001.86
2026/08/07 14:00:49.430, 3, 102592, 99, 1009.70
2026/08/07 14:00:49.430, 4, 101148, 99, 982.44
2026/08/07 14:00:49.430, 5, 102602, 100, 991.89
2026/08/07 14:00:49.430, 6, 102602, 100, 981.93
2026/08/07 14:00:49.430, 7, 102602, 100, 1010.33
2026/08/07 14:00:49.931, 0, 101138, 100, 1009.19
2026/08/07 14:00:49.931, 1, 102592, 100, 1019.33
2026/08/07 14:00:49.931, 2, 102592, 100, 1004.89
2026/08/07 14:00:49.931, 3, 102592, 100, 1012.26
2026/08/07 14:00:49.931, 4, 101148, 100, 988.61
2026/08/07 14:00:49.931, 5, 102602, 100, 999.19
2026/08/07 14:00:49.931, 6, 102602, 100, 986.69
2026/08/07 14:00:49.931, 7, 102602, 100, 1018.76
2026/08/07 14:00:50.431, 0, 101138, 100, 1005.87
2026/08/07 14:00:50.431, 1, 102592, 100, 1023.85
2026/08/07 14:00:50.431, 2, 102592, 100, 1006.80
2026/08/07 14:00:50.431, 3, 102592, 100, 1013.97
2026/08/07 14:00:50.431, 4, 101148, 100, 996.48
2026/08/07 14:00:50.431, 5, 102602, 100, 1021.47
2026/08/07 14:00:50.431, 6, 102602, 100, 998.96
2026/08/07 14:00:50.431, 7, 102602, 100, 1030.78
2026/08/07 14:00:50.931, 0, 101138, 100, 1005.52
2026/08/07 14:00:50.931, 1, 102592, 100, 1021.03
2026/08/07 14:00:50.931, 2, 102592, 100, 1007.25
2026/08/07 14:00:50.931, 3, 102592, 99, 1011.37
2026/08/07 14:00:50.931, 4, 101148, 100, 992.38
2026/08/07 14:00:50.931, 5, 102602, 99, 1011.91
2026/08/07 14:00:50.931, 6, 102602, 100, 992.82
2026/08/07 14:00:50.931, 7, 102602, 100, 1022.30
2026/08/07 14:00:51.431, 0, 101138, 100, 1007.90
2026/08/07 14:00:51.431, 1, 102592, 100, 1019.29
2026/08/07 14:00:51.431, 2, 102592, 100, 1009.61
2026/08/07 14:00:51.431, 3, 102592, 100, 1013.21
2026/08/07 14:00:51.431, 4, 101148, 100, 989.95
2026/08/07 14:00:51.431, 5, 102602, 100, 1002.51
2026/08/07 14:00:51.431, 6, 102602, 100, 991.06
2026/08/07 14:00:51.431, 7, 102602, 100, 1014.38
2026/08/07 14:00:51.931, 0, 101138, 100, 1004.89
2026/08/07 14:00:51.931, 1, 102592, 100, 1021.49
2026/08/07 14:00:51.931, 2, 102592, 100, 1005.31
2026/08/07 14:00:51.931, 3, 102592, 100, 1009.84
2026/08/07 14:00:51.931, 4, 101148, 100, 983.80
2026/08/07 14:00:51.931, 5, 102602, 100, 1001.70
2026/08/07 14:00:51.931, 6, 102602, 100, 989.83
2026/08/07 14:00:51.931, 7, 102602, 100, 1010.76
2026/08/07 14:00:52.431, 0, 101138, 100, 1004.09
2026/08/07 14:00:52.432, 1, 102592, 100, 1014.29
2026/08/07 14:00:52.432, 2, 102592, 100, 996.93
2026/08/07 14:00:52.432, 3, 102592, 100, 1001.86
2026/08/07 14:00:52.432, 4, 101148, 100, 984.84
2026/08/07 14:00:52.432, 5, 102602, 100, 1002.23
2026/08/07 14:00:52.432, 6, 102602, 100, 989.61
2026/08/07 14:00:52.432, 7, 102602, 100, 1015.34
2026/08/07 14:00:52.932, 0, 101138, 100, 1000.74
2026/08/07 14:00:52.932, 1, 102592, 100, 1024.95
2026/08/07 14:00:52.932, 2, 102592, 100, 999.06
2026/08/07 14:00:52.932, 3, 102592, 100, 1005.74
2026/08/07 14:00:52.932, 4, 101148, 100, 994.05
2026/08/07 14:00:52.932, 5, 102602, 100, 1010.15
2026/08/07 14:00:52.932, 6, 102602, 100, 992.20
2026/08/07 14:00:52.932, 7, 102602, 100, 1023.40
2026/08/07 14:00:53.432, 0, 101138, 100, 1002.34
2026/08/07 14:00:53.432, 1, 102592, 100, 1026.61
2026/08/07 14:00:53.432, 2, 102592, 99, 1003.90
2026/08/07 14:00:53.432, 3, 102592, 99, 1005.03
2026/08/07 14:00:53.432, 4, 101148, 99, 987.59
2026/08/07 14:00:53.432, 5, 102602, 100, 1013.27
2026/08/07 14:00:53.432, 6, 102602, 100, 990.96
2026/08/07 14:00:53.432, 7, 102602, 100, 1022.07
2026/08/07 14:00:53.932, 0, 101138, 100, 1012.18
2026/08/07 14:00:53.932, 1, 102592, 100, 1016.38
2026/08/07 14:00:53.932, 2, 102592, 100, 1002.80
2026/08/07 14:00:53.932, 3, 102592, 100, 1005.64
2026/08/07 14:00:53.932, 4, 101148, 100, 984.28
2026/08/07 14:00:53.932, 5, 102602, 100, 1010.11
2026/08/07 14:00:53.932, 6, 102602, 100, 984.23
2026/08/07 14:00:53.932, 7, 102602, 100, 1019.59
2026/08/07 14:00:54.432, 0, 101138, 100, 1010.63
2026/08/07 14:00:54.432, 1, 102592, 100, 1011.84
2026/08/07 14:00:54.432, 2, 102592, 100, 995.36
2026/08/07 14:00:54.432, 3, 102592, 100, 1000.09
2026/08/07 14:00:54.432, 4, 101148, 100, 990.55
2026/08/07 14:00:54.432, 5, 102602, 100, 1012.92
2026/08/07 14:00:54.432, 6, 102602, 100, 991.27
2026/08/07 14:00:54.432, 7, 102602, 100, 1020.57
2026/08/07 14:00:54.932, 0, 101138, 100, 1005.49
2026/08/07 14:00:54.932, 1, 102592, 100, 1007.84
2026/08/07 14:00:54.932, 2, 102592, 100, 991.35
2026/08/07 14:00:54.932, 3, 102592, 99, 992.68
2026/08/07 14:00:54.932, 4, 101148, 100, 990.05
2026/08/07 14:00:54.932, 5, 102602, 99, 1007.88
2026/08/07 14:00:54.932, 6, 102602, 100, 998.98
2026/08/07 14:00:54.932, 7, 102602, 100, 1020.70
2026/08/07 14:00:55.433, 0, 101138, 100, 1008.11
2026/08/07 14:00:55.433, 1, 102592, 100, 1020.76
2026/08/07 14:00:55.433, 2, 102592, 100, 1004.45
2026/08/07 14:00:55.433, 3, 102592, 100, 1000.07
2026/08/07 14:00:55.433, 4, 101148, 100, 992.14
2026/08/07 14:00:55.433, 5, 102602, 100, 1010.95
2026/08/07 14:00:55.433, 6, 102602, 100, 999.21
2026/08/07 14:00:55.433, 7, 102602, 100, 1025.47
2026/08/07 14:00:55.933, 0, 101138, 100, 1003.86
2026/08/07 14:00:55.933, 1, 102592, 100, 1024.98
2026/08/07 14:00:55.933, 2, 102592, 100, 1005.22
2026/08/07 14:00:55.933, 3, 102592, 100, 1007.29
2026/08/07 14:00:55.933, 4, 101148, 100, 986.57
2026/08/07 14:00:55.933, 5, 102602, 100, 1009.02
2026/08/07 14:00:55.933, 6, 102602, 100, 993.18
2026/08/07 14:00:55.933, 7, 102602, 100, 1016.34
2026/08/07 14:00:56.433, 0, 101138, 100, 999.19
2026/08/07 14:00:56.433, 1, 102592, 100, 1018.59
2026/08/07 14:00:56.433, 2, 102592, 100, 995.01
2026/08/07 14:00:56.433, 3, 102592, 100, 1006.91
2026/08/07 14:00:56.433, 4, 101148, 100, 978.70
2026/08/07 14:00:56.433, 5, 102602, 100, 997.47
2026/08/07 14:00:56.433, 6, 102602, 100, 985.34
2026/08/07 14:00:56.433, 7, 102602, 99, 1010.27
2026/08/07 14:00:56.933, 0, 101138, 100, 1011.49
2026/08/07 14:00:56.933, 1, 102592, 100, 1020.77
2026/08/07 14:00:56.933, 2, 102592, 100, 1003.65
2026/08/07 14:00:56.933, 3, 102592, 100, 1008.45
2026/08/07 14:00:56.933, 4, 101148, 100, 983.82
2026/08/07 14:00:56.933, 5, 102602, 100, 997.32
2026/08/07 14:00:56.933, 6, 102602, 100, 984.82
2026/08/07 14:00:56.933, 7, 102602, 100, 1017.08
2026/08/07 14:00:57.433, 0, 101138, 100, 1012.20
2026/08/07 14:00:57.433, 1, 102592, 100, 1010.36
2026/08/07 14:00:57.433, 2, 102592, 99, 999.88
2026/08/07 14:00:57.434, 3, 102592, 99, 1002.75
2026/08/07 14:00:57.434, 4, 101148, 99, 979.11
2026/08/07 14:00:57.434, 5, 102602, 100, 997.85
2026/08/07 14:00:57.434, 6, 102602, 100, 978.15
2026/08/07 14:00:57.434, 7, 102602, 100, 1014.45
2026/08/07 14:00:57.934, 0, 101138, 100, 1009.53
2026/08/07 14:00:57.934, 1, 102592, 100, 1011.18
2026/08/07 14:00:57.934, 2, 102592, 100, 1000.12
2026/08/07 14:00:57.934, 3, 102592, 100, 1006.14
2026/08/07 14:00:57.934, 4, 101148, 100, 983.26
2026/08/07 14:00:57.934, 5, 102602, 100, 1005.39
2026/08/07 14:00:57.934, 6, 102602, 100, 989.10
2026/08/07 14:00:57.934, 7, 102602, 100, 1014.31
2026/08/07 14:00:58.434, 0, 101138, 100, 1011.96
2026/08/07 14:00:58.435, 1, 102592, 100, 1019.08
2026/08/07 14:00:58.435, 2, 102592, 100, 1007.91
2026/08/07 14:00:58.435, 3, 102592, 100, 1011.73
2026/08/07 14:00:58.435, 4, 101148, 100, 986.62
2026/08/07 14:00:58.435, 5, 102602, 100, 1006.52
2026/08/07 14:00:58.435, 6, 102602, 100, 997.56
2026/08/07 14:00:58.435, 7, 102602, 100, 1018.03
2026/08/07 14:00:58.935, 0, 101138, 100, 1004.13
2026/08/07 14:00:58.936, 1, 102592, 100, 1016.37
2026/08/07 14:00:58.936, 2, 102592, 100, 996.56
2026/08/07 14:00:58.936, 3, 102592, 99, 998.61
2026/08/07 14:00:58.936, 4, 101148, 100, 979.12
2026/08/07 14:00:58.936, 5, 102602, 99, 1001.95
2026/08/07 14:00:58.936, 6, 102602, 100, 985.30
2026/08/07 14:00:58.936, 7, 102602, 100, 1015.11
2026/08/07 14:00:59.436, 0, 101138, 100, 1001.29
2026/08/07 14:00:59.436, 1, 102592, 100, 1025.44
2026/08/07 14:00:59.436, 2, 102592, 100, 1003.18
2026/08/07 14:00:59.436, 3, 102592, 100, 1005.18
2026/08/07 14:00:59.436, 4, 101148, 100, 989.58
2026/08/07 14:00:59.436, 5, 102602, 100, 1011.64
2026/08/07 14:00:59.436, 6, 102602, 100, 994.34
2026/08/07 14:00:59.436, 7, 102602, 100, 1022.48
2026/08/07 14:00:59.936, 0, 101138, 100, 1002.78
2026/08/07 14:00:59.936, 1, 102592, 100, 1022.80
2026/08/07 14:00:59.936, 2, 102592, 100, 1004.80
2026/08/07 14:00:59.936, 3, 102592, 100, 1008.96
2026/08/07 14:00:59.936, 4, 101148, 100, 994.45
2026/08/07 14:00:59.936, 5, 102602, 100, 1014.18
2026/08/07 14:00:59.936, 6, 102602, 100, 996.54
2026/08/07 14:00:59.936, 7, 102602, 100, 1026.69
2026/08/07 14:01:00.436, 0, 101138, 100, 1004.16
2026/08/07 14:01:00.437, 1, 102592, 100, 1016.44
2026/08/07 14:01:00.438, 2, 102592, 100, 995.20
2026/08/07 14:01:00.439, 3, 102592, 100, 1000.79
2026/08/07 14:01:00.440, 4, 101148, 100, 991.04
2026/08/07 14:01:00.441, 5, 102602, 100, 1015.99
2026/08/07 14:01:00.442, 6, 102602, 100, 996.54
2026/08/07 14:01:00.443, 7, 102602, 100, 1024.34
2026/08/07 14:01:00.944, 0, 101138, 100, 999.01
2026/08/07 14:01:00.945, 1, 102592, 100, 1016.30
2026/08/07 14:01:00.945, 2, 102592, 100, 994.04
2026/08/07 14:01:00.945, 3, 102592, 100, 996.63
2026/08/07 14:01:00.945, 4, 101148, 100, 996.07
2026/08/07 14:01:00.945, 5, 102602, 100, 1018.28
2026/08/07 14:01:00.945, 6, 102602, 100, 1004.02
2026/08/07 14:01:00.945, 7, 102602, 100, 1028.40
2026/08/07 14:01:01.447, 0, 101138, 100, 992.39
2026/08/07 14:01:01.447, 1, 102592, 99, 1011.79
2026/08/07 14:01:01.447, 2, 102592, 99, 985.14
2026/08/07 14:01:01.447, 3, 102592, 99, 993.50
2026/08/07 14:01:01.447, 4, 101148, 99, 989.06
2026/08/07 14:01:01.447, 5, 102602, 100, 1006.34
2026/08/07 14:01:01.447, 6, 102602, 100, 992.51
2026/08/07 14:01:01.447, 7, 102602, 100, 1015.59
2026/08/07 14:01:01.947, 0, 101138, 100, 1000.51
2026/08/07 14:01:01.947, 1, 102592, 100, 1019.88
2026/08/07 14:01:01.947, 2, 102592, 100, 993.40
2026/08/07 14:01:01.947, 3, 102592, 100, 1006.11
2026/08/07 14:01:01.947, 4, 101148, 100, 986.34
2026/08/07 14:01:01.947, 5, 102602, 100, 994.81
2026/08/07 14:01:01.947, 6, 102602, 100, 985.73
2026/08/07 14:01:01.947, 7, 102602, 100, 1008.40
2026/08/07 14:01:02.447, 0, 101138, 100, 1009.91
2026/08/07 14:01:02.447, 1, 102592, 100, 1024.66
2026/08/07 14:01:02.447, 2, 102592, 100, 1007.45
2026/08/07 14:01:02.447, 3, 102592, 100, 1015.23
2026/08/07 14:01:02.447, 4, 101148, 100, 986.78
2026/08/07 14:01:02.447, 5, 102602, 100, 1002.01
2026/08/07 14:01:02.447, 6, 102602, 100, 986.10
2026/08/07 14:01:02.447, 7, 102602, 100, 1014.69
2026/08/07 14:01:02.947, 0, 101138, 100, 1003.56
2026/08/07 14:01:02.947, 1, 102592, 100, 1016.03
2026/08/07 14:01:02.947, 2, 102592, 100, 997.79
2026/08/07 14:01:02.947, 3, 102592, 99, 1004.56
2026/08/07 14:01:02.947, 4, 101148, 100, 981.28
2026/08/07 14:01:02.947, 5, 102602, 100, 1005.18
2026/08/07 14:01:02.947, 6, 102602, 100, 979.11
2026/08/07 14:01:02.947, 7, 102602, 100, 1010.69
2026/08/07 14:01:03.448, 0, 101138, 100, 1000.23
2026/08/07 14:01:03.448, 1, 102592, 100, 1022.58
2026/08/07 14:01:03.448, 2, 102592, 100, 998.04
2026/08/07 14:01:03.448, 3, 102592, 100, 1004.59
2026/08/07 14:01:03.448, 4, 101148, 100, 980.73
2026/08/07 14:01:03.448, 5, 102602, 100, 1002.43
2026/08/07 14:01:03.448, 6, 102602, 100, 986.97
2026/08/07 14:01:03.448, 7, 102602, 100, 1015.70
2026/08/07 14:01:03.948, 0, 101138, 100, 1008.41
2026/08/07 14:01:03.948, 1, 102592, 100, 1019.61
2026/08/07 14:01:03.948, 2, 102592, 100, 1002.73
2026/08/07 14:01:03.948, 3, 102592, 100, 1005.47
2026/08/07 14:01:03.948, 4, 101148, 100, 988.28
2026/08/07 14:01:03.948, 5, 102602, 100, 1011.35
2026/08/07 14:01:03.948, 6, 102602, 100, 990.33
2026/08/07 14:01:03.948, 7, 102602, 100, 1027.33
2026/08/07 14:01:04.448, 0, 101138, 100, 1011.30
2026/08/07 14:01:04.448, 1, 102592, 100, 1008.28
2026/08/07 14:01:04.448, 2, 102592, 100, 999.24
2026/08/07 14:01:04.448, 3, 102592, 100, 999.46
2026/08/07 14:01:04.448, 4, 101148, 100, 990.97
2026/08/07 14:01:04.448, 5, 102602, 100, 1018.56
2026/08/07 14:01:04.448, 6, 102602, 100, 991.77
2026/08/07 14:01:04.448, 7, 102602, 100, 1036.70
2026/08/07 14:01:04.948, 0, 101138, 100, 1013.93
2026/08/07 14:01:04.948, 1, 102592, 100, 1017.16
2026/08/07 14:01:04.948, 2, 102592, 100, 1007.10
2026/08/07 14:01:04.948, 3, 102592, 100, 1010.86
2026/08/07 14:01:04.948, 4, 101148, 100, 991.53
2026/08/07 14:01:04.948, 5, 102602, 100, 1019.97
2026/08/07 14:01:04.948, 6, 102602, 100, 996.28
2026/08/07 14:01:04.948, 7, 102602, 100, 1030.07
2026/08/07 14:01:05.448, 0, 101138, 100, 1010.41
2026/08/07 14:01:05.448, 1, 102592, 100, 1019.86
2026/08/07 14:01:05.448, 2, 102592, 99, 1002.73
2026/08/07 14:01:05.448, 3, 102592, 99, 1010.88
2026/08/07 14:01:05.448, 4, 101148, 99, 991.07
2026/08/07 14:01:05.448, 5, 102602, 100, 1011.60
2026/08/07 14:01:05.448, 6, 102602, 100, 990.75
2026/08/07 14:01:05.448, 7, 102602, 100, 1019.18
2026/08/07 14:01:05.949, 0, 101138, 100, 1006.49
2026/08/07 14:01:05.949, 1, 102592, 100, 1024.89
2026/08/07 14:01:05.949, 2, 102592, 100, 1001.50
2026/08/07 14:01:05.949, 3, 102592, 100, 1011.14
2026/08/07 14:01:05.949, 4, 101148, 100, 994.83
2026/08/07 14:01:05.949, 5, 102602, 100, 1009.32
2026/08/07 14:01:05.949, 6, 102602, 100, 992.61
2026/08/07 14:01:05.949, 7, 102602, 100, 1024.44
2026/08/07 14:01:06.449, 0, 101138, 100, 1005.78
2026/08/07 14:01:06.449, 1, 102592, 100, 1028.49
2026/08/07 14:01:06.449, 2, 102592, 100, 1006.19
2026/08/07 14:01:06.449, 3, 102592, 100, 1014.65
2026/08/07 14:01:06.449, 4, 101148, 100, 995.42
2026/08/07 14:01:06.449, 5, 102602, 99, 1020.71
2026/08/07 14:01:06.449, 6, 102602, 100, 998.19
2026/08/07 14:01:06.449, 7, 102602, 100, 1025.22
2026/08/07 14:01:06.949, 0, 101138, 100, 997.66
2026/08/07 14:01:06.950, 1, 102592, 100, 1026.36
2026/08/07 14:01:06.951, 2, 102592, 100, 1001.28
2026/08/07 14:01:06.952, 3, 102592, 99, 1011.53
2026/08/07 14:01:06.953, 4, 101148, 100, 993.00
2026/08/07 14:01:06.953, 5, 102602, 100, 1014.76
2026/08/07 14:01:06.954, 6, 102602, 100, 996.38
2026/08/07 14:01:06.955, 7, 102602, 100, 1024.15
2026/08/07 14:01:07.456, 0, 101138, 100, 1004.21
2026/08/07 14:01:07.456, 1, 102592, 100, 1024.04
2026/08/07 14:01:07.456, 2, 102592, 100, 1003.63
2026/08/07 14:01:07.456, 3, 102592, 100, 1012.88
2026/08/07 14:01:07.456, 4, 101148, 100, 991.86
2026/08/07 14:01:07.456, 5, 102602, 100, 1001.28
2026/08/07 14:01:07.456, 6, 102602, 100, 999.45
2026/08/07 14:01:07.456, 7, 102602, 100, 1017.93
2026/08/07 14:01:07.957, 0, 101138, 100, 1003.45
2026/08/07 14:01:07.957, 1, 102592, 100, 1030.35
2026/08/07 14:01:07.957, 2, 102592, 100, 1005.34
2026/08/07 14:01:07.957, 3, 102592, 100, 1013.90
2026/08/07 14:01:07.957, 4, 101148, 100, 985.93
2026/08/07 14:01:07.957, 5, 102602, 100, 992.90
2026/08/07 14:01:07.957, 6, 102602, 100, 993.25
2026/08/07 14:01:07.957, 7, 102602, 100, 1006.16
2026/08/07 14:01:08.457, 0, 101138, 100, 995.35
2026/08/07 14:01:08.457, 1, 102592, 100, 1029.28
2026/08/07 14:01:08.457, 2, 102592, 100, 1000.55
2026/08/07 14:01:08.457, 3, 102592, 100, 1006.01
2026/08/07 14:01:08.457, 4, 101148, 100, 987.23
2026/08/07 14:01:08.457, 5, 102602, 100, 998.03
2026/08/07 14:01:08.457, 6, 102602, 100, 989.72
2026/08/07 14:01:08.457, 7, 102602, 100, 1013.47
2026/08/07 14:01:08.957, 0, 101138, 100, 1004.82
2026/08/07 14:01:08.957, 1, 102592, 100, 1022.26
2026/08/07 14:01:08.957, 2, 102592, 100, 1007.93
2026/08/07 14:01:08.957, 3, 102592, 100, 1010.81
2026/08/07 14:01:08.957, 4, 101148, 100, 987.63
2026/08/07 14:01:08.957, 5, 102602, 100, 1002.03
2026/08/07 14:01:08.957, 6, 102602, 100, 994.63
2026/08/07 14:01:08.957, 7, 102602, 100, 1018.26
2026/08/07 14:01:09.457, 0, 101138, 100, 1009.36
2026/08/07 14:01:09.457, 1, 102592, 100, 1013.29
2026/08/07 14:01:09.457, 2, 102592, 99, 1002.83
2026/08/07 14:01:09.457, 3, 102592, 99, 1009.61
2026/08/07 14:01:09.457, 4, 101148, 99, 982.64
2026/08/07 14:01:09.457, 5, 102602, 100, 998.53
2026/08/07 14:01:09.457, 6, 102602, 100, 990.25
2026/08/07 14:01:09.457, 7, 102602, 99, 1008.49
2026/08/07 14:01:09.957, 0, 101138, 100, 1008.20
2026/08/07 14:01:09.957, 1, 102592, 100, 1016.36
2026/08/07 14:01:09.957, 2, 102592, 100, 1002.99
2026/08/07 14:01:09.957, 3, 102592, 100, 1005.05
2026/08/07 14:01:09.957, 4, 101148, 100, 989.97
2026/08/07 14:01:09.957, 5, 102602, 100, 1007.88
2026/08/07 14:01:09.957, 6, 102602, 100, 995.32
2026/08/07 14:01:09.957, 7, 102602, 100, 1017.22
2026/08/07 14:01:10.457, 0, 101138, 100, 1013.60
2026/08/07 14:01:10.457, 1, 102592, 100, 1027.54
2026/08/07 14:01:10.457, 2, 102592, 100, 1014.15
2026/08/07 14:01:10.458, 3, 102592, 100, 1011.04
2026/08/07 14:01:10.458, 4, 101148, 100, 993.23
2026/08/07 14:01:10.458, 5, 102602, 100, 1004.11
2026/08/07 14:01:10.458, 6, 102602, 100, 994.08
2026/08/07 14:01:10.458, 7, 102602, 100, 1016.42
2026/08/07 14:01:10.958, 0, 101138, 100, 1007.17
2026/08/07 14:01:10.958, 1, 102592, 100, 1016.43
2026/08/07 14:01:10.958, 2, 102592, 100, 1004.48
2026/08/07 14:01:10.958, 3, 102592, 99, 1004.21
2026/08/07 14:01:10.958, 4, 101148, 99, 989.55
2026/08/07 14:01:10.958, 5, 102602, 100, 996.56
2026/08/07 14:01:10.958, 6, 102602, 100, 988.85
2026/08/07 14:01:10.958, 7, 102602, 100, 1009.64
2026/08/07 14:01:11.458, 0, 101138, 100, 1008.95
2026/08/07 14:01:11.458, 1, 102592, 100, 1020.29
2026/08/07 14:01:11.458, 2, 102592, 100, 1006.75
2026/08/07 14:01:11.458, 3, 102592, 100, 1006.84
2026/08/07 14:01:11.458, 4, 101148, 100, 989.16
2026/08/07 14:01:11.458, 5, 102602, 100, 1002.22
2026/08/07 14:01:11.458, 6, 102602, 100, 989.98
2026/08/07 14:01:11.458, 7, 102602, 100, 1012.34
2026/08/07 14:01:11.958, 0, 101138, 100, 1010.18
2026/08/07 14:01:11.958, 1, 102592, 100, 1032.49
2026/08/07 14:01:11.958, 2, 102592, 100, 1015.13
2026/08/07 14:01:11.958, 3, 102592, 100, 1015.60
2026/08/07 14:01:11.958, 4, 101148, 100, 982.80
2026/08/07 14:01:11.958, 5, 102602, 100, 994.09
2026/08/07 14:01:11.958, 6, 102602, 100, 988.17
2026/08/07 14:01:11.958, 7, 102602, 100, 1006.20
2026/08/07 14:01:12.458, 0, 101138, 100, 1010.61
2026/08/07 14:01:12.458, 1, 102592, 100, 1022.90
2026/08/07 14:01:12.459, 2, 102592, 100, 1006.71
2026/08/07 14:01:12.459, 3, 102592, 100, 1010.55
2026/08/07 14:01:12.459, 4, 101148, 100, 984.14
2026/08/07 14:01:12.459, 5, 102602, 100, 997.82
2026/08/07 14:01:12.459, 6, 102602, 100, 987.28
2026/08/07 14:01:12.459, 7, 102602, 100, 1007.08
2026/08/07 14:01:12.959, 0, 101138, 100, 1006.48
2026/08/07 14:01:12.959, 1, 102592, 100, 1021.86
2026/08/07 14:01:12.959, 2, 102592, 100, 998.49
2026/08/07 14:01:12.959, 3, 102592, 100, 1003.76
2026/08/07 14:01:12.959, 4, 101148, 100, 984.07
2026/08/07 14:01:12.959, 5, 102602, 100, 1007.63
2026/08/07 14:01:12.959, 6, 102602, 100, 987.36
2026/08/07 14:01:12.959, 7, 102602, 100, 1013.42
2026/08/07 14:01:13.459, 0, 101138, 100, 1000.76
2026/08/07 14:01:13.459, 1, 102592, 100, 1024.95
2026/08/07 14:01:13.459, 2, 102592, 99, 1000.65
2026/08/07 14:01:13.459, 3, 102592, 99, 1004.55
2026/08/07 14:01:13.459, 4, 101148, 99, 978.60
2026/08/07 14:01:13.459, 5, 102602, 100, 1010.04
2026/08/07 14:01:13.459, 6, 102602, 100, 981.32
2026/08/07 14:01:13.459, 7, 102602, 100, 1020.72
2026/08/07 14:01:13.959, 0, 101138, 100, 1010.44
2026/08/07 14:01:13.962, 1, 102592, 100, 1017.41
2026/08/07 14:01:13.962, 2, 102592, 100, 1004.67
2026/08/07 14:01:13.962, 3, 102592, 100, 1006.56
2026/08/07 14:01:13.962, 4, 101148, 100, 985.58
2026/08/07 14:01:13.962, 5, 102602, 100, 1017.25
2026/08/07 14:01:13.962, 6, 102602, 100, 992.44
2026/08/07 14:01:13.962, 7, 102602, 100, 1033.75
2026/08/07 14:01:14.462, 0, 101138, 100, 1009.10
2026/08/07 14:01:14.462, 1, 102592, 100, 1019.54
2026/08/07 14:01:14.462, 2, 102592, 100, 1004.25
2026/08/07 14:01:14.462, 3, 102592, 100, 1009.72
2026/08/07 14:01:14.462, 4, 101148, 100, 990.50
2026/08/07 14:01:14.462, 5, 102602, 100, 1010.97
2026/08/07 14:01:14.463, 6, 102602, 100, 993.93
2026/08/07 14:01:14.463, 7, 102602, 100, 1019.49
2026/08/07 14:01:14.963, 0, 101138, 100, 1002.95
2026/08/07 14:01:14.963, 1, 102592, 100, 1023.44
2026/08/07 14:01:14.963, 2, 102592, 100, 1005.05
2026/08/07 14:01:14.963, 3, 102592, 99, 1012.27
2026/08/07 14:01:14.963, 4, 101148, 99, 979.99
2026/08/07 14:01:14.963, 5, 102602, 100, 999.20
2026/08/07 14:01:14.963, 6, 102602, 100, 983.81
2026/08/07 14:01:14.963, 7, 102602, 100, 1004.69
2026/08/07 14:01:15.463, 0, 101138, 100, 1009.22
2026/08/07 14:01:15.463, 1, 102592, 100, 1031.00
2026/08/07 14:01:15.463, 2, 102592, 100, 1010.68
2026/08/07 14:01:15.463, 3, 102592, 100, 1014.14
2026/08/07 14:01:15.463, 4, 101148, 100, 985.34
2026/08/07 14:01:15.463, 5, 102602, 100, 1004.78
2026/08/07 14:01:15.463, 6, 102602, 100, 991.16
2026/08/07 14:01:15.463, 7, 102602, 100, 1014.80
2026/08/07 14:01:15.963, 0, 101138, 100, 1014.18
2026/08/07 14:01:15.963, 1, 102592, 100, 1024.66
2026/08/07 14:01:15.963, 2, 102592, 100, 1006.51
2026/08/07 14:01:15.963, 3, 102592, 100, 1010.32
2026/08/07 14:01:15.963, 4, 101148, 100, 988.92
2026/08/07 14:01:15.963, 5, 102602, 100, 1006.01
2026/08/07 14:01:15.963, 6, 102602, 100, 992.41
2026/08/07 14:01:15.963, 7, 102602, 100, 1014.97
2026/08/07 14:01:16.463, 0, 101138, 100, 1012.16
2026/08/07 14:01:16.463, 1, 102592, 100, 1007.28
2026/08/07 14:01:16.464, 2, 102592, 100, 999.09
2026/08/07 14:01:16.464, 3, 102592, 100, 1008.70
2026/08/07 14:01:16.464, 4, 101148, 100, 984.21
2026/08/07 14:01:16.464, 5, 102602, 100, 1011.25
2026/08/07 14:01:16.464, 6, 102602, 100, 983.39
2026/08/07 14:01:16.464, 7, 102602, 100, 1014.40
2026/08/07 14:01:16.964, 0, 101138, 100, 1005.56
2026/08/07 14:01:16.964, 1, 102592, 100, 1020.64
2026/08/07 14:01:16.964, 2, 102592, 100, 1002.24
2026/08/07 14:01:16.964, 3, 102592, 100, 1009.03
2026/08/07 14:01:16.964, 4, 101148, 100, 991.61
2026/08/07 14:01:16.964, 5, 102602, 100, 1013.58
2026/08/07 14:01:16.964, 6, 102602, 100, 993.23
2026/08/07 14:01:16.964, 7, 102602, 100, 1019.64
2026/08/07 14:01:17.464, 0, 101138, 100, 999.52
2026/08/07 14:01:17.464, 1, 102592, 99, 1024.71
2026/08/07 14:01:17.464, 2, 102592, 99, 1001.83
2026/08/07 14:01:17.464, 3, 102592, 99, 1003.89
2026/08/07 14:01:17.464, 4, 101148, 99, 988.28
2026/08/07 14:01:17.464, 5, 102602, 100, 1007.74
2026/08/07 14:01:17.464, 6, 102602, 99, 995.18
2026/08/07 14:01:17.464, 7, 102602, 100, 1017.15
2026/08/07 14:01:17.964, 0, 101138, 100, 1006.49
2026/08/07 14:01:17.966, 1, 102592, 100, 1022.17
2026/08/07 14:01:17.967, 2, 102592, 100, 1002.97
2026/08/07 14:01:17.967, 3, 102592, 100, 1006.15
2026/08/07 14:01:17.967, 4, 101148, 100, 987.84
2026/08/07 14:01:17.967, 5, 102602, 100, 1015.57
2026/08/07 14:01:17.967, 6, 102602, 100, 994.92
2026/08/07 14:01:17.967, 7, 102602, 100, 1024.15
2026/08/07 14:01:18.467, 0, 101138, 100, 1013.41
2026/08/07 14:01:18.467, 1, 102592, 100, 1023.68
2026/08/07 14:01:18.467, 2, 102592, 100, 1003.65
2026/08/07 14:01:18.467, 3, 102592, 100, 1013.26
2026/08/07 14:01:18.467, 4, 101148, 100, 991.58
2026/08/07 14:01:18.467, 5, 102602, 100, 1013.12
2026/08/07 14:01:18.467, 6, 102602, 100, 999.28
2026/08/07 14:01:18.467, 7, 102602, 100, 1020.38
2026/08/07 14:01:18.967, 0, 101138, 100, 1000.45
2026/08/07 14:01:18.967, 1, 102592, 100, 1017.46
2026/08/07 14:01:18.967, 2, 102592, 100, 997.56
2026/08/07 14:01:18.967, 3, 102592, 99, 1003.06
2026/08/07 14:01:18.967, 4, 101148, 99, 990.05
2026/08/07 14:01:18.967, 5, 102602, 100, 1002.19
2026/08/07 14:01:18.967, 6, 102602, 100, 994.24
2026/08/07 14:01:18.967, 7, 102602, 100, 1009.59
2026/08/07 14:01:19.467, 0, 101138, 100, 997.29
2026/08/07 14:01:19.467, 1, 102592, 100, 1024.95
2026/08/07 14:01:19.467, 2, 102592, 100, 1003.54
2026/08/07 14:01:19.467, 3, 102592, 100, 1009.98
2026/08/07 14:01:19.467, 4, 101148, 100, 990.43
2026/08/07 14:01:19.467, 5, 102602, 100, 1000.80
2026/08/07 14:01:19.467, 6, 102602, 100, 991.47
2026/08/07 14:01:19.467, 7, 102602, 100, 1011.46
2026/08/07 14:01:19.967, 0, 101138, 100, 1006.65
2026/08/07 14:01:19.968, 1, 102592, 100, 1021.35
2026/08/07 14:01:19.968, 2, 102592, 100, 1001.29
2026/08/07 14:01:19.968, 3, 102592, 100, 1009.87
2026/08/07 14:01:19.968, 4, 101148, 100, 991.86
2026/08/07 14:01:19.968, 5, 102602, 100, 997.52
2026/08/07 14:01:19.968, 6, 102602, 100, 990.24
2026/08/07 14:01:19.968, 7, 102602, 100, 1012.30
2026/08/07 14:01:20.468, 0, 101138, 100, 1009.68
2026/08/07 14:01:20.468, 1, 102592, 100, 1016.10
2026/08/07 14:01:20.468, 2, 102592, 100, 999.25
2026/08/07 14:01:20.468, 3, 102592, 100, 1001.64
2026/08/07 14:01:20.468, 4, 101148, 100, 988.36
2026/08/07 14:01:20.468, 5, 102602, 100, 1003.44
2026/08/07 14:01:20.468, 6, 102602, 100, 986.07
2026/08/07 14:01:20.468, 7, 102602, 99, 1017.42
2026/08/07 14:01:20.968, 0, 101138, 100, 1014.66
2026/08/07 14:01:20.968, 1, 102592, 100, 1026.04
2026/08/07 14:01:20.968, 2, 102592, 100, 1004.78
2026/08/07 14:01:20.968, 3, 102592, 100, 1013.29
2026/08/07 14:01:20.968, 4, 101148, 100, 988.97
2026/08/07 14:01:20.968, 5, 102602, 100, 1007.76
2026/08/07 14:01:20.968, 6, 102602, 100, 994.06
2026/08/07 14:01:20.968, 7, 102602, 100, 1015.85
2026/08/07 14:01:21.468, 0, 101138, 100, 1009.89
2026/08/07 14:01:21.468, 1, 102592, 99, 1017.53
2026/08/07 14:01:21.468, 2, 102592, 99, 1003.02
2026/08/07 14:01:21.468, 3, 102592, 99, 1006.87
2026/08/07 14:01:21.468, 4, 101148, 99, 982.31
2026/08/07 14:01:21.468, 5, 102602, 100, 1001.90
2026/08/07 14:01:21.468, 6, 102602, 99, 990.46
2026/08/07 14:01:21.468, 7, 102602, 100, 1004.56
2026/08/07 14:01:21.968, 0, 101138, 100, 1005.39
2026/08/07 14:01:21.968, 1, 102592, 100, 1020.15
2026/08/07 14:01:21.968, 2, 102592, 100, 1003.41
2026/08/07 14:01:21.968, 3, 102592, 100, 1004.20
2026/08/07 14:01:21.968, 4, 101148, 100, 987.01
2026/08/07 14:01:21.968, 5, 102602, 100, 1007.91
2026/08/07 14:01:21.968, 6, 102602, 100, 994.04
2026/08/07 14:01:21.968, 7, 102602, 100, 1014.56
2026/08/07 14:01:22.468, 0, 101138, 100, 1013.60
2026/08/07 14:01:22.469, 1, 102592, 100, 1018.71
2026/08/07 14:01:22.469, 2, 102592, 100, 1001.26
2026/08/07 14:01:22.469, 3, 102592, 100, 1008.83
2026/08/07 14:01:22.469, 4, 101148, 100, 992.42
2026/08/07 14:01:22.469, 5, 102602, 100, 1021.93
2026/08/07 14:01:22.469, 6, 102602, 100, 999.49
2026/08/07 14:01:22.469, 7, 102602, 100, 1028.39
2026/08/07 14:01:22.969, 0, 101138, 100, 1008.95
2026/08/07 14:01:22.969, 1, 102592, 100, 1007.89
2026/08/07 14:01:22.969, 2, 102592, 100, 994.03
2026/08/07 14:01:22.969, 3, 102592, 99, 1000.98
2026/08/07 14:01:22.969, 4, 101148, 99, 987.79
2026/08/07 14:01:22.969, 5, 102602, 100, 1022.18
2026/08/07 14:01:22.969, 6, 102602, 100, 990.11
2026/08/07 14:01:22.969, 7, 102602, 100, 1029.20
2026/08/07 14:01:23.469, 0, 101138, 100, 1003.94
2026/08/07 14:01:23.469, 1, 102592, 100, 1014.48
2026/08/07 14:01:23.469, 2, 102592, 100, 993.55
2026/08/07 14:01:23.469, 3, 102592, 100, 999.07
2026/08/07 14:01:23.469, 4, 101148, 100, 991.96
2026/08/07 14:01:23.469, 5, 102602, 100, 1010.57
2026/08/07 14:01:23.469, 6, 102602, 100, 999.65
2026/08/07 14:01:23.469, 7, 102602, 100, 1023.97
2026/08/07 14:01:23.969, 0, 101138, 100, 1001.27
2026/08/07 14:01:23.969, 1, 102592, 100, 1014.32
2026/08/07 14:01:23.969, 2, 102592, 100, 992.03
2026/08/07 14:01:23.969, 3, 102592, 100, 994.80
2026/08/07 14:01:23.969, 4, 101148, 100, 990.35
2026/08/07 14:01:23.969, 5, 102602, 100, 1002.11
2026/08/07 14:01:23.969, 6, 102602, 100, 1001.17
2026/08/07 14:01:23.969, 7, 102602, 100, 1016.94
2026/08/07 14:01:24.469, 0, 101138, 100, 1000.26
2026/08/07 14:01:24.469, 1, 102592, 100, 1015.59
2026/08/07 14:01:24.469, 2, 102592, 100, 994.64
2026/08/07 14:01:24.469, 3, 102592, 100, 991.98
2026/08/07 14:01:24.469, 4, 101148, 100, 985.45
2026/08/07 14:01:24.469, 5, 102602, 100, 997.98
2026/08/07 14:01:24.469, 6, 102602, 100, 995.45
2026/08/07 14:01:24.469, 7, 102602, 100, 1014.82
2026/08/07 14:01:24.969, 0, 101138, 100, 1004.02
2026/08/07 14:01:24.969, 1, 102592, 100, 1024.24
2026/08/07 14:01:24.970, 2, 102592, 100, 1005.28
2026/08/07 14:01:24.970, 3, 102592, 100, 1007.24
2026/08/07 14:01:24.970, 4, 101148, 100, 984.95
2026/08/07 14:01:24.970, 5, 102602, 100, 1004.68
2026/08/07 14:01:24.970, 6, 102602, 100, 994.24
2026/08/07 14:01:24.970, 7, 102602, 100, 1016.93
2026/08/07 14:01:25.470, 0, 101138, 100, 1004.31
2026/08/07 14:01:25.470, 1, 102592, 99, 1015.79
2026/08/07 14:01:25.470, 2, 102592, 99, 999.56
2026/08/07 14:01:25.470, 3, 102592, 99, 1007.63
2026/08/07 14:01:25.470, 4, 101148, 100, 988.10
2026/08/07 14:01:25.470, 5, 102602, 100, 1010.93
2026/08/07 14:01:25.470, 6, 102602, 99, 991.85
2026/08/07 14:01:25.470, 7, 102602, 100, 1018.76
2026/08/07 14:01:25.970, 0, 101138, 100, 1009.94
2026/08/07 14:01:25.970, 1, 102592, 100, 1008.47
2026/08/07 14:01:25.970, 2, 102592, 100, 993.69
2026/08/07 14:01:25.970, 3, 102592, 100, 1004.08
2026/08/07 14:01:25.970, 4, 101148, 100, 995.69
2026/08/07 14:01:25.970, 5, 102602, 100, 1016.57
2026/08/07 14:01:25.970, 6, 102602, 100, 996.81
2026/08/07 14:01:25.970, 7, 102602, 100, 1028.14
2026/08/07 14:01:26.470, 0, 101138, 100, 1007.91
2026/08/07 14:01:26.470, 1, 102592, 100, 1014.04
2026/08/07 14:01:26.470, 2, 102592, 100, 990.84
2026/08/07 14:01:26.470, 3, 102592, 100, 1001.23
2026/08/07 14:01:26.470, 4, 101148, 100, 998.42
2026/08/07 14:01:26.470, 5, 102602, 100, 1017.04
2026/08/07 14:01:26.470, 6, 102602, 100, 998.08
2026/08/07 14:01:26.470, 7, 102602, 100, 1026.46
2026/08/07 14:01:26.970, 0, 101138, 100, 1003.41
2026/08/07 14:01:26.970, 1, 102592, 100, 1007.33
2026/08/07 14:01:26.971, 2, 102592, 100, 991.54
2026/08/07 14:01:26.971, 3, 102592, 99, 994.79
2026/08/07 14:01:26.971, 4, 101148, 98, 987.55
2026/08/07 14:01:26.971, 5, 102602, 100, 1007.59
2026/08/07 14:01:26.971, 6, 102602, 100, 987.78
2026/08/07 14:01:26.971, 7, 102602, 100, 1015.79
2026/08/07 14:01:27.471, 0, 101138, 100, 1013.20
2026/08/07 14:01:27.471, 1, 102592, 100, 1018.05
2026/08/07 14:01:27.471, 2, 102592, 100, 1003.53
2026/08/07 14:01:27.471, 3, 102592, 100, 1007.22
2026/08/07 14:01:27.471, 4, 101148, 100, 985.50
2026/08/07 14:01:27.471, 5, 102602, 100, 1000.83
2026/08/07 14:01:27.471, 6, 102602, 100, 989.66
2026/08/07 14:01:27.471, 7, 102602, 100, 1012.94
2026/08/07 14:01:27.971, 0, 101138, 100, 1010.08
2026/08/07 14:01:27.971, 1, 102592, 100, 1022.02
2026/08/07 14:01:27.971, 2, 102592, 100, 997.13
2026/08/07 14:01:27.971, 3, 102592, 100, 1002.91
2026/08/07 14:01:27.971, 4, 101148, 100, 990.80
2026/08/07 14:01:27.971, 5, 102602, 100, 998.90
2026/08/07 14:01:27.971, 6, 102602, 100, 999.88
2026/08/07 14:01:27.971, 7, 102602, 100, 1012.54
2026/08/07 14:01:28.471, 0, 101138, 100, 1002.60
2026/08/07 14:01:28.471, 1, 102592, 100, 1014.74
2026/08/07 14:01:28.471, 2, 102592, 100, 990.72
2026/08/07 14:01:28.471, 3, 102592, 100, 994.98
2026/08/07 14:01:28.471, 4, 101148, 100, 987.23
2026/08/07 14:01:28.471, 5, 102602, 100, 1000.43
2026/08/07 14:01:28.471, 6, 102602, 100, 995.40
2026/08/07 14:01:28.471, 7, 102602, 100, 1009.76
2026/08/07 14:01:28.971, 0, 101138, 100, 995.89
2026/08/07 14:01:28.972, 1, 102592, 100, 1025.32
2026/08/07 14:01:28.972, 2, 102592, 100, 997.50
2026/08/07 14:01:28.972, 3, 102592, 100, 1002.75
2026/08/07 14:01:28.972, 4, 101148, 100, 990.89
2026/08/07 14:01:28.972, 5, 102602, 100, 1013.95
2026/08/07 14:01:28.972, 6, 102602, 100, 997.48
2026/08/07 14:01:28.972, 7, 102602, 100, 1018.72
2026/08/07 14:01:29.472, 0, 101138, 100, 991.69
2026/08/07 14:01:29.475, 1, 102592, 100, 1021.47
2026/08/07 14:01:29.475, 2, 102592, 99, 993.22
2026/08/07 14:01:29.478, 3, 102592, 100, 997.13
2026/08/07 14:01:29.479, 4, 101148, 100, 986.03
2026/08/07 14:01:29.482, 5, 102602, 100, 1005.10
2026/08/07 14:01:29.483, 6, 102602, 99, 992.41
2026/08/07 14:01:29.486, 7, 102602, 100, 1015.43
2026/08/07 14:01:29.987, 0, 101138, 100, 1002.15
2026/08/07 14:01:29.987, 1, 102592, 100, 1024.42
2026/08/07 14:01:29.987, 2, 102592, 100, 1002.66
2026/08/07 14:01:29.987, 3, 102592, 100, 1002.67
2026/08/07 14:01:29.987, 4, 101148, 100, 985.91
2026/08/07 14:01:29.987, 5, 102602, 100, 999.02
2026/08/07 14:01:29.987, 6, 102602, 100, 987.71
2026/08/07 14:01:29.987, 7, 102602, 100, 1013.17
2026/08/07 14:01:30.487, 0, 101138, 100, 1008.13
2026/08/07 14:01:30.487, 1, 102592, 100, 1027.90
2026/08/07 14:01:30.487, 2, 102592, 100, 1007.10
2026/08/07 14:01:30.487, 3, 102592, 100, 1007.83
2026/08/07 14:01:30.487, 4, 101148, 100, 985.67
2026/08/07 14:01:30.487, 5, 102602, 100, 1003.25
2026/08/07 14:01:30.487, 6, 102602, 100, 986.11
2026/08/07 14:01:30.487, 7, 102602, 100, 1012.21
2026/08/07 14:01:30.987, 0, 102638, 99, 964.25
2026/08/07 14:01:30.987, 1, 104092, 99, 979.43
2026/08/07 14:01:30.987, 2, 104092, 100, 947.33
2026/08/07 14:01:30.987, 3, 104092, 99, 965.18
2026/08/07 14:01:30.987, 4, 102648, 98, 946.02
2026/08/07 14:01:30.987, 5, 104102, 100, 964.69
2026/08/07 14:01:30.987, 6, 104102, 99, 937.75
2026/08/07 14:01:30.987, 7, 104102, 100, 980.60
2026/08/07 14:01:31.487, 0, 102638, 100, 883.13
2026/08/07 14:01:31.487, 1, 104092, 100, 894.59
2026/08/07 14:01:31.487, 2, 104092, 100, 861.75
2026/08/07 14:01:31.487, 3, 104092, 100, 884.63
2026/08/07 14:01:31.487, 4, 102648, 100, 873.84
2026/08/07 14:01:31.488, 5, 104102, 100, 889.61
2026/08/07 14:01:31.488, 6, 104102, 100, 858.85
2026/08/07 14:01:31.488, 7, 104102, 100, 905.04
2026/08/07 14:01:31.988, 0, 105638, 100, 840.97
2026/08/07 14:01:31.993, 1, 107092, 99, 839.24
2026/08/07 14:01:31.993, 2, 107092, 95, 801.30
2026/08/07 14:01:31.993, 3, 107092, 100, 843.97
2026/08/07 14:01:31.993, 4, 105648, 100, 830.28
2026/08/07 14:01:31.993, 5, 107102, 100, 843.64
2026/08/07 14:01:31.993, 6, 107102, 100, 811.12
2026/08/07 14:01:31.993, 7, 107102, 100, 844.77
2026/08/07 14:01:32.493, 0, 105638, 0, 545.95
2026/08/07 14:01:32.493, 1, 107092, 0, 539.05
2026/08/07 14:01:32.493, 2, 107092, 0, 487.92
2026/08/07 14:01:32.493, 3, 107092, 0, 561.51
2026/08/07 14:01:32.494, 4, 105648, 0, 560.87
2026/08/07 14:01:32.494, 5, 107102, 0, 556.34
2026/08/07 14:01:32.494, 6, 107102, 0, 528.68
2026/08/07 14:01:32.494, 7, 107102, 0, 535.86
2026/08/07 14:01:32.994, 0, 105638, 0, 239.14
2026/08/07 14:01:32.994, 1, 107092, 0, 228.96
2026/08/07 14:01:32.994, 2, 107092, 0, 201.23
2026/08/07 14:01:32.994, 3, 107092, 0, 240.27
2026/08/07 14:01:32.994, 4, 105648, 0, 258.07
2026/08/07 14:01:32.994, 5, 107102, 0, 239.42
2026/08/07 14:01:32.994, 6, 107102, 0, 228.39
2026/08/07 14:01:32.994, 7, 107102, 0, 229.14
2026/08/07 14:01:33.494, 0, 105638, 0, 204.09
2026/08/07 14:01:33.494, 1, 107092, 0, 210.15
2026/08/07 14:01:33.494, 2, 107092, 0, 198.74
2026/08/07 14:01:33.494, 3, 107092, 0, 217.32
2026/08/07 14:01:33.494, 4, 105648, 0, 200.21
2026/08/07 14:01:33.494, 5, 107102, 0, 205.33
2026/08/07 14:01:33.494, 6, 107102, 0, 200.76
2026/08/07 14:01:33.494, 7, 107102, 0, 207.73
2026/08/07 14:01:33.994, 0, 105638, 0, 203.82
2026/08/07 14:01:33.994, 1, 107092, 0, 209.40
2026/08/07 14:01:33.994, 2, 107092, 0, 198.34
2026/08/07 14:01:33.994, 3, 107092, 0, 216.31
2026/08/07 14:01:33.994, 4, 105648, 0, 199.87
2026/08/07 14:01:33.994, 5, 107102, 0, 204.38
2026/08/07 14:01:33.994, 6, 107102, 0, 200.06
2026/08/07 14:01:33.994, 7, 107102, 0, 207.19
2026/08/07 14:01:34.495, 0, 105638, 0, 203.20
2026/08/07 14:01:34.495, 1, 107092, 0, 208.95
2026/08/07 14:01:34.496, 2, 107092, 0, 198.17
2026/08/07 14:01:34.496, 3, 107092, 0, 215.35
2026/08/07 14:01:34.497, 4, 105648, 0, 199.87
2026/08/07 14:01:34.498, 5, 107102, 0, 203.80
2026/08/07 14:01:34.498, 6, 107102, 0, 199.95
2026/08/07 14:01:34.499, 7, 107102, 0, 206.51
