2026/08/07 12:32:08.145, 0, 70820, 0, 200.26
2026/08/07 12:32:08.183, 1, 70786, 26, 205.21
2026/08/07 12:32:08.206, 2, 70786, 54, 195.24
2026/08/07 12:32:08.222, 3, 70786, 10, 211.20
2026/08/07 12:32:08.235, 4, 0, 0, 134.32
2026/08/07 12:32:08.253, 5, 0, 0, 134.25
2026/08/07 12:32:08.262, 6, 0, 0, 132.31
2026/08/07 12:32:08.272, 7, 0, 0, 134.11
2026/08/07 12:32:08.787, 0, 70822, 0, 312.08
2026/08/07 12:32:08.787, 1, 70788, 0, 260.72
2026/08/07 12:32:08.787, 2, 70788, 0, 246.89
2026/08/07 12:32:08.787, 3, 70788, 73, 265.19
2026/08/07 12:32:08.787, 4, 0, 0, 134.20
2026/08/07 12:32:08.787, 5, 0, 0, 134.24
2026/08/07 12:32:08.787, 6, 0, 0, 132.19
2026/08/07 12:32:08.787, 7, 0, 0, 134.12
2026/08/07 12:32:09.287, 0, 70822, 0, 309.82
2026/08/07 12:32:09.287, 1, 70788, 0, 259.45
2026/08/07 12:32:09.287, 2, 70788, 0, 246.13
2026/08/07 12:32:09.287, 3, 70788, 0, 264.28
2026/08/07 12:32:09.287, 4, 0, 0, 134.20
2026/08/07 12:32:09.288, 5, 0, 0, 134.24
2026/08/07 12:32:09.288, 6, 0, 0, 132.23
2026/08/07 12:32:09.288, 7, 0, 0, 134.09
2026/08/07 12:32:09.799, 0, 70822, 0, 200.88
2026/08/07 12:32:09.799, 1, 70788, 0, 205.59
2026/08/07 12:32:09.799, 2, 70788, 0, 195.66
2026/08/07 12:32:09.799, 3, 70788, 0, 211.48
2026/08/07 12:32:09.799, 4, 0, 0, 134.18
2026/08/07 12:32:09.799, 5, 0, 0, 134.25
2026/08/07 12:32:09.799, 6, 0, 0, 132.22
2026/08/07 12:32:09.799, 7, 0, 0, 133.96
2026/08/07 12:32:10.299, 0, 70822, 100, 548.46
2026/08/07 12:32:10.299, 1, 70788, 100, 540.24
2026/08/07 12:32:10.300, 2, 70788, 100, 548.09
2026/08/07 12:32:10.300, 3, 70788, 100, 564.69
2026/08/07 12:32:10.300, 4, 0, 0, 134.17
2026/08/07 12:32:10.300, 5, 0, 0, 134.36
2026/08/07 12:32:10.300, 6, 0, 0, 132.22
2026/08/07 12:32:10.300, 7, 0, 0, 134.14
2026/08/07 12:32:10.800, 0, 70822, 100, 935.60
2026/08/07 12:32:10.800, 1, 70788, 100, 939.59
2026/08/07 12:32:10.800, 2, 70788, 100, 935.78
2026/08/07 12:32:10.800, 3, 70788, 100, 944.61
2026/08/07 12:32:10.800, 4, 0, 0, 134.16
2026/08/07 12:32:10.800, 5, 0, 0, 134.36
2026/08/07 12:32:10.800, 6, 0, 0, 132.23
2026/08/07 12:32:10.800, 7, 0, 0, 134.29
2026/08/07 12:32:11.300, 0, 70822, 98, 967.98
2026/08/07 12:32:11.300, 1, 70788, 100, 986.78
2026/08/07 12:32:11.300, 2, 70788, 99, 968.66
2026/08/07 12:32:11.300, 3, 70788, 98, 970.69
2026/08/07 12:32:11.300, 4, 0, 0, 134.17
2026/08/07 12:32:11.300, 5, 0, 0, 134.24
2026/08/07 12:32:11.300, 6, 0, 0, 132.23
2026/08/07 12:32:11.300, 7, 0, 0, 134.30
2026/08/07 12:32:11.800, 0, 70822, 100, 976.32
2026/08/07 12:32:11.800, 1, 70788, 100, 990.25
2026/08/07 12:32:11.800, 2, 70788, 100, 973.28
2026/08/07 12:32:11.800, 3, 70788, 100, 976.35
2026/08/07 12:32:11.800, 4, 0, 0, 134.18
2026/08/07 12:32:11.800, 5, 0, 0, 134.25
2026/08/07 12:32:11.800, 6, 0, 0, 132.23
2026/08/07 12:32:11.800, 7, 0, 0, 134.19
2026/08/07 12:32:12.300, 0, 70822, 100, 983.74
2026/08/07 12:32:12.301, 1, 70788, 100, 995.34
2026/08/07 12:32:12.301, 2, 70788, 100, 977.42
2026/08/07 12:32:12.301, 3, 70788, 100, 982.99
2026/08/07 12:32:12.301, 4, 0, 0, 134.18
2026/08/07 12:32:12.301, 5, 0, 0, 134.25
2026/08/07 12:32:12.301, 6, 0, 0, 132.24
2026/08/07 12:32:12.301, 7, 0, 0, 134.18
2026/08/07 12:32:12.801, 0, 70822, 100, 972.86
2026/08/07 12:32:12.801, 1, 70788, 100, 989.37
2026/08/07 12:32:12.801, 2, 70788, 100, 970.39
2026/08/07 12:32:12.801, 3, 70788, 100, 982.25
2026/08/07 12:32:12.801, 4, 0, 0, 134.33
2026/08/07 12:32:12.801, 5, 0, 0, 134.25
2026/08/07 12:32:12.801, 6, 0, 0, 132.35
2026/08/07 12:32:12.801, 7, 0, 0, 134.20
2026/08/07 12:32:13.301, 0, 70822, 100, 976.10
2026/08/07 12:32:13.301, 1, 70788, 100, 989.38
2026/08/07 12:32:13.301, 2, 70788, 100, 968.89
2026/08/07 12:32:13.301, 3, 70788, 100, 981.00
2026/08/07 12:32:13.301, 4, 0, 0, 134.35
2026/08/07 12:32:13.301, 5, 0, 0, 134.25
2026/08/07 12:32:13.301, 6, 0, 0, 132.35
2026/08/07 12:32:13.301, 7, 0, 0, 134.27
2026/08/07 12:32:13.801, 0, 70822, 100, 975.86
2026/08/07 12:32:13.801, 1, 70788, 100, 988.29
2026/08/07 12:32:13.801, 2, 70788, 100, 970.79
2026/08/07 12:32:13.801, 3, 70788, 100, 973.04
2026/08/07 12:32:13.801, 4, 0, 0, 134.19
2026/08/07 12:32:13.801, 5, 0, 0, 134.25
2026/08/07 12:32:13.801, 6, 0, 0, 132.24
2026/08/07 12:32:13.801, 7, 0, 0, 134.29
2026/08/07 12:32:14.301, 0, 70822, 100, 979.43
2026/08/07 12:32:14.301, 1, 70788, 100, 992.82
2026/08/07 12:32:14.301, 2, 70788, 100, 972.56
2026/08/07 12:32:14.301, 3, 70788, 100, 980.78
2026/08/07 12:32:14.301, 4, 0, 0, 134.18
2026/08/07 12:32:14.301, 5, 0, 0, 134.25
2026/08/07 12:32:14.301, 6, 0, 0, 132.23
2026/08/07 12:32:14.301, 7, 0, 0, 134.22
2026/08/07 12:32:14.802, 0, 70822, 100, 985.29
2026/08/07 12:32:14.802, 1, 70788, 100, 995.43
2026/08/07 12:32:14.802, 2, 70788, 100, 976.63
2026/08/07 12:32:14.802, 3, 70788, 100, 983.11
2026/08/07 12:32:14.802, 4, 0, 0, 134.17
2026/08/07 12:32:14.802, 5, 0, 0, 134.25
2026/08/07 12:32:14.802, 6, 0, 0, 132.24
2026/08/07 12:32:14.802, 7, 0, 0, 134.15
2026/08/07 12:32:15.302, 0, 70822, 100, 978.88
2026/08/07 12:32:15.302, 1, 70788, 100, 988.64
2026/08/07 12:32:15.302, 2, 70788, 100, 972.67
2026/08/07 12:32:15.302, 3, 70788, 100, 978.74
2026/08/07 12:32:15.302, 4, 0, 0, 134.17
2026/08/07 12:32:15.302, 5, 0, 0, 134.36
2026/08/07 12:32:15.302, 6, 0, 0, 132.23
2026/08/07 12:32:15.302, 7, 0, 0, 134.20
2026/08/07 12:32:15.802, 0, 70822, 100, 980.01
2026/08/07 12:32:15.802, 1, 70788, 100, 993.41
2026/08/07 12:32:15.802, 2, 70788, 100, 973.92
2026/08/07 12:32:15.802, 3, 70788, 100, 988.12
2026/08/07 12:32:15.802, 4, 0, 0, 134.18
2026/08/07 12:32:15.802, 5, 0, 0, 134.36
2026/08/07 12:32:15.802, 6, 0, 0, 132.23
2026/08/07 12:32:15.802, 7, 0, 0, 134.32
2026/08/07 12:32:16.302, 0, 70822, 99, 980.82
2026/08/07 12:32:16.302, 1, 70788, 100, 992.93
2026/08/07 12:32:16.302, 2, 70788, 99, 972.09
2026/08/07 12:32:16.302, 3, 70788, 99, 979.86
2026/08/07 12:32:16.302, 4, 0, 0, 134.18
2026/08/07 12:32:16.302, 5, 0, 0, 134.24
2026/08/07 12:32:16.302, 6, 0, 0, 132.23
2026/08/07 12:32:16.302, 7, 0, 0, 134.25
2026/08/07 12:32:16.802, 0, 70822, 100, 983.04
2026/08/07 12:32:16.802, 1, 70788, 100, 997.08
2026/08/07 12:32:16.802, 2, 70788, 100, 976.46
2026/08/07 12:32:16.802, 3, 70788, 100, 980.50
2026/08/07 12:32:16.802, 4, 0, 0, 134.17
2026/08/07 12:32:16.802, 5, 0, 0, 134.25
2026/08/07 12:32:16.802, 6, 0, 0, 132.23
2026/08/07 12:32:16.802, 7, 0, 0, 134.16
2026/08/07 12:32:17.302, 0, 70822, 100, 987.33
2026/08/07 12:32:17.302, 1, 70788, 100, 1000.54
2026/08/07 12:32:17.302, 2, 70788, 100, 976.80
2026/08/07 12:32:17.302, 3, 70788, 100, 988.09
2026/08/07 12:32:17.303, 4, 0, 0, 134.17
2026/08/07 12:32:17.303, 5, 0, 0, 134.25
2026/08/07 12:32:17.303, 6, 0, 0, 132.23
2026/08/07 12:32:17.303, 7, 0, 0, 134.21
2026/08/07 12:32:17.803, 0, 70822, 100, 980.59
2026/08/07 12:32:17.803, 1, 70788, 100, 991.89
2026/08/07 12:32:17.803, 2, 70788, 100, 972.00
2026/08/07 12:32:17.803, 3, 70788, 100, 978.67
2026/08/07 12:32:17.803, 4, 0, 0, 134.28
2026/08/07 12:32:17.803, 5, 0, 0, 134.25
2026/08/07 12:32:17.803, 6, 0, 0, 132.39
2026/08/07 12:32:17.803, 7, 0, 0, 134.26
2026/08/07 12:32:18.303, 0, 70822, 100, 981.28
2026/08/07 12:32:18.303, 1, 70788, 100, 999.01
2026/08/07 12:32:18.303, 2, 70788, 100, 974.32
2026/08/07 12:32:18.303, 3, 70788, 100, 974.97
2026/08/07 12:32:18.303, 4, 0, 0, 134.28
2026/08/07 12:32:18.303, 5, 0, 0, 134.24
2026/08/07 12:32:18.303, 6, 0, 0, 132.39
2026/08/07 12:32:18.303, 7, 0, 0, 134.26
2026/08/07 12:32:18.803, 0, 70822, 100, 980.47
2026/08/07 12:32:18.803, 1, 70788, 100, 994.28
2026/08/07 12:32:18.803, 2, 70788, 100, 966.71
2026/08/07 12:32:18.803, 3, 70788, 100, 979.35
2026/08/07 12:32:18.803, 4, 0, 0, 134.18
2026/08/07 12:32:18.803, 5, 0, 0, 134.24
2026/08/07 12:32:18.803, 6, 0, 0, 132.24
2026/08/07 12:32:18.803, 7, 0, 0, 134.26
2026/08/07 12:32:19.303, 0, 70822, 100, 980.97
2026/08/07 12:32:19.303, 1, 70788, 100, 993.60
2026/08/07 12:32:19.303, 2, 70788, 100, 970.09
2026/08/07 12:32:19.303, 3, 70788, 100, 984.93
2026/08/07 12:32:19.303, 4, 0, 0, 134.18
2026/08/07 12:32:19.303, 5, 0, 0, 134.24
2026/08/07 12:32:19.303, 6, 0, 0, 132.24
2026/08/07 12:32:19.303, 7, 0, 0, 134.25
2026/08/07 12:32:19.803, 0, 70822, 100, 984.29
2026/08/07 12:32:19.803, 1, 70788, 100, 1000.33
2026/08/07 12:32:19.803, 2, 70788, 100, 977.23
2026/08/07 12:32:19.803, 3, 70788, 100, 985.29
2026/08/07 12:32:19.803, 4, 0, 0, 134.17
2026/08/07 12:32:19.803, 5, 0, 0, 134.25
2026/08/07 12:32:19.803, 6, 0, 0, 132.23
2026/08/07 12:32:19.803, 7, 0, 0, 134.14
2026/08/07 12:32:20.304, 0, 70822, 100, 974.46
2026/08/07 12:32:20.304, 1, 70788, 100, 999.19
2026/08/07 12:32:20.305, 2, 70788, 100, 974.99
2026/08/07 12:32:20.306, 3, 70788, 100, 982.51
2026/08/07 12:32:20.307, 4, 0, 0, 134.16
2026/08/07 12:32:20.307, 5, 0, 0, 134.36
2026/08/07 12:32:20.308, 6, 0, 0, 132.23
2026/08/07 12:32:20.309, 7, 0, 0, 134.18
2026/08/07 12:32:20.810, 0, 70822, 100, 975.26
2026/08/07 12:32:20.810, 1, 70788, 100, 1002.10
2026/08/07 12:32:20.810, 2, 70788, 100, 972.69
2026/08/07 12:32:20.810, 3, 70788, 100, 985.30
2026/08/07 12:32:20.810, 4, 0, 0, 134.16
2026/08/07 12:32:20.810, 5, 0, 0, 134.36
2026/08/07 12:32:20.810, 6, 0, 0, 132.24
2026/08/07 12:32:20.810, 7, 0, 0, 134.34
2026/08/07 12:32:21.310, 0, 70822, 98, 977.51
2026/08/07 12:32:21.310, 1, 70788, 99, 997.87
2026/08/07 12:32:21.310, 2, 70788, 99, 972.04
2026/08/07 12:32:21.310, 3, 70788, 99, 981.34
2026/08/07 12:32:21.310, 4, 0, 0, 134.17
2026/08/07 12:32:21.310, 5, 0, 0, 134.28
2026/08/07 12:32:21.310, 6, 0, 0, 132.23
2026/08/07 12:32:21.310, 7, 0, 0, 134.32
2026/08/07 12:32:21.810, 0, 70822, 100, 981.25
2026/08/07 12:32:21.810, 1, 70788, 100, 1002.44
2026/08/07 12:32:21.810, 2, 70788, 100, 981.38
2026/08/07 12:32:21.810, 3, 70788, 100, 982.16
2026/08/07 12:32:21.810, 4, 0, 0, 134.18
2026/08/07 12:32:21.810, 5, 0, 0, 134.24
2026/08/07 12:32:21.810, 6, 0, 0, 132.24
2026/08/07 12:32:21.811, 7, 0, 0, 134.24
2026/08/07 12:32:22.311, 0, 70822, 100, 982.59
2026/08/07 12:32:22.311, 1, 70788, 100, 1006.92
2026/08/07 12:32:22.311, 2, 70788, 100, 980.60
2026/08/07 12:32:22.311, 3, 70788, 100, 990.18
2026/08/07 12:32:22.311, 4, 0, 0, 134.16
2026/08/07 12:32:22.311, 5, 0, 0, 134.25
2026/08/07 12:32:22.311, 6, 0, 0, 132.24
2026/08/07 12:32:22.311, 7, 0, 0, 134.15
2026/08/07 12:32:22.811, 0, 70822, 100, 977.16
2026/08/07 12:32:22.811, 1, 70788, 100, 1002.06
2026/08/07 12:32:22.811, 2, 70788, 100, 967.63
2026/08/07 12:32:22.812, 3, 70788, 100, 983.93
2026/08/07 12:32:22.813, 4, 0, 0, 134.28
2026/08/07 12:32:22.813, 5, 0, 0, 134.25
2026/08/07 12:32:22.813, 6, 0, 0, 132.30
2026/08/07 12:32:22.814, 7, 0, 0, 134.14
2026/08/07 12:32:23.315, 0, 70822, 100, 987.46
2026/08/07 12:32:23.315, 1, 70788, 100, 1002.21
2026/08/07 12:32:23.315, 2, 70788, 100, 972.85
2026/08/07 12:32:23.315, 3, 70788, 100, 981.23
2026/08/07 12:32:23.315, 4, 0, 0, 134.28
2026/08/07 12:32:23.315, 5, 0, 0, 134.25
2026/08/07 12:32:23.315, 6, 0, 0, 132.30
2026/08/07 12:32:23.315, 7, 0, 0, 134.21
2026/08/07 12:32:23.815, 0, 70822, 100, 986.11
2026/08/07 12:32:23.815, 1, 70788, 100, 997.88
2026/08/07 12:32:23.815, 2, 70788, 100, 972.28
2026/08/07 12:32:23.815, 3, 70788, 100, 975.44
2026/08/07 12:32:23.815, 4, 0, 0, 134.17
2026/08/07 12:32:23.815, 5, 0, 0, 134.25
2026/08/07 12:32:23.815, 6, 0, 0, 132.23
2026/08/07 12:32:23.815, 7, 0, 0, 134.21
2026/08/07 12:32:24.315, 0, 70822, 100, 983.27
2026/08/07 12:32:24.315, 1, 70788, 100, 1001.82
2026/08/07 12:32:24.315, 2, 70788, 100, 972.82
2026/08/07 12:32:24.315, 3, 70788, 100, 988.08
2026/08/07 12:32:24.315, 4, 0, 0, 134.17
2026/08/07 12:32:24.315, 5, 0, 0, 134.24
2026/08/07 12:32:24.315, 6, 0, 0, 132.23
2026/08/07 12:32:24.315, 7, 0, 0, 134.21
2026/08/07 12:32:24.816, 0, 70822, 100, 985.90
2026/08/07 12:32:24.816, 1, 70788, 100, 1005.02
2026/08/07 12:32:24.816, 2, 70788, 100, 976.95
2026/08/07 12:32:24.816, 3, 70788, 100, 995.06
2026/08/07 12:32:24.816, 4, 0, 0, 134.16
2026/08/07 12:32:24.816, 5, 0, 0, 134.25
2026/08/07 12:32:24.816, 6, 0, 0, 132.22
2026/08/07 12:32:24.816, 7, 0, 0, 134.18
2026/08/07 12:32:25.316, 0, 70822, 100, 983.54
2026/08/07 12:32:25.321, 1, 70788, 100, 1000.33
2026/08/07 12:32:25.321, 2, 70788, 100, 971.62
2026/08/07 12:32:25.321, 3, 70788, 100, 988.09
2026/08/07 12:32:25.321, 4, 0, 0, 134.16
2026/08/07 12:32:25.321, 5, 0, 0, 134.36
2026/08/07 12:32:25.321, 6, 0, 0, 132.23
2026/08/07 12:32:25.321, 7, 0, 0, 134.19
2026/08/07 12:32:25.821, 0, 70822, 100, 983.60
2026/08/07 12:32:25.821, 1, 70788, 100, 1001.59
2026/08/07 12:32:25.821, 2, 70788, 100, 975.33
2026/08/07 12:32:25.821, 3, 70788, 100, 989.16
2026/08/07 12:32:25.821, 4, 0, 0, 134.16
2026/08/07 12:32:25.821, 5, 0, 0, 134.36
2026/08/07 12:32:25.821, 6, 0, 0, 132.23
2026/08/07 12:32:25.821, 7, 0, 0, 134.27
2026/08/07 12:32:26.321, 0, 70822, 99, 982.89
2026/08/07 12:32:26.321, 1, 70788, 99, 999.80
2026/08/07 12:32:26.321, 2, 70788, 100, 971.04
2026/08/07 12:32:26.321, 3, 70788, 99, 981.41
2026/08/07 12:32:26.321, 4, 0, 0, 134.17
2026/08/07 12:32:26.321, 5, 0, 0, 134.28
2026/08/07 12:32:26.321, 6, 0, 0, 132.22
2026/08/07 12:32:26.321, 7, 0, 0, 134.24
2026/08/07 12:32:26.821, 0, 70822, 100, 984.02
2026/08/07 12:32:26.821, 1, 70788, 100, 1000.28
2026/08/07 12:32:26.821, 2, 70788, 100, 973.13
2026/08/07 12:32:26.821, 3, 70788, 100, 984.01
2026/08/07 12:32:26.821, 4, 0, 0, 134.17
2026/08/07 12:32:26.821, 5, 0, 0, 134.25
2026/08/07 12:32:26.821, 6, 0, 0, 132.23
2026/08/07 12:32:26.821, 7, 0, 0, 134.12
2026/08/07 12:32:27.321, 0, 70822, 100, 986.61
2026/08/07 12:32:27.322, 1, 70788, 100, 1004.60
2026/08/07 12:32:27.322, 2, 70788, 100, 976.85
2026/08/07 12:32:27.322, 3, 70788, 100, 988.83
2026/08/07 12:32:27.322, 4, 0, 0, 134.18
2026/08/07 12:32:27.322, 5, 0, 0, 134.25
2026/08/07 12:32:27.322, 6, 0, 0, 132.25
2026/08/07 12:32:27.322, 7, 0, 0, 134.04
2026/08/07 12:32:27.822, 0, 70822, 100, 983.19
2026/08/07 12:32:27.822, 1, 70788, 100, 1005.39
2026/08/07 12:32:27.822, 2, 70788, 100, 973.02
2026/08/07 12:32:27.822, 3, 70788, 100, 987.61
2026/08/07 12:32:27.822, 4, 0, 0, 134.30
2026/08/07 12:32:27.822, 5, 0, 0, 134.25
2026/08/07 12:32:27.822, 6, 0, 0, 132.38
2026/08/07 12:32:27.823, 7, 0, 0, 134.07
2026/08/07 12:32:28.323, 0, 70822, 100, 984.02
2026/08/07 12:32:28.323, 1, 70788, 100, 1006.49
2026/08/07 12:32:28.323, 2, 70788, 100, 978.34
2026/08/07 12:32:28.323, 3, 70788, 100, 993.47
2026/08/07 12:32:28.323, 4, 0, 0, 134.30
2026/08/07 12:32:28.323, 5, 0, 0, 134.25
2026/08/07 12:32:28.323, 6, 0, 0, 132.37
2026/08/07 12:32:28.323, 7, 0, 0, 134.24
2026/08/07 12:32:28.823, 0, 70822, 100, 984.61
2026/08/07 12:32:28.823, 1, 70788, 100, 999.51
2026/08/07 12:32:28.823, 2, 70788, 99, 977.74
2026/08/07 12:32:28.823, 3, 70788, 100, 983.07
2026/08/07 12:32:28.823, 4, 0, 0, 134.19
2026/08/07 12:32:28.823, 5, 0, 0, 134.25
2026/08/07 12:32:28.823, 6, 0, 0, 132.25
2026/08/07 12:32:28.823, 7, 0, 0, 134.24
2026/08/07 12:32:29.323, 0, 70822, 100, 986.72
2026/08/07 12:32:29.323, 1, 70788, 100, 1001.09
2026/08/07 12:32:29.323, 2, 70788, 100, 979.13
2026/08/07 12:32:29.323, 3, 70788, 100, 976.60
2026/08/07 12:32:29.323, 4, 0, 0, 134.18
2026/08/07 12:32:29.323, 5, 0, 0, 134.25
2026/08/07 12:32:29.323, 6, 0, 0, 132.26
2026/08/07 12:32:29.323, 7, 0, 0, 134.23
2026/08/07 12:32:29.823, 0, 70822, 100, 986.06
2026/08/07 12:32:29.823, 1, 70788, 100, 1004.40
2026/08/07 12:32:29.823, 2, 70788, 100, 979.92
2026/08/07 12:32:29.823, 3, 70788, 100, 977.33
2026/08/07 12:32:29.823, 4, 0, 0, 134.18
2026/08/07 12:32:29.823, 5, 0, 0, 134.25
2026/08/07 12:32:29.823, 6, 0, 0, 132.24
2026/08/07 12:32:29.823, 7, 0, 0, 134.19
2026/08/07 12:32:30.323, 0, 70822, 100, 975.61
2026/08/07 12:32:30.323, 1, 70788, 100, 997.18
2026/08/07 12:32:30.323, 2, 70788, 100, 976.64
2026/08/07 12:32:30.323, 3, 70788, 100, 978.24
2026/08/07 12:32:30.323, 4, 0, 0, 134.18
2026/08/07 12:32:30.323, 5, 0, 0, 134.36
2026/08/07 12:32:30.323, 6, 0, 0, 132.21
2026/08/07 12:32:30.323, 7, 0, 0, 134.04
2026/08/07 12:32:30.823, 0, 70822, 100, 981.04
2026/08/07 12:32:30.823, 1, 70788, 100, 1003.46
2026/08/07 12:32:30.823, 2, 70788, 100, 978.16
2026/08/07 12:32:30.823, 3, 70788, 100, 989.36
2026/08/07 12:32:30.823, 4, 0, 0, 134.19
2026/08/07 12:32:30.823, 5, 0, 0, 134.36
2026/08/07 12:32:30.824, 6, 0, 0, 132.19
2026/08/07 12:32:30.824, 7, 0, 0, 134.11
2026/08/07 12:32:31.324, 0, 70822, 99, 981.53
2026/08/07 12:32:31.324, 1, 70788, 99, 997.55
2026/08/07 12:32:31.324, 2, 70788, 100, 970.67
2026/08/07 12:32:31.324, 3, 70788, 99, 993.12
2026/08/07 12:32:31.324, 4, 0, 0, 134.21
2026/08/07 12:32:31.324, 5, 0, 0, 134.28
2026/08/07 12:32:31.324, 6, 0, 0, 132.22
2026/08/07 12:32:31.324, 7, 0, 0, 134.04
2026/08/07 12:32:31.824, 0, 70822, 100, 980.69
2026/08/07 12:32:31.824, 1, 70788, 100, 997.34
2026/08/07 12:32:31.824, 2, 70788, 100, 972.80
2026/08/07 12:32:31.824, 3, 70788, 100, 988.93
2026/08/07 12:32:31.824, 4, 0, 0, 134.21
2026/08/07 12:32:31.824, 5, 0, 0, 134.25
2026/08/07 12:32:31.824, 6, 0, 0, 132.26
2026/08/07 12:32:31.824, 7, 0, 0, 133.95
2026/08/07 12:32:32.324, 0, 70822, 100, 987.14
2026/08/07 12:32:32.324, 1, 70788, 100, 1003.37
2026/08/07 12:32:32.324, 2, 70788, 100, 979.56
2026/08/07 12:32:32.324, 3, 70788, 100, 988.08
2026/08/07 12:32:32.324, 4, 0, 0, 134.20
2026/08/07 12:32:32.324, 5, 0, 0, 134.24
2026/08/07 12:32:32.324, 6, 0, 0, 132.25
2026/08/07 12:32:32.324, 7, 0, 0, 134.15
2026/08/07 12:32:32.824, 0, 70822, 100, 979.69
2026/08/07 12:32:32.824, 1, 70788, 100, 1000.78
2026/08/07 12:32:32.824, 2, 70788, 100, 975.62
2026/08/07 12:32:32.824, 3, 70788, 100, 988.36
2026/08/07 12:32:32.824, 4, 0, 0, 134.30
2026/08/07 12:32:32.824, 5, 0, 0, 134.25
2026/08/07 12:32:32.824, 6, 0, 0, 132.31
2026/08/07 12:32:32.824, 7, 0, 0, 134.08
2026/08/07 12:32:33.324, 0, 70822, 100, 982.66
2026/08/07 12:32:33.324, 1, 70788, 100, 1005.68
2026/08/07 12:32:33.324, 2, 70788, 100, 973.27
2026/08/07 12:32:33.324, 3, 70788, 100, 996.28
2026/08/07 12:32:33.324, 4, 0, 0, 134.29
2026/08/07 12:32:33.324, 5, 0, 0, 134.25
2026/08/07 12:32:33.324, 6, 0, 0, 132.31
2026/08/07 12:32:33.324, 7, 0, 0, 134.04
2026/08/07 12:32:33.824, 0, 70822, 100, 979.07
2026/08/07 12:32:33.825, 1, 70788, 100, 994.66
2026/08/07 12:32:33.825, 2, 70788, 99, 969.81
2026/08/07 12:32:33.825, 3, 70788, 100, 991.55
2026/08/07 12:32:33.825, 4, 0, 0, 134.18
2026/08/07 12:32:33.825, 5, 0, 0, 134.25
2026/08/07 12:32:33.825, 6, 0, 0, 132.26
2026/08/07 12:32:33.825, 7, 0, 0, 134.11
2026/08/07 12:32:34.325, 0, 70822, 100, 981.29
2026/08/07 12:32:34.325, 1, 70788, 100, 995.20
2026/08/07 12:32:34.325, 2, 70788, 100, 972.20
2026/08/07 12:32:34.325, 3, 70788, 100, 988.48
2026/08/07 12:32:34.325, 4, 0, 0, 134.19
2026/08/07 12:32:34.325, 5, 0, 0, 134.24
2026/08/07 12:32:34.325, 6, 0, 0, 132.26
2026/08/07 12:32:34.325, 7, 0, 0, 134.07
2026/08/07 12:32:34.825, 0, 70822, 100, 988.40
2026/08/07 12:32:34.825, 1, 70788, 100, 1002.21
2026/08/07 12:32:34.825, 2, 70788, 100, 974.71
2026/08/07 12:32:34.825, 3, 70788, 100, 992.67
2026/08/07 12:32:34.825, 4, 0, 0, 134.19
2026/08/07 12:32:34.825, 5, 0, 0, 134.25
2026/08/07 12:32:34.825, 6, 0, 0, 132.25
2026/08/07 12:32:34.825, 7, 0, 0, 134.00
2026/08/07 12:32:35.325, 0, 70822, 100, 981.61
2026/08/07 12:32:35.326, 1, 70788, 100, 998.85
2026/08/07 12:32:35.326, 2, 70788, 100, 968.75
2026/08/07 12:32:35.326, 3, 70788, 100, 987.90
2026/08/07 12:32:35.326, 4, 0, 0, 134.19
2026/08/07 12:32:35.326, 5, 0, 0, 134.36
2026/08/07 12:32:35.326, 6, 0, 0, 132.24
2026/08/07 12:32:35.326, 7, 0, 0, 134.04
2026/08/07 12:32:35.826, 0, 70822, 100, 981.50
2026/08/07 12:32:35.826, 1, 70788, 100, 1001.87
2026/08/07 12:32:35.826, 2, 70788, 100, 976.65
2026/08/07 12:32:35.826, 3, 70788, 100, 988.17
2026/08/07 12:32:35.826, 4, 0, 0, 134.18
2026/08/07 12:32:35.826, 5, 0, 0, 134.36
2026/08/07 12:32:35.826, 6, 0, 0, 132.24
2026/08/07 12:32:35.826, 7, 0, 0, 134.19
2026/08/07 12:32:36.326, 0, 70822, 100, 976.03
2026/08/07 12:32:36.326, 1, 70788, 99, 999.97
2026/08/07 12:32:36.326, 2, 70788, 100, 977.30
2026/08/07 12:32:36.326, 3, 70788, 99, 979.34
2026/08/07 12:32:36.326, 4, 0, 0, 134.18
2026/08/07 12:32:36.326, 5, 0, 0, 134.28
2026/08/07 12:32:36.326, 6, 0, 0, 132.26
2026/08/07 12:32:36.326, 7, 0, 0, 134.08
2026/08/07 12:32:36.826, 0, 70822, 100, 972.24
2026/08/07 12:32:36.826, 1, 70788, 100, 1005.01
2026/08/07 12:32:36.826, 2, 70788, 100, 976.26
2026/08/07 12:32:36.826, 3, 70788, 100, 978.97
2026/08/07 12:32:36.826, 4, 0, 0, 134.19
2026/08/07 12:32:36.826, 5, 0, 0, 134.25
2026/08/07 12:32:36.826, 6, 0, 0, 132.26
2026/08/07 12:32:36.826, 7, 0, 0, 134.00
2026/08/07 12:32:37.326, 0, 70822, 100, 973.89
2026/08/07 12:32:37.326, 1, 70788, 100, 1012.52
2026/08/07 12:32:37.326, 2, 70788, 100, 981.47
2026/08/07 12:32:37.326, 3, 70788, 100, 983.49
2026/08/07 12:32:37.326, 4, 0, 0, 134.19
2026/08/07 12:32:37.326, 5, 0, 0, 134.25
2026/08/07 12:32:37.326, 6, 0, 0, 132.21
2026/08/07 12:32:37.326, 7, 0, 0, 134.05
2026/08/07 12:32:37.827, 0, 70822, 100, 972.95
2026/08/07 12:32:37.827, 1, 70788, 100, 1005.24
2026/08/07 12:32:37.827, 2, 70788, 100, 975.82
2026/08/07 12:32:37.827, 3, 70788, 100, 984.85
2026/08/07 12:32:37.827, 4, 0, 0, 134.29
2026/08/07 12:32:37.827, 5, 0, 0, 134.25
2026/08/07 12:32:37.827, 6, 0, 0, 132.28
2026/08/07 12:32:37.827, 7, 0, 0, 134.01
2026/08/07 12:32:38.327, 0, 70822, 100, 984.04
2026/08/07 12:32:38.327, 1, 70788, 100, 1006.11
2026/08/07 12:32:38.327, 2, 70788, 100, 980.25
2026/08/07 12:32:38.327, 3, 70788, 100, 990.89
2026/08/07 12:32:38.327, 4, 0, 0, 134.28
2026/08/07 12:32:38.327, 5, 0, 0, 134.25
2026/08/07 12:32:38.327, 6, 0, 0, 132.27
2026/08/07 12:32:38.327, 7, 0, 0, 134.16
2026/08/07 12:32:38.827, 0, 70822, 98, 984.53
2026/08/07 12:32:38.827, 1, 70788, 100, 1002.62
2026/08/07 12:32:38.827, 2, 70788, 99, 977.27
2026/08/07 12:32:38.827, 3, 70788, 99, 990.29
2026/08/07 12:32:38.827, 4, 0, 0, 134.18
2026/08/07 12:32:38.827, 5, 0, 0, 134.25
2026/08/07 12:32:38.827, 6, 0, 0, 132.24
2026/08/07 12:32:38.827, 7, 0, 0, 134.19
2026/08/07 12:32:39.327, 0, 70822, 100, 980.96
2026/08/07 12:32:39.327, 1, 70788, 100, 1000.21
2026/08/07 12:32:39.327, 2, 70788, 100, 975.41
2026/08/07 12:32:39.327, 3, 70788, 100, 994.04
2026/08/07 12:32:39.327, 4, 0, 0, 134.18
2026/08/07 12:32:39.327, 5, 0, 0, 134.25
2026/08/07 12:32:39.327, 6, 0, 0, 132.25
2026/08/07 12:32:39.327, 7, 0, 0, 134.12
2026/08/07 12:32:39.827, 0, 70822, 100, 987.05
2026/08/07 12:32:39.827, 1, 70788, 100, 1006.39
2026/08/07 12:32:39.827, 2, 70788, 100, 982.20
2026/08/07 12:32:39.827, 3, 70788, 100, 994.23
2026/08/07 12:32:39.827, 4, 0, 0, 134.19
2026/08/07 12:32:39.827, 5, 0, 0, 134.25
2026/08/07 12:32:39.827, 6, 0, 0, 132.24
2026/08/07 12:32:39.827, 7, 0, 0, 134.05
2026/08/07 12:32:40.327, 0, 70822, 100, 982.77
2026/08/07 12:32:40.328, 1, 70788, 100, 1002.61
2026/08/07 12:32:40.329, 2, 70788, 100, 976.00
2026/08/07 12:32:40.329, 3, 70788, 100, 986.10
2026/08/07 12:32:40.329, 4, 0, 0, 134.19
2026/08/07 12:32:40.330, 5, 0, 0, 134.32
2026/08/07 12:32:40.330, 6, 0, 0, 132.24
2026/08/07 12:32:40.330, 7, 0, 0, 134.03
2026/08/07 12:32:40.831, 0, 70822, 100, 986.84
2026/08/07 12:32:40.831, 1, 70788, 100, 1007.55
2026/08/07 12:32:40.831, 2, 70788, 100, 975.75
2026/08/07 12:32:40.831, 3, 70788, 100, 990.20
2026/08/07 12:32:40.831, 4, 0, 0, 134.20
2026/08/07 12:32:40.831, 5, 0, 0, 134.32
2026/08/07 12:32:40.831, 6, 0, 0, 132.24
2026/08/07 12:32:40.831, 7, 0, 0, 134.23
2026/08/07 12:32:41.332, 0, 70822, 100, 983.11
2026/08/07 12:32:41.332, 1, 70788, 100, 1005.47
2026/08/07 12:32:41.332, 2, 70788, 100, 975.37
2026/08/07 12:32:41.332, 3, 70788, 100, 991.04
2026/08/07 12:32:41.332, 4, 0, 0, 134.20
2026/08/07 12:32:41.332, 5, 0, 0, 134.25
2026/08/07 12:32:41.332, 6, 0, 0, 132.24
2026/08/07 12:32:41.332, 7, 0, 0, 134.24
2026/08/07 12:32:41.832, 0, 70822, 100, 983.93
2026/08/07 12:32:41.832, 1, 70788, 100, 1006.73
2026/08/07 12:32:41.832, 2, 70788, 100, 981.68
2026/08/07 12:32:41.832, 3, 70788, 100, 993.61
2026/08/07 12:32:41.832, 4, 0, 0, 134.20
2026/08/07 12:32:41.832, 5, 0, 0, 134.25
2026/08/07 12:32:41.832, 6, 0, 0, 132.25
2026/08/07 12:32:41.832, 7, 0, 0, 133.95
2026/08/07 12:32:42.332, 0, 70822, 100, 991.98
2026/08/07 12:32:42.332, 1, 70788, 100, 1016.61
2026/08/07 12:32:42.332, 2, 70788, 100, 987.00
2026/08/07 12:32:42.332, 3, 70788, 100, 999.39
2026/08/07 12:32:42.332, 4, 0, 0, 134.20
2026/08/07 12:32:42.332, 5, 0, 0, 134.25
2026/08/07 12:32:42.332, 6, 0, 0, 132.26
2026/08/07 12:32:42.332, 7, 0, 0, 133.95
2026/08/07 12:32:42.832, 0, 70822, 100, 983.85
2026/08/07 12:32:42.832, 1, 70788, 100, 1009.85
2026/08/07 12:32:42.832, 2, 70788, 100, 976.13
2026/08/07 12:32:42.832, 3, 70788, 100, 990.68
2026/08/07 12:32:42.832, 4, 0, 0, 134.27
2026/08/07 12:32:42.832, 5, 0, 0, 134.25
2026/08/07 12:32:42.832, 6, 0, 0, 132.37
2026/08/07 12:32:42.832, 7, 0, 0, 134.10
2026/08/07 12:32:43.332, 0, 70822, 100, 987.50
2026/08/07 12:32:43.332, 1, 70788, 100, 1009.30
2026/08/07 12:32:43.332, 2, 70788, 100, 977.00
2026/08/07 12:32:43.332, 3, 70788, 100, 995.69
2026/08/07 12:32:43.332, 4, 0, 0, 134.26
2026/08/07 12:32:43.332, 5, 0, 0, 134.25
2026/08/07 12:32:43.332, 6, 0, 0, 132.36
2026/08/07 12:32:43.332, 7, 0, 0, 134.06
2026/08/07 12:32:43.833, 0, 70822, 99, 982.58
2026/08/07 12:32:43.833, 1, 70788, 99, 1007.15
2026/08/07 12:32:43.833, 2, 70788, 99, 978.88
2026/08/07 12:32:43.833, 3, 70788, 99, 995.79
2026/08/07 12:32:43.833, 4, 0, 0, 134.19
2026/08/07 12:32:43.833, 5, 0, 0, 134.25
2026/08/07 12:32:43.833, 6, 0, 0, 132.25
2026/08/07 12:32:43.833, 7, 0, 0, 133.90
2026/08/07 12:32:44.333, 0, 70822, 100, 981.84
2026/08/07 12:32:44.333, 1, 70788, 100, 1006.93
2026/08/07 12:32:44.333, 2, 70788, 100, 975.60
2026/08/07 12:32:44.333, 3, 70788, 100, 992.55
2026/08/07 12:32:44.333, 4, 0, 0, 134.20
2026/08/07 12:32:44.333, 5, 0, 0, 134.25
2026/08/07 12:32:44.333, 6, 0, 0, 132.25
2026/08/07 12:32:44.333, 7, 0, 0, 133.94
2026/08/07 12:32:44.833, 0, 70822, 100, 985.97
2026/08/07 12:32:44.833, 1, 70788, 100, 1008.15
2026/08/07 12:32:44.833, 2, 70788, 100, 977.14
2026/08/07 12:32:44.833, 3, 70788, 100, 997.28
2026/08/07 12:32:44.833, 4, 0, 0, 134.20
2026/08/07 12:32:44.833, 5, 0, 0, 134.25
2026/08/07 12:32:44.833, 6, 0, 0, 132.22
2026/08/07 12:32:44.833, 7, 0, 0, 134.06
2026/08/07 12:32:45.333, 0, 70822, 100, 980.02
2026/08/07 12:32:45.333, 1, 70788, 100, 998.57
2026/08/07 12:32:45.333, 2, 70788, 100, 977.09
2026/08/07 12:32:45.333, 3, 70788, 100, 987.10
2026/08/07 12:32:45.333, 4, 0, 0, 134.20
2026/08/07 12:32:45.333, 5, 0, 0, 134.32
2026/08/07 12:32:45.333, 6, 0, 0, 132.18
2026/08/07 12:32:45.333, 7, 0, 0, 134.02
2026/08/07 12:32:45.833, 0, 70822, 100, 986.99
2026/08/07 12:32:45.833, 1, 70788, 100, 1007.61
2026/08/07 12:32:45.834, 2, 70788, 100, 988.00
2026/08/07 12:32:45.835, 3, 70788, 100, 989.17
2026/08/07 12:32:45.835, 4, 0, 0, 134.20
2026/08/07 12:32:45.835, 5, 0, 0, 134.32
2026/08/07 12:32:45.836, 6, 0, 0, 132.21
2026/08/07 12:32:45.836, 7, 0, 0, 134.13
2026/08/07 12:32:46.338, 0, 70822, 100, 980.90
2026/08/07 12:32:46.338, 1, 70788, 100, 1009.96
2026/08/07 12:32:46.338, 2, 70788, 100, 982.95
2026/08/07 12:32:46.338, 3, 70788, 100, 991.43
2026/08/07 12:32:46.338, 4, 0, 0, 134.20
2026/08/07 12:32:46.338, 5, 0, 0, 134.25
2026/08/07 12:32:46.338, 6, 0, 0, 132.25
2026/08/07 12:32:46.338, 7, 0, 0, 133.98
2026/08/07 12:32:46.838, 0, 70822, 100, 980.64
2026/08/07 12:32:46.838, 1, 70788, 100, 1009.90
2026/08/07 12:32:46.838, 2, 70788, 100, 979.35
2026/08/07 12:32:46.838, 3, 70788, 100, 993.89
2026/08/07 12:32:46.838, 4, 0, 0, 134.22
2026/08/07 12:32:46.838, 5, 0, 0, 134.24
2026/08/07 12:32:46.838, 6, 0, 0, 132.23
2026/08/07 12:32:46.838, 7, 0, 0, 133.79
2026/08/07 12:32:47.338, 0, 70822, 100, 991.75
2026/08/07 12:32:47.338, 1, 70788, 100, 1010.87
2026/08/07 12:32:47.338, 2, 70788, 100, 983.36
2026/08/07 12:32:47.338, 3, 70788, 100, 994.39
2026/08/07 12:32:47.338, 4, 0, 0, 134.22
2026/08/07 12:32:47.338, 5, 0, 0, 134.25
2026/08/07 12:32:47.338, 6, 0, 0, 132.20
2026/08/07 12:32:47.338, 7, 0, 0, 133.86
2026/08/07 12:32:47.838, 0, 70822, 100, 984.81
2026/08/07 12:32:47.838, 1, 70788, 100, 1002.20
2026/08/07 12:32:47.838, 2, 70788, 100, 973.91
2026/08/07 12:32:47.838, 3, 70788, 100, 981.58
2026/08/07 12:32:47.838, 4, 0, 0, 134.35
2026/08/07 12:32:47.838, 5, 0, 0, 134.24
2026/08/07 12:32:47.838, 6, 0, 0, 132.34
2026/08/07 12:32:47.838, 7, 0, 0, 133.94
2026/08/07 12:32:48.338, 0, 70822, 100, 987.02
2026/08/07 12:32:48.338, 1, 70788, 100, 1010.12
2026/08/07 12:32:48.338, 2, 70788, 100, 970.76
2026/08/07 12:32:48.338, 3, 70788, 100, 990.29
2026/08/07 12:32:48.338, 4, 0, 0, 134.35
2026/08/07 12:32:48.338, 5, 0, 0, 134.25
2026/08/07 12:32:48.338, 6, 0, 0, 132.33
2026/08/07 12:32:48.338, 7, 0, 0, 133.99
2026/08/07 12:32:48.838, 0, 70822, 99, 986.99
2026/08/07 12:32:48.841, 1, 70788, 98, 1008.91
2026/08/07 12:32:48.841, 2, 70788, 99, 969.89
2026/08/07 12:32:48.841, 3, 70788, 99, 995.35
2026/08/07 12:32:48.841, 4, 0, 0, 134.21
2026/08/07 12:32:48.841, 5, 0, 0, 134.25
2026/08/07 12:32:48.841, 6, 0, 0, 132.15
2026/08/07 12:32:48.841, 7, 0, 0, 133.90
2026/08/07 12:32:49.341, 0, 70822, 100, 986.78
2026/08/07 12:32:49.341, 1, 70788, 100, 1005.67
2026/08/07 12:32:49.341, 2, 70788, 100, 974.86
2026/08/07 12:32:49.341, 3, 70788, 100, 996.21
2026/08/07 12:32:49.341, 4, 0, 0, 134.21
2026/08/07 12:32:49.341, 5, 0, 0, 134.25
2026/08/07 12:32:49.341, 6, 0, 0, 132.18
2026/08/07 12:32:49.341, 7, 0, 0, 133.95
2026/08/07 12:32:49.841, 0, 70822, 100, 989.71
2026/08/07 12:32:49.841, 1, 70788, 100, 1012.56
2026/08/07 12:32:49.841, 2, 70788, 100, 985.72
2026/08/07 12:32:49.841, 3, 70788, 100, 999.85
2026/08/07 12:32:49.841, 4, 0, 0, 134.22
2026/08/07 12:32:49.841, 5, 0, 0, 134.24
2026/08/07 12:32:49.841, 6, 0, 0, 132.26
2026/08/07 12:32:49.841, 7, 0, 0, 133.75
2026/08/07 12:32:50.341, 0, 70822, 100, 982.90
2026/08/07 12:32:50.341, 1, 70788, 100, 1010.74
2026/08/07 12:32:50.341, 2, 70788, 100, 977.78
2026/08/07 12:32:50.341, 3, 70788, 100, 994.34
2026/08/07 12:32:50.341, 4, 0, 0, 134.22
2026/08/07 12:32:50.341, 5, 0, 0, 134.32
2026/08/07 12:32:50.341, 6, 0, 0, 132.27
2026/08/07 12:32:50.341, 7, 0, 0, 133.75
2026/08/07 12:32:50.842, 0, 70822, 100, 985.06
2026/08/07 12:32:50.842, 1, 70788, 100, 1006.44
2026/08/07 12:32:50.843, 2, 70788, 100, 975.04
2026/08/07 12:32:50.843, 3, 70788, 100, 995.97
2026/08/07 12:32:50.843, 4, 0, 0, 134.20
2026/08/07 12:32:50.843, 5, 0, 0, 134.32
2026/08/07 12:32:50.843, 6, 0, 0, 132.22
2026/08/07 12:32:50.843, 7, 0, 0, 134.10
2026/08/07 12:32:51.343, 0, 70822, 100, 984.96
2026/08/07 12:32:51.343, 1, 70788, 100, 1002.30
2026/08/07 12:32:51.343, 2, 70788, 100, 974.34
2026/08/07 12:32:51.343, 3, 70788, 100, 993.95
2026/08/07 12:32:51.343, 4, 0, 0, 134.19
2026/08/07 12:32:51.343, 5, 0, 0, 134.24
2026/08/07 12:32:51.343, 6, 0, 0, 132.21
2026/08/07 12:32:51.343, 7, 0, 0, 134.02
2026/08/07 12:32:51.843, 0, 70822, 100, 986.45
2026/08/07 12:32:51.843, 1, 70788, 100, 1010.03
2026/08/07 12:32:51.843, 2, 70788, 100, 975.13
2026/08/07 12:32:51.843, 3, 70788, 100, 993.62
2026/08/07 12:32:51.843, 4, 0, 0, 134.21
2026/08/07 12:32:51.843, 5, 0, 0, 134.25
2026/08/07 12:32:51.843, 6, 0, 0, 132.26
2026/08/07 12:32:51.843, 7, 0, 0, 133.75
2026/08/07 12:32:52.343, 0, 70822, 100, 985.12
2026/08/07 12:32:52.343, 1, 70788, 100, 1015.97
2026/08/07 12:32:52.343, 2, 70788, 100, 979.74
2026/08/07 12:32:52.343, 3, 70788, 100, 993.32
2026/08/07 12:32:52.343, 4, 0, 0, 134.23
2026/08/07 12:32:52.343, 5, 0, 0, 134.25
2026/08/07 12:32:52.343, 6, 0, 0, 132.27
2026/08/07 12:32:52.343, 7, 0, 0, 133.68
2026/08/07 12:32:52.844, 0, 70822, 100, 979.79
2026/08/07 12:32:52.844, 1, 70788, 100, 1008.10
2026/08/07 12:32:52.844, 2, 70788, 100, 970.76
2026/08/07 12:32:52.844, 3, 70788, 100, 984.07
2026/08/07 12:32:52.844, 4, 0, 0, 134.33
2026/08/07 12:32:52.844, 5, 0, 0, 134.25
2026/08/07 12:32:52.844, 6, 0, 0, 132.35
2026/08/07 12:32:52.844, 7, 0, 0, 133.59
2026/08/07 12:32:53.344, 0, 70822, 100, 989.29
2026/08/07 12:32:53.344, 1, 70788, 100, 1008.64
2026/08/07 12:32:53.344, 2, 70788, 100, 975.58
2026/08/07 12:32:53.344, 3, 70788, 100, 990.31
2026/08/07 12:32:53.344, 4, 0, 0, 134.33
2026/08/07 12:32:53.344, 5, 0, 0, 134.24
2026/08/07 12:32:53.344, 6, 0, 0, 132.30
2026/08/07 12:32:53.344, 7, 0, 0, 133.59
2026/08/07 12:32:53.844, 0, 70822, 99, 987.27
2026/08/07 12:32:53.844, 1, 70788, 99, 1003.89
2026/08/07 12:32:53.844, 2, 70788, 100, 979.78
2026/08/07 12:32:53.844, 3, 70788, 98, 984.80
2026/08/07 12:32:53.844, 4, 0, 0, 134.22
2026/08/07 12:32:53.844, 5, 0, 0, 134.25
2026/08/07 12:32:53.844, 6, 0, 0, 132.18
2026/08/07 12:32:53.844, 7, 0, 0, 133.72
2026/08/07 12:32:54.344, 0, 70822, 100, 982.72
2026/08/07 12:32:54.344, 1, 70788, 100, 1005.80
2026/08/07 12:32:54.344, 2, 70788, 100, 975.47
2026/08/07 12:32:54.344, 3, 70788, 100, 987.78
2026/08/07 12:32:54.344, 4, 0, 0, 134.19
2026/08/07 12:32:54.344, 5, 0, 0, 134.25
2026/08/07 12:32:54.344, 6, 0, 0, 132.22
2026/08/07 12:32:54.344, 7, 0, 0, 133.64
2026/08/07 12:32:54.844, 0, 70822, 100, 985.17
2026/08/07 12:32:54.844, 1, 70788, 100, 1013.10
2026/08/07 12:32:54.844, 2, 70788, 100, 977.73
2026/08/07 12:32:54.844, 3, 70788, 100, 999.54
2026/08/07 12:32:54.844, 4, 0, 0, 134.18
2026/08/07 12:32:54.844, 5, 0, 0, 134.24
2026/08/07 12:32:54.844, 6, 0, 0, 132.21
2026/08/07 12:32:54.844, 7, 0, 0, 133.47
2026/08/07 12:32:55.344, 0, 70822, 100, 981.25
2026/08/07 12:32:55.344, 1, 70788, 100, 1005.17
2026/08/07 12:32:55.345, 2, 70788, 100, 976.41
2026/08/07 12:32:55.345, 3, 70788, 100, 994.18
2026/08/07 12:32:55.345, 4, 0, 0, 134.19
2026/08/07 12:32:55.345, 5, 0, 0, 134.36
2026/08/07 12:32:55.345, 6, 0, 0, 132.13
2026/08/07 12:32:55.345, 7, 0, 0, 133.51
2026/08/07 12:32:55.845, 0, 70822, 100, 987.35
2026/08/07 12:32:55.845, 1, 70788, 100, 1008.54
2026/08/07 12:32:55.845, 2, 70788, 100, 981.95
2026/08/07 12:32:55.845, 3, 70788, 100, 997.24
2026/08/07 12:32:55.845, 4, 0, 0, 134.20
2026/08/07 12:32:55.845, 5, 0, 0, 134.36
2026/08/07 12:32:55.845, 6, 0, 0, 132.14
2026/08/07 12:32:55.845, 7, 0, 0, 133.80
2026/08/07 12:32:56.345, 0, 70822, 100, 987.63
2026/08/07 12:32:56.345, 1, 70788, 100, 1007.95
2026/08/07 12:32:56.345, 2, 70788, 100, 978.71
2026/08/07 12:32:56.345, 3, 70788, 100, 994.20
2026/08/07 12:32:56.345, 4, 0, 0, 134.20
2026/08/07 12:32:56.345, 5, 0, 0, 134.25
2026/08/07 12:32:56.345, 6, 0, 0, 132.13
2026/08/07 12:32:56.345, 7, 0, 0, 133.87
2026/08/07 12:32:56.845, 0, 70822, 100, 987.28
2026/08/07 12:32:56.845, 1, 70788, 100, 1008.37
2026/08/07 12:32:56.845, 2, 70788, 100, 978.63
2026/08/07 12:32:56.845, 3, 70788, 100, 992.38
2026/08/07 12:32:56.845, 4, 0, 0, 134.21
2026/08/07 12:32:56.845, 5, 0, 0, 134.24
2026/08/07 12:32:56.845, 6, 0, 0, 132.14
2026/08/07 12:32:56.845, 7, 0, 0, 133.75
2026/08/07 12:32:57.345, 0, 70822, 100, 990.91
2026/08/07 12:32:57.346, 1, 70788, 100, 1011.85
2026/08/07 12:32:57.346, 2, 70788, 100, 981.48
2026/08/07 12:32:57.346, 3, 70788, 100, 1000.68
2026/08/07 12:32:57.346, 4, 0, 0, 134.20
2026/08/07 12:32:57.346, 5, 0, 0, 134.25
2026/08/07 12:32:57.346, 6, 0, 0, 132.19
2026/08/07 12:32:57.346, 7, 0, 0, 133.54
2026/08/07 12:32:57.846, 0, 70822, 100, 981.17
2026/08/07 12:32:57.846, 1, 70788, 100, 1001.04
2026/08/07 12:32:57.846, 2, 70788, 100, 978.82
2026/08/07 12:32:57.846, 3, 70788, 100, 991.57
2026/08/07 12:32:57.846, 4, 0, 0, 134.28
2026/08/07 12:32:57.846, 5, 0, 0, 134.25
2026/08/07 12:32:57.846, 6, 0, 0, 132.33
2026/08/07 12:32:57.846, 7, 0, 0, 133.52
2026/08/07 12:32:58.346, 0, 70822, 100, 982.19
2026/08/07 12:32:58.346, 1, 70788, 100, 1004.67
2026/08/07 12:32:58.348, 2, 70788, 100, 979.74
2026/08/07 12:32:58.349, 3, 70788, 100, 992.30
2026/08/07 12:32:58.350, 4, 0, 0, 134.28
2026/08/07 12:32:58.351, 5, 0, 0, 134.24
2026/08/07 12:32:58.353, 6, 0, 0, 132.37
2026/08/07 12:32:58.354, 7, 0, 0, 133.55
2026/08/07 12:32:58.855, 0, 70822, 99, 982.41
2026/08/07 12:32:58.855, 1, 70788, 99, 1004.13
2026/08/07 12:32:58.855, 2, 70788, 100, 973.97
2026/08/07 12:32:58.855, 3, 70788, 99, 994.43
2026/08/07 12:32:58.855, 4, 0, 0, 134.20
2026/08/07 12:32:58.855, 5, 0, 0, 134.25
2026/08/07 12:32:58.855, 6, 0, 0, 132.26
2026/08/07 12:32:58.855, 7, 0, 0, 133.43
2026/08/07 12:32:59.355, 0, 70822, 100, 982.45
2026/08/07 12:32:59.355, 1, 70788, 100, 1003.26
2026/08/07 12:32:59.355, 2, 70788, 100, 978.34
2026/08/07 12:32:59.355, 3, 70788, 100, 993.63
2026/08/07 12:32:59.355, 4, 0, 0, 134.18
2026/08/07 12:32:59.355, 5, 0, 0, 134.25
2026/08/07 12:32:59.355, 6, 0, 0, 132.21
2026/08/07 12:32:59.355, 7, 0, 0, 133.25
2026/08/07 12:32:59.855, 0, 70822, 100, 990.36
2026/08/07 12:32:59.855, 1, 70788, 100, 1015.69
2026/08/07 12:32:59.855, 2, 70788, 100, 981.18
2026/08/07 12:32:59.855, 3, 70788, 100, 998.99
2026/08/07 12:32:59.855, 4, 0, 0, 134.19
2026/08/07 12:32:59.855, 5, 0, 0, 134.25
2026/08/07 12:32:59.855, 6, 0, 0, 132.21
2026/08/07 12:32:59.855, 7, 0, 0, 133.37
2026/08/07 12:33:00.356, 0, 70822, 100, 981.29
2026/08/07 12:33:00.356, 1, 70788, 100, 1004.49
2026/08/07 12:33:00.356, 2, 70788, 100, 970.42
2026/08/07 12:33:00.356, 3, 70788, 100, 989.84
2026/08/07 12:33:00.356, 4, 0, 0, 134.19
2026/08/07 12:33:00.356, 5, 0, 0, 134.36
2026/08/07 12:33:00.356, 6, 0, 0, 132.20
2026/08/07 12:33:00.356, 7, 0, 0, 133.51
2026/08/07 12:33:00.856, 0, 70822, 100, 980.21
2026/08/07 12:33:00.856, 1, 70788, 100, 998.55
2026/08/07 12:33:00.857, 2, 70788, 100, 973.93
2026/08/07 12:33:00.858, 3, 70788, 100, 988.99
2026/08/07 12:33:00.859, 4, 0, 0, 134.17
2026/08/07 12:33:00.860, 5, 0, 0, 134.36
2026/08/07 12:33:00.860, 6, 0, 0, 132.12
2026/08/07 12:33:00.861, 7, 0, 0, 133.54
2026/08/07 12:33:01.362, 0, 70822, 100, 980.87
2026/08/07 12:33:01.362, 1, 70788, 100, 999.50
2026/08/07 12:33:01.362, 2, 70788, 100, 970.97
2026/08/07 12:33:01.362, 3, 70788, 100, 985.23
2026/08/07 12:33:01.362, 4, 0, 0, 134.18
2026/08/07 12:33:01.362, 5, 0, 0, 134.28
2026/08/07 12:33:01.362, 6, 0, 0, 132.05
2026/08/07 12:33:01.362, 7, 0, 0, 133.58
2026/08/07 12:33:01.862, 0, 70822, 100, 983.41
2026/08/07 12:33:01.862, 1, 70788, 100, 1001.49
2026/08/07 12:33:01.862, 2, 70788, 100, 972.58
2026/08/07 12:33:01.862, 3, 70788, 100, 981.43
2026/08/07 12:33:01.862, 4, 0, 0, 134.21
2026/08/07 12:33:01.862, 5, 0, 0, 134.25
2026/08/07 12:33:01.862, 6, 0, 0, 132.11
2026/08/07 12:33:01.862, 7, 0, 0, 133.51
2026/08/07 12:33:02.362, 0, 70822, 100, 989.73
2026/08/07 12:33:02.362, 1, 70788, 100, 1009.08
2026/08/07 12:33:02.362, 2, 70788, 100, 985.17
2026/08/07 12:33:02.362, 3, 70788, 100, 990.36
2026/08/07 12:33:02.362, 4, 0, 0, 134.21
2026/08/07 12:33:02.362, 5, 0, 0, 134.25
2026/08/07 12:33:02.362, 6, 0, 0, 132.16
2026/08/07 12:33:02.362, 7, 0, 0, 133.38
2026/08/07 12:33:02.862, 0, 70822, 100, 979.69
2026/08/07 12:33:02.862, 1, 70788, 100, 1001.13
2026/08/07 12:33:02.862, 2, 70788, 100, 974.90
2026/08/07 12:33:02.862, 3, 70788, 100, 987.01
2026/08/07 12:33:02.862, 4, 0, 0, 134.33
2026/08/07 12:33:02.862, 5, 0, 0, 134.24
2026/08/07 12:33:02.862, 6, 0, 0, 132.30
2026/08/07 12:33:02.862, 7, 0, 0, 133.38
2026/08/07 12:33:03.362, 0, 70822, 100, 978.34
2026/08/07 12:33:03.366, 1, 70788, 100, 999.47
2026/08/07 12:33:03.366, 2, 70788, 100, 976.22
2026/08/07 12:33:03.366, 3, 70788, 100, 991.38
2026/08/07 12:33:03.366, 4, 0, 0, 134.33
2026/08/07 12:33:03.366, 5, 0, 0, 134.25
2026/08/07 12:33:03.366, 6, 0, 0, 132.35
2026/08/07 12:33:03.366, 7, 0, 0, 133.50
2026/08/07 12:33:03.866, 0, 70822, 99, 978.30
2026/08/07 12:33:03.866, 1, 70788, 99, 996.53
2026/08/07 12:33:03.866, 2, 70788, 100, 975.83
2026/08/07 12:33:03.866, 3, 70788, 99, 993.68
2026/08/07 12:33:03.866, 4, 0, 0, 134.20
2026/08/07 12:33:03.866, 5, 0, 0, 134.25
2026/08/07 12:33:03.866, 6, 0, 0, 132.20
2026/08/07 12:33:03.866, 7, 0, 0, 133.41
2026/08/07 12:33:04.366, 0, 70822, 100, 977.63
2026/08/07 12:33:04.366, 1, 70788, 100, 997.36
2026/08/07 12:33:04.366, 2, 70788, 100, 973.03
2026/08/07 12:33:04.366, 3, 70788, 100, 987.65
2026/08/07 12:33:04.366, 4, 0, 0, 134.20
2026/08/07 12:33:04.366, 5, 0, 0, 134.25
2026/08/07 12:33:04.366, 6, 0, 0, 132.18
2026/08/07 12:33:04.366, 7, 0, 0, 133.39
2026/08/07 12:33:04.867, 0, 70822, 100, 985.85
2026/08/07 12:33:04.867, 1, 70788, 100, 1005.97
2026/08/07 12:33:04.867, 2, 70788, 100, 976.09
2026/08/07 12:33:04.867, 3, 70788, 100, 990.32
2026/08/07 12:33:04.867, 4, 0, 0, 134.19
2026/08/07 12:33:04.867, 5, 0, 0, 134.25
2026/08/07 12:33:04.867, 6, 0, 0, 132.21
2026/08/07 12:33:04.867, 7, 0, 0, 133.24
2026/08/07 12:33:05.367, 0, 70822, 100, 981.08
2026/08/07 12:33:05.367, 1, 70788, 100, 1006.90
2026/08/07 12:33:05.367, 2, 70788, 99, 974.56
2026/08/07 12:33:05.367, 3, 70788, 100, 989.20
2026/08/07 12:33:05.367, 4, 0, 0, 134.20
2026/08/07 12:33:05.367, 5, 0, 0, 134.36
2026/08/07 12:33:05.367, 6, 0, 0, 132.25
2026/08/07 12:33:05.367, 7, 0, 0, 133.23
2026/08/07 12:33:05.867, 0, 70822, 100, 980.70
2026/08/07 12:33:05.867, 1, 70788, 100, 1009.13
2026/08/07 12:33:05.867, 2, 70788, 100, 979.63
2026/08/07 12:33:05.867, 3, 70788, 100, 995.02
2026/08/07 12:33:05.867, 4, 0, 0, 134.21
2026/08/07 12:33:05.867, 5, 0, 0, 134.36
2026/08/07 12:33:05.867, 6, 0, 0, 132.21
2026/08/07 12:33:05.867, 7, 0, 0, 133.34
2026/08/07 12:33:06.367, 0, 70822, 100, 984.92
2026/08/07 12:33:06.367, 1, 70788, 100, 1005.89
2026/08/07 12:33:06.367, 2, 70788, 100, 978.26
2026/08/07 12:33:06.367, 3, 70788, 100, 992.51
2026/08/07 12:33:06.367, 4, 0, 0, 134.21
2026/08/07 12:33:06.367, 5, 0, 0, 134.25
2026/08/07 12:33:06.367, 6, 0, 0, 132.16
2026/08/07 12:33:06.367, 7, 0, 0, 133.36
2026/08/07 12:33:06.868, 0, 70822, 100, 981.58
2026/08/07 12:33:06.868, 1, 70788, 100, 1006.30
2026/08/07 12:33:06.868, 2, 70788, 100, 975.43
2026/08/07 12:33:06.868, 3, 70788, 100, 992.91
2026/08/07 12:33:06.868, 4, 0, 0, 134.21
2026/08/07 12:33:06.868, 5, 0, 0, 134.24
2026/08/07 12:33:06.868, 6, 0, 0, 132.09
2026/08/07 12:33:06.868, 7, 0, 0, 133.28
2026/08/07 12:33:07.368, 0, 70822, 100, 982.37
2026/08/07 12:33:07.368, 1, 70788, 100, 1011.03
2026/08/07 12:33:07.368, 2, 70788, 100, 977.63
2026/08/07 12:33:07.368, 3, 70788, 100, 995.87
2026/08/07 12:33:07.368, 4, 0, 0, 134.21
2026/08/07 12:33:07.368, 5, 0, 0, 134.25
2026/08/07 12:33:07.368, 6, 0, 0, 131.99
2026/08/07 12:33:07.368, 7, 0, 0, 133.19
2026/08/07 12:33:07.868, 0, 70822, 100, 978.66
2026/08/07 12:33:07.868, 1, 70788, 100, 1004.48
2026/08/07 12:33:07.868, 2, 70788, 100, 974.15
2026/08/07 12:33:07.868, 3, 70788, 100, 989.76
2026/08/07 12:33:07.868, 4, 0, 0, 134.34
2026/08/07 12:33:07.868, 5, 0, 0, 134.25
2026/08/07 12:33:07.868, 6, 0, 0, 132.23
2026/08/07 12:33:07.868, 7, 0, 0, 133.24
2026/08/07 12:33:08.368, 0, 70822, 100, 977.95
2026/08/07 12:33:08.368, 1, 70788, 100, 1009.06
2026/08/07 12:33:08.368, 2, 70788, 100, 972.99
2026/08/07 12:33:08.368, 3, 70788, 100, 993.03
2026/08/07 12:33:08.368, 4, 0, 0, 134.34
2026/08/07 12:33:08.368, 5, 0, 0, 134.25
2026/08/07 12:33:08.368, 6, 0, 0, 132.34
2026/08/07 12:33:08.368, 7, 0, 0, 133.29
2026/08/07 12:33:08.868, 0, 70822, 100, 979.07
2026/08/07 12:33:08.868, 1, 70788, 98, 1003.22
2026/08/07 12:33:08.868, 2, 70788, 100, 969.84
2026/08/07 12:33:08.868, 3, 70788, 100, 990.67
2026/08/07 12:33:08.868, 4, 0, 0, 134.20
2026/08/07 12:33:08.868, 5, 0, 0, 134.25
2026/08/07 12:33:08.868, 6, 0, 0, 132.13
2026/08/07 12:33:08.868, 7, 0, 0, 133.34
2026/08/07 12:33:09.368, 0, 70822, 100, 983.15
2026/08/07 12:33:09.368, 1, 70788, 100, 1003.22
2026/08/07 12:33:09.368, 2, 70788, 100, 977.11
2026/08/07 12:33:09.368, 3, 70788, 100, 991.89
2026/08/07 12:33:09.368, 4, 0, 0, 134.21
2026/08/07 12:33:09.368, 5, 0, 0, 134.25
2026/08/07 12:33:09.368, 6, 0, 0, 132.18
2026/08/07 12:33:09.368, 7, 0, 0, 133.42
2026/08/07 12:33:09.869, 0, 70822, 100, 987.48
2026/08/07 12:33:09.869, 1, 70788, 100, 1011.97
2026/08/07 12:33:09.869, 2, 70788, 100, 983.93
2026/08/07 12:33:09.869, 3, 70788, 100, 998.25
2026/08/07 12:33:09.869, 4, 0, 0, 134.20
2026/08/07 12:33:09.869, 5, 0, 0, 134.25
2026/08/07 12:33:09.869, 6, 0, 0, 132.23
2026/08/07 12:33:09.869, 7, 0, 0, 133.30
2026/08/07 12:33:10.369, 0, 70822, 100, 983.66
2026/08/07 12:33:10.369, 1, 70788, 100, 1004.40
2026/08/07 12:33:10.369, 2, 70788, 99, 976.24
2026/08/07 12:33:10.369, 3, 70788, 100, 989.80
2026/08/07 12:33:10.369, 4, 0, 0, 134.20
2026/08/07 12:33:10.369, 5, 0, 0, 134.36
2026/08/07 12:33:10.369, 6, 0, 0, 132.22
2026/08/07 12:33:10.369, 7, 0, 0, 133.24
2026/08/07 12:33:10.869, 0, 70822, 100, 979.20
2026/08/07 12:33:10.869, 1, 70788, 100, 1002.83
2026/08/07 12:33:10.869, 2, 70788, 100, 979.97
2026/08/07 12:33:10.869, 3, 70788, 100, 988.89
2026/08/07 12:33:10.869, 4, 0, 0, 134.19
2026/08/07 12:33:10.869, 5, 0, 0, 134.36
2026/08/07 12:33:10.869, 6, 0, 0, 132.26
2026/08/07 12:33:10.869, 7, 0, 0, 133.30
2026/08/07 12:33:11.369, 0, 70822, 100, 974.80
2026/08/07 12:33:11.369, 1, 70788, 100, 1002.68
2026/08/07 12:33:11.369, 2, 70788, 100, 971.32
2026/08/07 12:33:11.369, 3, 70788, 100, 984.80
2026/08/07 12:33:11.369, 4, 0, 0, 134.18
2026/08/07 12:33:11.369, 5, 0, 0, 134.28
2026/08/07 12:33:11.369, 6, 0, 0, 132.25
2026/08/07 12:33:11.369, 7, 0, 0, 133.30
2026/08/07 12:33:11.869, 0, 70822, 100, 909.06
2026/08/07 12:33:11.869, 1, 70788, 100, 929.07
2026/08/07 12:33:11.869, 2, 70788, 100, 895.84
2026/08/07 12:33:11.869, 3, 70788, 100, 909.42
2026/08/07 12:33:11.869, 4, 0, 0, 134.20
2026/08/07 12:33:11.869, 5, 0, 0, 134.25
2026/08/07 12:33:11.869, 6, 0, 0, 132.21
2026/08/07 12:33:11.869, 7, 0, 0, 133.28
2026/08/07 12:33:12.370, 0, 70822, 100, 839.60
2026/08/07 12:33:12.370, 1, 70788, 100, 856.26
2026/08/07 12:33:12.370, 2, 70788, 100, 834.07
2026/08/07 12:33:12.370, 3, 70788, 100, 848.40
2026/08/07 12:33:12.370, 4, 0, 0, 134.22
2026/08/07 12:33:12.370, 5, 0, 0, 134.25
2026/08/07 12:33:12.370, 6, 0, 0, 132.21
2026/08/07 12:33:12.370, 7, 0, 0, 133.18
2026/08/07 12:33:12.870, 0, 70822, 0, 685.51
2026/08/07 12:33:12.870, 1, 72288, 0, 700.17
2026/08/07 12:33:12.870, 2, 72288, 0, 677.53
2026/08/07 12:33:12.870, 3, 72288, 0, 687.62
2026/08/07 12:33:12.870, 4, 0, 0, 134.32
2026/08/07 12:33:12.870, 5, 0, 0, 134.25
2026/08/07 12:33:12.870, 6, 0, 0, 132.27
2026/08/07 12:33:12.870, 7, 0, 0, 133.11
2026/08/07 12:33:13.370, 0, 70822, 0, 380.83
2026/08/07 12:33:13.370, 1, 72288, 0, 388.96
2026/08/07 12:33:13.370, 2, 72288, 0, 372.00
2026/08/07 12:33:13.370, 3, 72288, 0, 381.82
2026/08/07 12:33:13.370, 4, 0, 0, 134.32
2026/08/07 12:33:13.370, 5, 0, 0, 134.25
2026/08/07 12:33:13.370, 6, 0, 0, 132.11
2026/08/07 12:33:13.370, 7, 0, 0, 133.24
2026/08/07 12:33:13.870, 0, 70822, 0, 205.43
2026/08/07 12:33:13.870, 1, 72288, 0, 213.68
2026/08/07 12:33:13.870, 2, 72288, 0, 199.89
2026/08/07 12:33:13.870, 3, 72288, 0, 220.64
2026/08/07 12:33:13.870, 4, 0, 0, 134.22
2026/08/07 12:33:13.870, 5, 0, 0, 134.25
2026/08/07 12:33:13.870, 6, 0, 0, 131.99
2026/08/07 12:33:13.870, 7, 0, 0, 133.38
2026/08/07 12:33:14.370, 0, 70822, 0, 204.33
2026/08/07 12:33:14.370, 1, 72288, 0, 212.22
2026/08/07 12:33:14.370, 2, 72288, 0, 198.89
2026/08/07 12:33:14.370, 3, 72288, 0, 219.42
2026/08/07 12:33:14.370, 4, 0, 0, 134.23
2026/08/07 12:33:14.370, 5, 0, 0, 134.24
2026/08/07 12:33:14.370, 6, 0, 0, 132.11
2026/08/07 12:33:14.370, 7, 0, 0, 133.21
2026/08/07 12:33:14.871, 0, 70822, 0, 204.02
2026/08/07 12:33:14.871, 1, 72288, 0, 211.42
2026/08/07 12:33:14.871, 2, 72288, 0, 198.26
2026/08/07 12:33:14.871, 3, 72288, 0, 218.60
2026/08/07 12:33:14.871, 4, 0, 0, 134.24
2026/08/07 12:33:14.871, 5, 0, 0, 134.25
2026/08/07 12:33:14.871, 6, 0, 0, 132.16
2026/08/07 12:33:14.871, 7, 0, 0, 132.99
