Time (%),Total Time (ns),Instances,Avg (ns),Med (ns),Min (ns),Max (ns),StdDev (ns),Name
39.5,87892373670,8600,10220043.4,10214333.5,8689862,12190678,455353.4,fmhaSm103aKernel_QkvE4m3OBfloat16H128SeparateQkvDenseVarSeqSkipsSoftmaxQ128Kv128SageQ1SageK16SageV1PersistentContext
21.4,47643223039,29397,1620683.2,1835336.0,560771,2529259,746400.1,nvjet_sm103_tst_128x256_64x6_2x1_2cta_v_bz_TNT
8.3,18441916759,39191,470565.1,362178.0,311297,3855121,250185.8,ncclDevKernel_SendRecv(ncclDevKernelArgsStorage<(unsigned long)4096>)
6.5,14398502114,1200,11998751.8,11950565.0,10716976,13262555,334262.0,fmhaSm103aKernel_QkvE4m3OBfloat16H128SeparateQkvDenseVarSeqQ128Kv128SageQ1SageK16SageV1PersistentContext
5.8,12934706524,9800,1319868.0,1318086.0,1212966,1419238,33784.5,nvjet_sm103_tst_192x288_64x5_2x1_2cta_v_bz_TNT
5.7,12643495744,49377,256060.4,253249.0,3200,322369,25058.9,"void at::native::elementwise_kernel<(int)128, (int)4, void at::native::gpu_kernel_impl_nocast<at::native::direct_copy_kernel_cuda(at::TensorIteratorBase &)::[lambda() (instance 3)]::operator ()() const::[lambda() (instance 12)]::operator ()() const::[lambda(c10::BFloat16) (instance 1)]>(at::TensorIteratorBase &, const T1 &)::[lambda(int) (instance 1)]>(int, T3)"
4.5,10016060526,9797,1022360.0,1008741.0,971589,1275685,40142.1,triton_poi_fused__fused_rms_norm__to_copy_add_cat_cos_mul_neg_sin_slice_split_split_with_sizes_unsqueeze_view_2
1.0,2188465236,9797,223381.2,223297.0,212321,246818,6757.8,triton_red_fused__fused_rms_norm_split_with_sizes_view_0
1.0,2187614196,9797,223294.3,223329.0,212225,246721,6767.0,triton_red_fused__fused_rms_norm_split_with_sizes_view_1
0.9,2071557886,10186,203373.0,208929.0,1888,250594,40419.1,triton_poi_fused_mul_silu_split_1
0.9,1962678046,9800,200273.3,197633.0,190113,249857,8089.7,triton_red_fused__fused_rms_norm_add_index_select_mul_0
0.7,1597754312,9800,163036.2,164896.0,143169,187712,7822.2,"void flashinfer::trtllm::sageQuantQkvKernel<cutlass::bfloat16_t, cutlass::float_e4m3_t, (int)1, (int)128, (bool)0, (int)1>(int, const void *, void *, float *, float *, int, int, const void *, void *, float *)"
0.7,1574439215,9800,160657.1,160129.0,156929,173248,2258.3,"void flashinfer::trtllm::sageQuantQkvKernel<cutlass::bfloat16_t, cutlass::float_e4m3_t, (int)16, (int)128, (bool)0, (int)2>(int, const void *, void *, float *, float *, int, int, const void *, void *, float *)"
0.5,1058153270,9800,107974.8,106864.5,103712,129536,3266.1,triton_poi_fused_add_index_select_mul_2
0.4,884647889,9797,90297.8,89441.0,83841,108960,2996.1,triton_red_fused__fused_rms_norm_add_index_select_mul_split_view_1
0.4,818421550,9600,85252.2,85280.0,82305,88193,813.9,nvjet_sm103_tst_64x8_64x16_2x1_v_bz_bias_TNT
0.3,590784516,9993,59119.8,57120.0,53952,179905,14907.8,"void at::native::vectorized_elementwise_kernel<(int)8, at::native::FillFunctor<c10::BFloat16>, std::array<char *, (unsigned long)1>>(int, T2, T3)"
0.2,484907432,579,837491.2,28000.0,3808,2785612,1163045.8,"void at::native::indexFuncLargeIndex<c10::BFloat16, long, unsigned int, (int)2, (int)2, (int)-2, (bool)1, at::native::<unnamed>::ReduceAdd>(at::cuda::detail::TensorInfo<T1, T3>, at::cuda::detail::TensorInfo<const T1, T3>, at::cuda::detail::TensorInfo<const T2, T3>, int, int, T3, T3, long, long, const T8 &, T1)"
0.2,365200637,392,931634.3,948804.0,543682,1507430,375442.4,cutlass3x_sm100_simt_sgemm_f32_f32_f32_f32_f32_32x64x16_1x1x1_3_tnn_align1_bias_f32_relu
0.2,347829077,9797,35503.6,35009.0,33920,44161,1356.1,triton_poi_fused__fused_rms_norm__to_copy_add_cat_cos_mul_sin_slice_split_with_sizes_unsqueeze_view_3
0.2,345723199,9797,35288.7,34592.0,33248,43328,1657.9,triton_poi_fused__fused_rms_norm__to_copy_add_cat_cos_mul_sin_slice_split_with_sizes_unsqueeze_view_4
0.1,274658084,193,1423098.9,1404262.0,1376070,1688008,57246.3,cutlass3x_sm100_simt_sgemm_f32_f32_f32_f32_f32_128x128x16_1x1x1_3_tnn_align1_bias_f32_relu
0.1,250716985,978,256356.8,11504.0,2176,1328262,492566.2,"void cublasLt::epilogue::impl::globalKernel<(int)8, (int)32, float, float, float, (bool)1, (bool)1, (int)1>(int, int, long, T3 *, cublasLtEpilogue_t, int, T4 *, long, void *, long, long, long, T5 *, long, int *)"
0.1,174162106,196,888582.2,885460.0,821764,1034404,47244.0,ncclDevKernel_AllGather_RING_LL(ncclDevKernelArgsStorage<(unsigned long)4096>)
0.1,163778446,422,388100.6,5120.0,2176,916676,412397.5,"void at::native::unrolled_elementwise_kernel<at::native::direct_copy_kernel_cuda(at::TensorIteratorBase &)::[lambda() (instance 3)]::operator ()() const::[lambda() (instance 7)]::operator ()() const::[lambda(float) (instance 1)], std::array<char *, (unsigned long)2>, (int)4, TrivialOffsetCalculator<(int)1, unsigned int>, TrivialOffsetCalculator<(int)1, unsigned int>, at::native::memory::LoadWithCast<(int)1>, at::native::memory::StoreWithCast<(int)1>>(int, T1, T2, T4, T5, T6, T7)"
0.0,105931944,2354,45000.8,31777.0,1792,200704,63254.8,"void at::native::vectorized_gather_kernel<(int)16, long>(char *, char *, T2 *, int, long, long, long, long, bool)"
0.0,99791279,9800,10182.8,10016.0,8864,13600,778.1,"void at::native::reduce_kernel<(int)512, (int)1, at::native::ReduceOp<long, at::native::func_wrapper_t<long, at::native::sum_functor<long, long, long>::operator ()(at::TensorIterator &)::[lambda(long, long) (instance 1)]>, unsigned int, long, (int)4, (int)4>>(T3)"
0.0,99008136,12152,8147.5,8416.0,3904,10848,1292.2,"void at::native::reduce_kernel<(int)512, (int)1, at::native::ReduceOp<bool, at::native::func_wrapper_t<bool, at::native::and_kernel_cuda(at::TensorIterator &)::[lambda() (instance 1)]::operator ()() const::[lambda() (instance 12)]::operator ()() const::[lambda(bool, bool) (instance 1)]>, unsigned int, bool, (int)4, (int)4>>(T3)"
0.0,55452577,196,282921.3,282657.0,278625,291169,2389.0,"void at::native::vectorized_elementwise_kernel<(int)8, at::native::CUDAFunctor_add<c10::BFloat16>, std::array<char *, (unsigned long)3>>(int, T2, T3)"
0.0,54781499,196,279497.4,279425.0,275361,287969,2210.5,"void at::native::vectorized_elementwise_kernel<(int)8, at::native::BinaryFunctor<c10::BFloat16, c10::BFloat16, c10::BFloat16, at::native::binary_internal::MulFunctor<float>>, std::array<char *, (unsigned long)3>>(int, T2, T3)"
0.0,53458605,582,91853.3,5600.0,1440,271745,125207.9,"void at::native::vectorized_elementwise_kernel<(int)8, at::native::bfloat16_copy_kernel_cuda(at::TensorIteratorBase &)::[lambda(float) (instance 1)], std::array<char *, (unsigned long)2>>(int, T2, T3)"
0.0,51243139,21948,2334.8,2240.0,1632,5856,542.8,"void at_cuda_detail::cub::detail::select::DeviceSelectSweepKernel<at_cuda_detail::cub::detail::select::policy_hub<long, bool, int, (bool)0, (at_cuda_detail::cub::SelectImpl)0>::Policy1000, thrust::THRUST_300001_SM_750_800_860_900_1000_1200_NS::counting_iterator<long, thrust::THRUST_300001_SM_750_800_860_900_1000_1200_NS::use_default, thrust::THRUST_300001_SM_750_800_860_900_1000_1200_NS::use_default, thrust::THRUST_300001_SM_750_800_860_900_1000_1200_NS::use_default>, thrust::THRUST_300001_SM_750_800_860_900_1000_1200_NS::transform_iterator<at::native::<unnamed>::NonZeroOp<bool>, const bool *, thrust::THRUST_300001_SM_750_800_860_900_1000_1200_NS::use_default, thrust::THRUST_300001_SM_750_800_860_900_1000_1200_NS::use_default>, long *, int *, at_cuda_detail::cub::ScanTileState<int, (bool)1>, at_cuda_detail::cub::NullType, at_cuda_detail::cub::NullType, int, at_cuda_detail::cub::detail::select::streaming_context_t<long, (bool)1>, (at_cuda_detail::cub::SelectImpl)0>(T2, T3, T4, T5, T6, T7, T8, T9, int, T10, at_cuda_detail::cub::detail::vsmem_t)"
0.0,46109395,389,118533.1,222593.0,7072,253217,110349.9,"void at::native::<unnamed>::vectorized_layer_norm_kernel<c10::BFloat16, float, (bool)1>(int, T2, const T1 *, const T1 *, const T1 *, T2 *, T2 *, T1 *)"
0.0,46064081,9800,4700.4,4672.0,4288,5440,160.8,"void at::native::unrolled_elementwise_kernel<at::native::direct_copy_kernel_cuda(at::TensorIteratorBase &)::[lambda() (instance 3)]::operator ()() const::[lambda() (instance 4)]::operator ()() const::[lambda(long) (instance 1)], std::array<char *, (unsigned long)2>, (int)4, TrivialOffsetCalculator<(int)1, unsigned int>, TrivialOffsetCalculator<(int)1, unsigned int>, at::native::memory::LoadWithCast<(int)1>, at::native::memory::StoreWithCast<(int)1>>(int, T1, T2, T4, T5, T6, T7)"
0.0,38812640,1361,28517.7,48480.0,7168,50656,20639.9,"void at::native::<unnamed>::vectorized_layer_norm_kernel<float, float, (bool)1>(int, T2, const T1 *, const T1 *, const T1 *, T2 *, T2 *, T1 *)"
0.0,38701585,20774,1863.0,1824.0,1216,3680,284.0,"void at_cuda_detail::cub::detail::reduce::DeviceReduceSingleTileKernel<at_cuda_detail::cub::detail::reduce::policy_hub<int, unsigned long long, cuda::std::__4::plus<void>>::Policy1000, thrust::THRUST_300001_SM_750_800_860_900_1000_1200_NS::transform_iterator<at::native::<unnamed>::NonZeroOp<bool>, const bool *, thrust::THRUST_300001_SM_750_800_860_900_1000_1200_NS::use_default, thrust::THRUST_300001_SM_750_800_860_900_1000_1200_NS::use_default>, int *, unsigned long long, cuda::std::__4::plus<void>, int, int, cuda::std::__4::__identity>(T2, T3, T4, T5, T6, T8)"
0.0,38169904,196,194744.4,194241.0,193089,199585,1373.1,"void at::native::vectorized_elementwise_kernel<(int)8, at::native::CUDAFunctorOnSelf_add<c10::BFloat16>, std::array<char *, (unsigned long)2>>(int, T2, T3)"
0.0,36021550,339,106258.3,105889.0,104448,111969,1265.6,"void pytorch_flash::flash_fwd_kernel<Flash_fwd_kernel_traits<(int)64, (int)128, (int)128, (int)4, (bool)0, (bool)0, cutlass::half_t, Flash_kernel_traits<(int)64, (int)128, (int)128, (int)4, cutlass::half_t>>, (bool)0, (bool)0, (bool)0, (bool)0, (bool)0, (bool)1, (bool)0, (bool)0>(pytorch_flash::Flash_fwd_params)"
0.0,35860179,19597,1829.9,1824.0,1664,2304,86.4,"void at::native::vectorized_elementwise_kernel<(int)4, void at::native::compare_scalar_kernel<long>(at::TensorIteratorBase &, at::native::<unnamed>::OpType, T1)::[lambda(long) (instance 1)], std::array<char *, (unsigned long)2>>(int, T2, T3)"
0.0,33153947,19790,1675.3,1664.0,1536,2112,69.6,"void <unnamed>::elementwise_kernel_with_index<int, at::native::arange_cuda_out(const c10::Scalar &, const c10::Scalar &, const c10::Scalar &, at::Tensor &)::[lambda() (instance 1)]::operator ()() const::[lambda() (instance 4)]::operator ()() const::[lambda(long) (instance 1)]>(T1, T2, function_traits<T2>::result_type *)"
0.0,32660975,19600,1666.4,1664.0,1248,2336,225.3,"void at::native::vectorized_elementwise_kernel<(int)4, at::native::AUnaryFunctor<int, int, bool, at::native::<unnamed>::CompareEqFunctor<int>>, std::array<char *, (unsigned long)2>>(int, T2, T3)"
0.0,30926460,4126,7495.5,3872.0,1280,33249,8324.3,"void at::native::vectorized_elementwise_kernel<(int)8, at::native::float16_copy_kernel_cuda(at::TensorIteratorBase &)::[lambda(float) (instance 1)], std::array<char *, (unsigned long)2>>(int, T2, T3)"
0.0,27833904,21948,1268.2,1312.0,832,1920,228.5,"void at_cuda_detail::cub::detail::scan::DeviceCompactInitKernel<at_cuda_detail::cub::ScanTileState<int, (bool)1>, int *>(T1, int, T2)"
0.0,26102461,338,77226.2,77041.0,70304,89376,4807.3,nvjet_sm103_hsh_128x256_64x6_2x1_2cta_v_bz_bias_TNT
0.0,26070094,1367,19071.0,16096.0,2176,23744,3938.4,"void at::native::<unnamed>::CatArrayBatchedCopy<at::native::<unnamed>::OpaqueType<(unsigned int)2>, unsigned int, (int)4, (int)64, (int)64>(T1 *, at::native::<unnamed>::CatArrInputTensorMetadata<T1, T2, T4, T5>, at::native::<unnamed>::TensorSizeStride<T2, (unsigned int)4>, int, T2)"
0.0,23427413,1694,13829.6,8544.0,8224,36032,10603.5,"void at::native::elementwise_kernel<(int)128, (int)4, void at::native::gpu_kernel_impl_nocast<at::native::BinaryFunctor<c10::Half, c10::Half, c10::Half, at::native::binary_internal::MulFunctor<float>>>(at::TensorIteratorBase &, const T1 &)::[lambda(int) (instance 1)]>(int, T3)"
0.0,20927495,9797,2136.1,2112.0,1472,3168,206.9,triton_poi_fused__to_copy_silu_0
0.0,19987040,386,51779.9,51744.0,50816,53184,388.0,nvjet_sm103_tst_256x32_64x5_4x1_v_bz_TNT
0.0,17798062,9800,1816.1,1824.0,1600,2240,98.7,"void at::native::vectorized_elementwise_kernel<(int)4, at::native::BinaryFunctor<bool, bool, bool, at::native::<unnamed>::CompareEqFunctor<bool>>, std::array<char *, (unsigned long)3>>(int, T2, T3)"
0.0,17337768,197,88009.0,87905.0,86272,90848,807.3,nvjet_sm103_tst_192x8_64x8_2x1_v_bz_splitK_bias_TNT
0.0,16896936,386,43774.4,44064.0,38145,49409,4860.2,nvjet_sm103_tst_192x32_64x7_4x1_v_bz_TNT
0.0,16619374,677,24548.6,12608.0,11328,38881,12909.2,nvjet_sm103_hsh_128x200_64x5_2x1_v_bz_bias_TNT
0.0,16592271,9800,1693.1,1696.0,1120,2625,230.3,"void at::native::vectorized_elementwise_kernel<(int)4, void at::native::compare_scalar_kernel<int>(at::TensorIteratorBase &, at::native::<unnamed>::OpType, T1)::[lambda(int) (instance 1)], std::array<char *, (unsigned long)2>>(int, T2, T3)"
0.0,14879366,10186,1460.8,1536.0,1120,2112,217.8,"void at::native::unrolled_elementwise_kernel<at::native::CUDAFunctor_add<int>, std::array<char *, (unsigned long)3>, (int)4, TrivialOffsetCalculator<(int)2, unsigned int>, TrivialOffsetCalculator<(int)1, unsigned int>, at::native::memory::LoadWithoutCast, at::native::memory::StoreWithoutCast>(int, T1, T2, T4, T5, T6, T7)"
0.0,14447347,884,16343.2,15456.0,3744,24672,2711.9,"void at::native::elementwise_kernel<(int)128, (int)4, void at::native::gpu_kernel_impl<at::native::BinaryFunctor<float, float, float, at::native::binary_internal::MulFunctor<float>>>(at::TensorIteratorBase &, const T1 &)::[lambda(int) (instance 1)]>(int, T3)"
0.0,13289849,338,39319.1,39296.0,38369,40672,313.0,"void at::native::elementwise_kernel<(int)128, (int)4, void at::native::gpu_kernel_impl_nocast<at::native::<unnamed>::silu_kernel(at::TensorIteratorBase &)::[lambda() (instance 1)]::operator ()() const::[lambda() (instance 5)]::operator ()() const::[lambda(c10::Half) (instance 1)]>(at::TensorIteratorBase &, const T1 &)::[lambda(int) (instance 1)]>(int, T3)"
0.0,11794252,1565,7536.3,7808.0,1600,16576,5741.0,"void at::native::elementwise_kernel<(int)128, (int)2, void at::native::gpu_kernel_impl_nocast<at::native::BinaryFunctor<float, float, float, at::native::binary_internal::MulFunctor<float>>>(at::TensorIteratorBase &, const T1 &)::[lambda(int) (instance 1)]>(int, T3)"
0.0,10975983,341,32187.6,32097.0,31520,33856,372.8,nvjet_sm103_hsh_128x256_64x6_2x2_2cta_h_bz_bias_TNT
0.0,10768368,386,27897.3,27840.0,27008,29216,424.4,nvjet_sm103_tst_128x16_64x12_1x2_h_bx_splitK_TNT
0.0,10748532,192,55981.9,55840.0,52800,61728,1854.2,"void sgemm_largek_lds64<(bool)1, (bool)0, (int)6, (int)3, (int)4, (int)5, (int)2, (int)66>(float *, const float *, const float *, int, int, int, int, int, int, const float *, const float *, float, float, int, int, int *, int *)"
0.0,9696594,2744,3533.7,1984.0,1088,8000,2126.7,"void at::native::vectorized_elementwise_kernel<(int)4, at::native::AbsFunctor<float>, std::array<char *, (unsigned long)2>>(int, T2, T3)"
0.0,8604202,778,11059.4,4640.0,3776,34624,11108.7,"void at::native::index_elementwise_kernel<(int)128, (int)4, void at::native::gpu_index_kernel<void at::native::index_put_kernel_impl<at::native::OpaqueType<(int)4>>(at::TensorIterator &, c10::ArrayRef<long>, c10::ArrayRef<long>)::[lambda(char *, const char *, long) (instance 1)]>(at::TensorIteratorBase &, c10::ArrayRef<long>, c10::ArrayRef<long>, const T1 &, bool)::[lambda(int) (instance 1)]>(long, T3)"
0.0,8246805,2744,3005.4,2016.0,1216,5344,1366.9,"void at::native::vectorized_elementwise_kernel<(int)4, at::native::BinaryFunctor<bool, bool, bool, at::native::binary_internal::MulFunctor<bool>>, std::array<char *, (unsigned long)3>>(int, T2, T3)"
0.0,8182089,2744,2981.8,1824.0,1248,5536,1524.0,"void at::native::vectorized_elementwise_kernel<(int)4, at::native::BinaryFunctor<float, float, bool, at::native::<unnamed>::CompareEqFunctor<float>>, std::array<char *, (unsigned long)3>>(int, T2, T3)"
0.0,8111548,2744,2956.1,1856.0,1152,5536,1465.8,"void at::native::vectorized_elementwise_kernel<(int)4, at::native::AUnaryFunctor<float, float, bool, at::native::<unnamed>::CompareEqFunctor<float>>, std::array<char *, (unsigned long)2>>(int, T2, T3)"
0.0,8066693,682,11828.0,11904.0,10976,12928,428.8,"void at::native::elementwise_kernel<(int)128, (int)4, void at::native::gpu_kernel_impl<at::native::direct_copy_kernel_cuda(at::TensorIteratorBase &)::[lambda() (instance 3)]::operator ()() const::[lambda() (instance 7)]::operator ()() const::[lambda(float) (instance 1)]>(at::TensorIteratorBase &, const T1 &)::[lambda(int) (instance 1)]>(int, T3)"
0.0,7565575,1461,5178.4,6112.0,1568,7841,2138.5,"void at::native::vectorized_elementwise_kernel<(int)4, at::native::CUDAFunctor_add<float>, std::array<char *, (unsigned long)3>>(int, T2, T3)"
0.0,6071029,772,7864.0,7840.0,6880,9408,409.8,"void at_cuda_detail::cub::detail::radix_sort::DeviceRadixSortOnesweepKernel<at_cuda_detail::cub::detail::radix::policy_hub<float, at::cuda::cub::detail::OpaqueType<(int)8>, unsigned long long>::Policy1000, (at_cuda_detail::cub::SortOrder)0, float, at::cuda::cub::detail::OpaqueType<(int)8>, unsigned long long, int, int, at_cuda_detail::cub::detail::identity_decomposer_t>(T7 *, T7 *, T5 *, const T5 *, T3 *, const T3 *, T4 *, const T4 *, T6, int, int, T8)"
0.0,5907925,386,15305.5,15280.0,14496,16544,406.9,nvjet_sm103_tst_128x16_64x12_1x2_h_bz_splitK_TNT
0.0,4132024,386,10704.7,10592.0,3168,20448,6383.4,"void at::native::index_elementwise_kernel<(int)128, (int)4, void at::native::index_copy_kernel_impl<at::native::OpaqueType<(int)4>>(at::TensorIterator &, long, long, long)::[lambda(int) (instance 1)]>(long, T3)"
0.0,3624775,772,4695.3,4768.0,3200,6048,509.1,"void cublasLt::splitKreduce_kernel<(int)32, (int)16, int, float, __nv_bfloat16, float, __nv_bfloat16, (bool)0, float, __nv_bfloat16, __nv_bfloat16, (bool)1, (bool)0, (bool)0, (bool)0>(cublasLt::cublasSplitKParams<T6>, const T4 *, const T10 *, T9 *, T5 *, const T6 *, const T6 *, const T11 *, const T4 *, T11 *, void *, long, T6 *, int *, T6 *, T6 *, const T6 *, const T6 *, const T6 *, const T6 *, const T6 *)"
0.0,3402289,8,425286.1,400690.0,394594,474850,38774.7,cutlass3x_sm100_simt_sgemm_f32_f32_f32_f32_f32_128x64x16_1x1x1_3_tnn_align1_bias_f32_relu
0.0,3280368,678,4838.3,4832.0,4544,5312,138.1,"void at::native::elementwise_kernel<(int)128, (int)4, void at::native::gpu_kernel_impl_nocast<at::native::neg_kernel_cuda(at::TensorIteratorBase &)::[lambda() (instance 2)]::operator ()() const::[lambda() (instance 8)]::operator ()() const::[lambda(c10::Half) (instance 1)]>(at::TensorIteratorBase &, const T1 &)::[lambda(int) (instance 1)]>(int, T3)"
0.0,3106126,193,16093.9,16064.0,15489,17184,329.6,nvjet_sm103_tst_128x16_64x12_2x2_2cta_h_bz_bias_TNT
0.0,3092878,196,15780.0,15712.0,14592,17664,572.0,nvjet_sm103_tst_64x8_64x16_4x1_v_bz_splitK_bias_TNT
0.0,3030930,393,7712.3,10816.0,2752,13280,4335.2,"void cublasLt::splitKreduce_kernel<(int)32, (int)16, int, float, __nv_bfloat16, float, __nv_bfloat16, (bool)0, float, __nv_bfloat16, __nv_bfloat16, (bool)1, (bool)1, (bool)0, (bool)0>(cublasLt::cublasSplitKParams<T6>, const T4 *, const T10 *, T9 *, T5 *, const T6 *, const T6 *, const T11 *, const T4 *, T11 *, void *, long, T6 *, int *, T6 *, T6 *, const T6 *, const T6 *, const T6 *, const T6 *, const T6 *)"
0.0,2973065,1174,2532.4,2496.0,1728,3905,467.8,"void at_cuda_detail::cub::detail::reduce::DeviceReduceKernel<at_cuda_detail::cub::detail::reduce::policy_hub<int, unsigned long long, cuda::std::__4::plus<void>>::Policy1000, thrust::THRUST_300001_SM_750_800_860_900_1000_1200_NS::transform_iterator<at::native::<unnamed>::NonZeroOp<bool>, const bool *, thrust::THRUST_300001_SM_750_800_860_900_1000_1200_NS::use_default, thrust::THRUST_300001_SM_750_800_860_900_1000_1200_NS::use_default>, unsigned long long, cuda::std::__4::plus<void>, int, cuda::std::__4::__identity>(T2, T5 *, T3, at_cuda_detail::cub::GridEvenShare<T3>, T4, T6)"
0.0,2814317,193,14582.0,14273.0,13920,17536,738.8,cutlass3x_sm100_simt_sgemm_f32_f32_f32_f32_f32_64x32x16_1x1x1_3_tnn_align1_bias_f32_relu
0.0,2468906,386,6396.1,6336.0,5952,7680,294.5,fmhaSm103aKernel_QkvBfloat16OBfloat16H128SeparateQkvDenseVarSeqQ128Kv128PersistentContext
0.0,2220941,1174,1891.8,1888.0,1184,3008,300.3,"void at_cuda_detail::cub::detail::reduce::DeviceReduceSingleTileKernel<at_cuda_detail::cub::detail::reduce::policy_hub<int, unsigned long long, cuda::std::__4::plus<void>>::Policy1000, int *, int *, int, cuda::std::__4::plus<void>, int, int, cuda::std::__4::__identity>(T2, T3, T4, T5, T6, T8)"
0.0,2214315,386,5736.6,6048.0,4096,7936,1174.1,"void at::native::index_elementwise_kernel<(int)128, (int)4, void at::native::gpu_index_kernel<void at::native::index_kernel_impl<at::native::OpaqueType<(int)8>>(at::TensorIteratorBase &, c10::ArrayRef<long>, c10::ArrayRef<long>)::[lambda(char *, const char *, long) (instance 1)]>(at::TensorIteratorBase &, c10::ArrayRef<long>, c10::ArrayRef<long>, const T1 &, bool)::[lambda(int) (instance 1)]>(long, T3)"
0.0,2124682,678,3133.7,3104.0,2944,3584,104.4,"void at::native::vectorized_elementwise_kernel<(int)8, at::native::CUDAFunctor_add<c10::Half>, std::array<char *, (unsigned long)3>>(int, T2, T3)"
0.0,1921605,193,9956.5,9856.0,9376,11904,465.6,"void at::native::<unnamed>::CatArrayBatchedCopy<at::native::<unnamed>::OpaqueType<(unsigned int)4>, unsigned int, (int)2, (int)64, (int)64>(T1 *, at::native::<unnamed>::CatArrInputTensorMetadata<T1, T2, T4, T5>, at::native::<unnamed>::TensorSizeStride<T2, (unsigned int)4>, int, T2)"
0.0,1698664,386,4400.7,4544.0,1152,8192,2933.6,"void at::native::<unnamed>::CatArrayBatchedCopy_vectorized<at::native::<unnamed>::OpaqueType<(unsigned int)4>, unsigned int, (int)2, (int)128, (int)1, (int)16, (int)4>(char *, at::native::<unnamed>::CatArrInputTensorMetadata<T1, T2, T4, T5>, at::native::<unnamed>::TensorSizeStride<T2, (unsigned int)4>, int, T2)"
0.0,1423558,339,4199.3,4192.0,3968,4448,81.8,"void at::native::vectorized_elementwise_kernel<(int)8, at::native::nan_to_num_kernel_cuda(at::TensorIteratorBase &, std::optional<double>, std::optional<double>, std::optional<double>)::[lambda() (instance 2)]::operator ()() const::[lambda() (instance 3)]::operator ()() const::[lambda(c10::Half) (instance 1)], std::array<char *, (unsigned long)2>>(int, T2, T3)"
0.0,1252579,386,3245.0,3104.0,2816,4320,340.7,triton_red_fused__fused_rms_norm_add_0
0.0,1220870,784,1557.2,1584.0,1120,2176,229.4,"void at::native::vectorized_elementwise_kernel<(int)4, void at::native::compare_scalar_kernel<float>(at::TensorIteratorBase &, at::native::<unnamed>::OpType, T1)::[lambda(float) (instance 1)], std::array<char *, (unsigned long)2>>(int, T2, T3)"
0.0,1189347,784,1517.0,1536.0,1056,2144,230.0,"void at::native::vectorized_elementwise_kernel<(int)4, at::native::CUDAFunctorOnOther_add<float>, std::array<char *, (unsigned long)2>>(int, T2, T3)"
0.0,1161061,386,3007.9,3040.0,2304,4064,435.3,triton_red_fused__fused_rms_norm_0
0.0,1066053,192,5552.4,5536.0,5248,6080,171.7,"void gemmSN_TN_kernel<float, (int)128, (int)16, (int)2, (int)4, (int)2, (int)2, (bool)1, cublasGemvTensorStridedBatched<const float>, cublasGemvTensorStridedBatched<const float>, cublasGemvTensorStridedBatched<float>>(cublasGemmSmallNParams<T9, T10, T11, T1>)"
0.0,986691,392,2517.1,2496.0,1952,3136,235.1,"void at::native::vectorized_elementwise_kernel<(int)4, at::native::BinaryFunctor<float, float, float, at::native::binary_internal::DivFunctor<float>>, std::array<char *, (unsigned long)3>>(int, T2, T3)"
0.0,911460,389,2343.1,2304.0,1696,3136,309.7,"void at::native::vectorized_elementwise_kernel<(int)4, at::native::<unnamed>::silu_kernel(at::TensorIteratorBase &)::[lambda() (instance 1)]::operator ()() const::[lambda() (instance 2)]::operator ()() const::[lambda(float) (instance 1)], std::array<char *, (unsigned long)2>>(int, T2, T3)"
0.0,841124,386,2179.1,2112.0,1760,2848,269.2,triton_per_fused__fused_rms_norm_split_with_sizes_view_0
0.0,798594,386,2068.9,2016.0,1760,2816,181.1,triton_per_fused__fused_rms_norm_split_with_sizes_view_1
0.0,787396,193,4079.8,4032.0,3296,4992,362.7,"void at_cuda_detail::cub::detail::select::DeviceSelectSweepKernel<at_cuda_detail::cub::detail::select::policy_hub<float, at_cuda_detail::cub::NullType, int, (bool)0, (at_cuda_detail::cub::SelectImpl)0>::Policy1000, const float *, at_cuda_detail::cub::NullType *, float *, long *, at_cuda_detail::cub::ScanTileState<int, (bool)1>, at_cuda_detail::cub::NullType, cuda::std::__4::equal_to<void>, int, at_cuda_detail::cub::detail::select::streaming_context_t<long, (bool)1>, (at_cuda_detail::cub::SelectImpl)0>(T2, T3, T4, T5, T6, T7, T8, T9, int, T10, at_cuda_detail::cub::detail::vsmem_t)"
0.0,759171,193,3933.5,3936.0,3040,5344,532.0,"void at_cuda_detail::cub::detail::scan::DeviceScanKernel<at_cuda_detail::cub::detail::scan::policy_hub<int, long, int, unsigned int, cuda::std::__4::plus<void>>::Policy1000, const int *, long *, at_cuda_detail::cub::ScanTileState<int, (bool)1>, cuda::std::__4::plus<void>, at_cuda_detail::cub::NullType, unsigned int, int, (bool)0, at_cuda_detail::cub::NullType>(T2, T3, T4, int, T5, T6, T7)"
0.0,698759,392,1782.5,1792.0,1312,2432,242.2,"void at::native::vectorized_elementwise_kernel<(int)4, at::native::BinaryFunctor<bool, bool, bool, at::native::BitwiseOrFunctor<bool>>, std::array<char *, (unsigned long)3>>(int, T2, T3)"
0.0,658627,386,1706.3,1760.0,1280,2208,180.3,"void at::native::vectorized_elementwise_kernel<(int)4, at::native::bitwise_not_kernel_cuda(at::TensorIteratorBase &)::[lambda(bool) (instance 1)], std::array<char *, (unsigned long)2>>(int, T2, T3)"
0.0,632450,193,3276.9,3232.0,3040,3936,156.1,"void at_cuda_detail::cub::detail::radix_sort::DeviceRadixSortHistogramKernel<at_cuda_detail::cub::detail::radix::policy_hub<float, at::cuda::cub::detail::OpaqueType<(int)8>, unsigned long long>::Policy1000, (at_cuda_detail::cub::SortOrder)0, float, unsigned long long, at_cuda_detail::cub::detail::identity_decomposer_t>(T4 *, const T3 *, T4, int, int, T5)"
0.0,440096,193,2280.3,2272.0,2016,2720,153.0,"void at::native::vectorized_elementwise_kernel<(int)2, at::native::AUnaryFunctor<long, long, long, at::native::binary_internal::MulFunctor<long>>, std::array<char *, (unsigned long)2>>(int, T2, T3)"
0.0,434273,204,2128.8,2064.0,1824,2656,206.4,"void at::native::vectorized_elementwise_kernel<(int)4, at::native::cos_kernel_cuda(at::TensorIteratorBase &)::[lambda() (instance 2)]::operator ()() const::[lambda() (instance 2)]::operator ()() const::[lambda(float) (instance 1)], std::array<char *, (unsigned long)2>>(int, T2, T3)"
0.0,433730,193,2247.3,2240.0,1984,2560,112.1,"void at::native::vectorized_elementwise_kernel<(int)2, at::native::<unnamed>::launch_clamp_scalar(at::TensorIteratorBase &, c10::Scalar, c10::Scalar, at::native::detail::ClampLimits)::[lambda() (instance 1)]::operator ()() const::[lambda() (instance 4)]::operator ()() const::[lambda(long) (instance 1)], std::array<char *, (unsigned long)2>>(int, T2, T3)"
0.0,426339,204,2089.9,2016.0,1664,2784,289.8,"void at::native::vectorized_elementwise_kernel<(int)4, at::native::sin_kernel_cuda(at::TensorIteratorBase &)::[lambda() (instance 2)]::operator ()() const::[lambda() (instance 2)]::operator ()() const::[lambda(float) (instance 1)], std::array<char *, (unsigned long)2>>(int, T2, T3)"
0.0,388832,193,2014.7,2048.0,1536,2720,249.5,"void at::native::vectorized_elementwise_kernel<(int)4, at::native::exp_kernel_cuda(at::TensorIteratorBase &)::[lambda() (instance 2)]::operator ()() const::[lambda() (instance 2)]::operator ()() const::[lambda(float) (instance 1)], std::array<char *, (unsigned long)2>>(int, T2, T3)"
0.0,374210,193,1938.9,1952.0,1760,2208,88.8,"at::native::internal::<unnamed>::scatter_kernel(long, const long *, const long *, long *)"
0.0,373602,193,1935.8,1952.0,1760,2144,83.3,"void at::native::internal::<unnamed>::adjacent_difference_kernel<const float *>(long, T1, int *)"
0.0,351778,193,1822.7,1792.0,1600,2176,109.9,"void at::native::vectorized_elementwise_kernel<(int)2, at::native::CUDAFunctor_add<long>, std::array<char *, (unsigned long)3>>(int, T2, T3)"
0.0,347202,193,1799.0,1824.0,1312,2464,249.5,"void at::native::vectorized_elementwise_kernel<(int)4, at::native::AUnaryFunctor<float, float, float, at::native::binary_internal::MulFunctor<float>>, std::array<char *, (unsigned long)2>>(int, T2, T3)"
0.0,345217,193,1788.7,1824.0,1344,2432,248.5,"void at::native::vectorized_elementwise_kernel<(int)4, at::native::BUnaryFunctor<float, float, float, at::native::binary_internal::MulFunctor<float>>, std::array<char *, (unsigned long)2>>(int, T2, T3)"
0.0,323329,193,1675.3,1664.0,1344,2176,189.1,"void at_cuda_detail::cub::detail::radix_sort::DeviceRadixSortExclusiveSumKernel<at_cuda_detail::cub::detail::radix::policy_hub<float, at::cuda::cub::detail::OpaqueType<(int)8>, unsigned long long>::Policy1000, unsigned long long>(T2 *)"
0.0,301603,193,1562.7,1600.0,1120,2272,240.8,"void <unnamed>::elementwise_kernel_with_index<int, at::native::arange_cuda_out(const c10::Scalar &, const c10::Scalar &, const c10::Scalar &, at::Tensor &)::[lambda() (instance 1)]::operator ()() const::[lambda() (instance 7)]::operator ()() const::[lambda(long) (instance 1)]>(T1, T2, function_traits<T2>::result_type *)"
0.0,291968,195,1497.3,1472.0,1280,5120,291.6,"void at::native::vectorized_elementwise_kernel<(int)4, at::native::FillFunctor<float>, std::array<char *, (unsigned long)1>>(int, T2, T3)"
0.0,281793,192,1467.7,1472.0,1248,1824,122.4,"void scal_kernel<float, float, (int)1, (bool)1, (int)6, (int)5, (int)5, (int)3>(cublasTransposeParams<T2>, const T1 *, T1 *, const T2 *)"
0.0,268416,27,9941.3,2400.0,2112,20864,8795.5,"void at::native::elementwise_kernel<(int)128, (int)2, void at::native::gpu_kernel_impl_nocast<at::native::direct_copy_kernel_cuda(at::TensorIteratorBase &)::[lambda() (instance 3)]::operator ()() const::[lambda() (instance 7)]::operator ()() const::[lambda(float) (instance 1)]>(at::TensorIteratorBase &, const T1 &)::[lambda(int) (instance 1)]>(int, T3)"
0.0,241632,193,1252.0,1280.0,864,1856,217.5,"void at_cuda_detail::cub::detail::scan::DeviceCompactInitKernel<at_cuda_detail::cub::ScanTileState<int, (bool)1>, long *>(T1, int, T2)"
0.0,241472,193,1251.2,1280.0,832,1792,220.6,"void at_cuda_detail::cub::detail::scan::DeviceScanInitKernel<at_cuda_detail::cub::ScanTileState<int, (bool)1>>(T1, int)"
0.0,150944,14,10781.7,9984.0,9600,13920,1687.5,"void at::native::elementwise_kernel<(int)128, (int)2, void at::native::gpu_kernel_impl_nocast<at::native::CUDAFunctor_add<float>>(at::TensorIteratorBase &, const T1 &)::[lambda(int) (instance 1)]>(int, T3)"
0.0,116194,11,10563.1,10592.0,10272,10817,139.2,void cutlass::Kernel2<cutlass_80_simt_sgemm_64x128_8x5_tt_align1>(T1::Params)
0.0,100736,8,12592.0,12576.0,12256,12896,217.7,"void at::native::<unnamed>::vectorized_layer_norm_kernel<float, float, (bool)0>(int, T2, const T1 *, const T1 *, const T1 *, T2 *, T2 *, T1 *)"
0.0,72192,44,1640.7,1632.0,1216,2208,254.4,"void at::native::vectorized_elementwise_kernel<(int)8, at::native::AUnaryFunctor<c10::Half, c10::Half, c10::Half, at::native::binary_internal::MulFunctor<float>>, std::array<char *, (unsigned long)2>>(int, T2, T3)"
0.0,51905,33,1572.9,1632.0,1248,1984,228.4,"void at::native::vectorized_elementwise_kernel<(int)8, at::native::CUDAFunctorOnSelf_add<c10::Half>, std::array<char *, (unsigned long)2>>(int, T2, T3)"
0.0,51456,33,1559.3,1600.0,1216,1952,220.1,"void at::native::vectorized_elementwise_kernel<(int)8, at::native::BUnaryFunctor<c10::Half, c10::Half, c10::Half, at::native::binary_internal::MulFunctor<float>>, std::array<char *, (unsigned long)2>>(int, T2, T3)"
0.0,47328,11,4302.5,4512.0,3424,4896,557.8,"void at::native::elementwise_kernel<(int)128, (int)4, void at::native::gpu_kernel_impl_nocast<at::native::float16_copy_kernel_cuda(at::TensorIteratorBase &)::[lambda(float) (instance 1)]>(at::TensorIteratorBase &, const T1 &)::[lambda(int) (instance 1)]>(int, T3)"
0.0,41760,33,1265.5,1344.0,960,1696,210.2,"void <unnamed>::elementwise_kernel_with_index<int, at::native::arange_cuda_out(const c10::Scalar &, const c10::Scalar &, const c10::Scalar &, at::Tensor &)::[lambda() (instance 1)]::operator ()() const::[lambda() (instance 8)]::operator ()() const::[lambda(long) (instance 1)]>(T1, T2, function_traits<T2>::result_type *)"
0.0,36672,11,3333.8,3328.0,3072,3584,160.5,"void at::native::elementwise_kernel<(int)128, (int)4, void at::native::gpu_kernel_impl_nocast<at::native::CUDAFunctor_add<c10::Half>>(at::TensorIteratorBase &, const T1 &)::[lambda(int) (instance 1)]>(int, T3)"
0.0,29056,11,2641.5,2592.0,2464,2880,124.2,nvjet_sm103_hsh_64x8_64x16_2x4_h_bz_NNT
0.0,27584,22,1253.8,1168.0,960,1696,247.6,"void at::native::vectorized_elementwise_kernel<(int)8, at::native::FillFunctor<c10::Half>, std::array<char *, (unsigned long)1>>(int, T2, T3)"
0.0,24160,1,24160.0,24160.0,24160,24160,0.0,"std::enable_if<T7, void>::type internal::gemvx::kernel<int, int, float, float, float, float, (bool)1, (bool)1, (bool)1, (bool)0, (int)7, (bool)0, cublasGemvParamsEx<int, cublasGemvTensorStridedBatched<const float>, cublasGemvTensorStridedBatched<const float>, cublasGemvTensorStridedBatched<float>, float>>(T13)"
0.0,19936,11,1812.4,1792.0,1728,1888,61.2,"void at::native::<unnamed>::CatArrayBatchedCopy_alignedK_contig<at::native::<unnamed>::OpaqueType<(unsigned int)2>, unsigned int, (int)3, (int)128, (int)1, (int)8>(T1 *, at::native::<unnamed>::CatArrInputTensorMetadata<T1, T2, T4, T5>, at::native::<unnamed>::TensorSizeStride<T2, (unsigned int)4>, int, T2)"
0.0,4352,1,4352.0,4352.0,4352,4352,0.0,"void gemv2T_kernel_val<int, int, float, float, float, float, (int)128, (int)16, (int)2, (int)2, (bool)0, (bool)1, cublasGemvParamsEx<int, cublasGemvTensorStridedBatched<const float>, cublasGemvTensorStridedBatched<const float>, cublasGemvTensorStridedBatched<float>, float>>(T13, T6, T6)"
